[
{
    "fields": {
        "model": "logentry",
        "name": "log entry",
        "app_label": "admin"
    },
    "model": "contenttypes.contenttype",
    "pk": 1
},
{
    "fields": {
        "model": "permission",
        "name": "permission",
        "app_label": "auth"
    },
    "model": "contenttypes.contenttype",
    "pk": 2
},
{
    "fields": {
        "model": "group",
        "name": "group",
        "app_label": "auth"
    },
    "model": "contenttypes.contenttype",
    "pk": 3
},
{
    "fields": {
        "model": "user",
        "name": "user",
        "app_label": "auth"
    },
    "model": "contenttypes.contenttype",
    "pk": 4
},
{
    "fields": {
        "model": "contenttype",
        "name": "content type",
        "app_label": "contenttypes"
    },
    "model": "contenttypes.contenttype",
    "pk": 5
},
{
    "fields": {
        "model": "session",
        "name": "session",
        "app_label": "sessions"
    },
    "model": "contenttypes.contenttype",
    "pk": 6
},
{
    "fields": {
        "model": "usuario",
        "name": "usuario",
        "app_label": "usuarios"
    },
    "model": "contenttypes.contenttype",
    "pk": 7
},
{
    "fields": {
        "model": "cliente",
        "name": "cliente",
        "app_label": "clientes"
    },
    "model": "contenttypes.contenttype",
    "pk": 8
},
{
    "fields": {
        "model": "proyecto",
        "name": "proyecto",
        "app_label": "proyectos"
    },
    "model": "contenttypes.contenttype",
    "pk": 9
},
{
    "fields": {
        "model": "rolproyecto",
        "name": "Rol de Proyecto",
        "app_label": "roles_proyecto"
    },
    "model": "contenttypes.contenttype",
    "pk": 10
},
{
    "fields": {
        "model": "rolproyecto_proyecto",
        "name": "rol proyecto_ proyecto",
        "app_label": "roles_proyecto"
    },
    "model": "contenttypes.contenttype",
    "pk": 11
},
{
    "fields": {
        "model": "estado",
        "name": "estado",
        "app_label": "flujos"
    },
    "model": "contenttypes.contenttype",
    "pk": 12
},
{
    "fields": {
        "model": "actividad",
        "name": "actividad",
        "app_label": "flujos"
    },
    "model": "contenttypes.contenttype",
    "pk": 13
},
{
    "fields": {
        "model": "actividadflujo",
        "name": "actividad flujo",
        "app_label": "flujos"
    },
    "model": "contenttypes.contenttype",
    "pk": 14
},
{
    "fields": {
        "model": "actividadflujoplantilla",
        "name": "actividad flujo plantilla",
        "app_label": "flujos"
    },
    "model": "contenttypes.contenttype",
    "pk": 15
},
{
    "fields": {
        "model": "plantillaflujo",
        "name": "plantilla flujo",
        "app_label": "flujos"
    },
    "model": "contenttypes.contenttype",
    "pk": 16
},
{
    "fields": {
        "model": "flujo",
        "name": "flujo",
        "app_label": "flujos"
    },
    "model": "contenttypes.contenttype",
    "pk": 17
},
{
    "fields": {
        "model": "userstory",
        "name": "user story",
        "app_label": "user_stories"
    },
    "model": "contenttypes.contenttype",
    "pk": 18
},
{
    "fields": {
        "model": "historialuserstory",
        "name": "historial user story",
        "app_label": "user_stories"
    },
    "model": "contenttypes.contenttype",
    "pk": 19
},
{
    "fields": {
        "model": "userstorydetalle",
        "name": "user story detalle",
        "app_label": "user_stories"
    },
    "model": "contenttypes.contenttype",
    "pk": 20
},
{
    "fields": {
        "model": "tarea",
        "name": "tarea",
        "app_label": "user_stories"
    },
    "model": "contenttypes.contenttype",
    "pk": 21
},
{
    "fields": {
        "model": "archivo",
        "name": "archivo",
        "app_label": "user_stories"
    },
    "model": "contenttypes.contenttype",
    "pk": 22
},
{
    "fields": {
        "model": "nota",
        "name": "nota",
        "app_label": "user_stories"
    },
    "model": "contenttypes.contenttype",
    "pk": 23
},
{
    "fields": {
        "model": "adjuntofilemodel",
        "name": "adjunto file model",
        "app_label": "user_stories"
    },
    "model": "contenttypes.contenttype",
    "pk": 24
},
{
    "fields": {
        "model": "adjunto",
        "name": "adjunto",
        "app_label": "user_stories"
    },
    "model": "contenttypes.contenttype",
    "pk": 25
},
{
    "fields": {
        "model": "sprint",
        "name": "sprint",
        "app_label": "sprints"
    },
    "model": "contenttypes.contenttype",
    "pk": 26
},
{
    "fields": {
        "expire_date": "2015-12-10T18:28:25.544",
        "session_data": "MjVmYTNkYzJmYWIxMjUxMThkMGI3MDJkZTJhMGY5ZjU0ZTk2NjcyNjp7Il9hdXRoX3VzZXJfaGFzaCI6IjkzMzZhODg5MDI2ZDFmNWE4NDQ2MTIwNzgyODdhMzgwNjJlNzM2ZmMiLCJfYXV0aF91c2VyX2JhY2tlbmQiOiJkamFuZ28uY29udHJpYi5hdXRoLmJhY2tlbmRzLk1vZGVsQmFja2VuZCIsIl9hdXRoX3VzZXJfaWQiOjh9"
    },
    "model": "sessions.session",
    "pk": "013imizt83wmzgegrqr3xt5pjux56738"
},
{
    "fields": {
        "expire_date": "2015-12-11T13:20:47.946",
        "session_data": "Nzk5NjQ2Yzc0ZjA3NDAyMzdjM2E0MjBjYTA5N2FkN2Y2MWQyYjU0YTp7Il9hdXRoX3VzZXJfaGFzaCI6IjI0MmQ4NGMwMGUyYzZmOWFiOTQ1ZjMzNGFiZmI5NTYxZTY3MGFkOWMiLCJfYXV0aF91c2VyX2JhY2tlbmQiOiJkamFuZ28uY29udHJpYi5hdXRoLmJhY2tlbmRzLk1vZGVsQmFja2VuZCIsIl9hdXRoX3VzZXJfaWQiOjF9"
    },
    "model": "sessions.session",
    "pk": "30wijvfw6tbqywf4nih6fuurpkl24uqj"
},
{
    "fields": {
        "expire_date": "2015-12-25T17:19:54.367",
        "session_data": "YjNjNjgwYzg2ZWFjZWY4NzAxYjE0ZmZlNzQyZTk2ZDRmZTc2ZWNkMTp7fQ=="
    },
    "model": "sessions.session",
    "pk": "6uxx9wvy8w717ntat5r3ogu2u4pxwrpo"
},
{
    "fields": {
        "expire_date": "2015-12-10T18:11:09.454",
        "session_data": "YzA3MGMxODU4YWU5ZDNjYzU0ZjNiNDRiZTlkNWI5ODBmNjdmNWRiNjp7Il9hdXRoX3VzZXJfaGFzaCI6IjEzMDE0ODdmMTJkMjczNzQ4ZGY0ZTQ4MzhlYzNlM2JlMWZmYjY4MmUiLCJfYXV0aF91c2VyX2JhY2tlbmQiOiJkamFuZ28uY29udHJpYi5hdXRoLmJhY2tlbmRzLk1vZGVsQmFja2VuZCIsIl9hdXRoX3VzZXJfaWQiOjV9"
    },
    "model": "sessions.session",
    "pk": "gktgn7xqvxvfq6ajya2uvmwepu7ssvyi"
},
{
    "fields": {
        "expire_date": "2015-12-03T23:01:22.171",
        "session_data": "YjNjNjgwYzg2ZWFjZWY4NzAxYjE0ZmZlNzQyZTk2ZDRmZTc2ZWNkMTp7fQ=="
    },
    "model": "sessions.session",
    "pk": "ioxse0ccz5n3mk51pzh6tsji5uo2gk0d"
},
{
    "fields": {
        "expire_date": "2015-11-12T19:32:54.234",
        "session_data": "YzhkZWNiZmU3NjNlNTY4YTc3ZjVmMmI1YjU4ZmJlZDA4OTE4ZTVjNjp7Il9hdXRoX3VzZXJfaGFzaCI6ImYzNjJhMjJkM2FkNzU2MjY4MGVhZmRkMDdmN2VkN2JlZDIyZTQ0NTIiLCJfYXV0aF91c2VyX2JhY2tlbmQiOiJkamFuZ28uY29udHJpYi5hdXRoLmJhY2tlbmRzLk1vZGVsQmFja2VuZCIsIl9hdXRoX3VzZXJfaWQiOjF9"
    },
    "model": "sessions.session",
    "pk": "knaa77e9cgqh2vt2v85j6m0buekpyiw4"
},
{
    "fields": {
        "expire_date": "2015-12-07T13:35:15.933",
        "session_data": "MDVkYzk5ZmZmZDExZmVhMTEwZWFjYjQ3NmVmMDk4ZWUzMDU0NmUzODp7Il9hdXRoX3VzZXJfaGFzaCI6IjMyNGFiMDUzYWZiYTg3MmJiMDRjYzg2ZjNjNTU3OWQ3MWIzNmQzZjUiLCJfYXV0aF91c2VyX2JhY2tlbmQiOiJkamFuZ28uY29udHJpYi5hdXRoLmJhY2tlbmRzLk1vZGVsQmFja2VuZCIsIl9hdXRoX3VzZXJfaWQiOjExfQ=="
    },
    "model": "sessions.session",
    "pk": "ledodtip6gyln8ysaq21ctwane932gei"
},
{
    "fields": {
        "expire_date": "2015-12-11T16:23:10.720",
        "session_data": "NjY3OWNiMDA5MjMwZTc0NmRhNmZjYjZkYjU5YjNhYTUzNWZhZTg2ZDp7Il9hdXRoX3VzZXJfaGFzaCI6IjFkODRiYmU5ZWNlZDA0ZmUwNDEzMjY2Yjk2MzIxNDk3MzlmNDFmMjEiLCJfYXV0aF91c2VyX2JhY2tlbmQiOiJkamFuZ28uY29udHJpYi5hdXRoLmJhY2tlbmRzLk1vZGVsQmFja2VuZCIsIl9hdXRoX3VzZXJfaWQiOjJ9"
    },
    "model": "sessions.session",
    "pk": "mefte93iee6uzyy1ltu2spp1t0ics600"
},
{
    "fields": {
        "expire_date": "2015-11-24T18:20:08.565",
        "session_data": "MDVkYzk5ZmZmZDExZmVhMTEwZWFjYjQ3NmVmMDk4ZWUzMDU0NmUzODp7Il9hdXRoX3VzZXJfaGFzaCI6IjMyNGFiMDUzYWZiYTg3MmJiMDRjYzg2ZjNjNTU3OWQ3MWIzNmQzZjUiLCJfYXV0aF91c2VyX2JhY2tlbmQiOiJkamFuZ28uY29udHJpYi5hdXRoLmJhY2tlbmRzLk1vZGVsQmFja2VuZCIsIl9hdXRoX3VzZXJfaWQiOjExfQ=="
    },
    "model": "sessions.session",
    "pk": "y03v5mnr13eludqzydvd62xyqa8xl0vm"
},
{
    "fields": {
        "descripcion": "Empresa estatal de telefonia",
        "nombre": "COPACO",
        "telefono": "021111111",
        "correoElectronico": "copaco@copaco.com.py",
        "direccion": "Alberdi, 531"
    },
    "model": "clientes.cliente",
    "pk": 1
},
{
    "fields": {
        "descripcion": "Centro cultural",
        "nombre": "ICPA GZ",
        "telefono": "021209060",
        "correoElectronico": "direccion@icpa-gz.org.py",
        "direccion": "Juan de Salazar, 310"
    },
    "model": "clientes.cliente",
    "pk": 2
},
{
    "fields": {
        "descripcion": "Empresa de transporte y encomiendas",
        "nombre": "RYSA",
        "telefono": "021557201/10",
        "correoElectronico": "correo@rysa.com.py",
        "direccion": "Rca. Argentina, esq. Paso de Patria"
    },
    "model": "clientes.cliente",
    "pk": 3
},
{
    "fields": {
        "nombre": "To do"
    },
    "model": "flujos.estado",
    "pk": 1
},
{
    "fields": {
        "nombre": "Doing"
    },
    "model": "flujos.estado",
    "pk": 2
},
{
    "fields": {
        "nombre": "Done"
    },
    "model": "flujos.estado",
    "pk": 3
},
{
    "fields": {
        "nombre": "To do"
    },
    "model": "flujos.estado",
    "pk": 4
},
{
    "fields": {
        "nombre": "Doing"
    },
    "model": "flujos.estado",
    "pk": 5
},
{
    "fields": {
        "nombre": "Done"
    },
    "model": "flujos.estado",
    "pk": 6
},
{
    "fields": {
        "nombre": "To do"
    },
    "model": "flujos.estado",
    "pk": 7
},
{
    "fields": {
        "nombre": "Doing"
    },
    "model": "flujos.estado",
    "pk": 8
},
{
    "fields": {
        "nombre": "Done"
    },
    "model": "flujos.estado",
    "pk": 9
},
{
    "fields": {
        "nombre": "To do"
    },
    "model": "flujos.estado",
    "pk": 10
},
{
    "fields": {
        "nombre": "Doing"
    },
    "model": "flujos.estado",
    "pk": 11
},
{
    "fields": {
        "nombre": "Done"
    },
    "model": "flujos.estado",
    "pk": 12
},
{
    "fields": {
        "nombre": "To do"
    },
    "model": "flujos.estado",
    "pk": 13
},
{
    "fields": {
        "nombre": "Doing"
    },
    "model": "flujos.estado",
    "pk": 14
},
{
    "fields": {
        "nombre": "Done"
    },
    "model": "flujos.estado",
    "pk": 15
},
{
    "fields": {
        "nombre": "To do"
    },
    "model": "flujos.estado",
    "pk": 16
},
{
    "fields": {
        "nombre": "Doing"
    },
    "model": "flujos.estado",
    "pk": 17
},
{
    "fields": {
        "nombre": "Done"
    },
    "model": "flujos.estado",
    "pk": 18
},
{
    "fields": {
        "nombre": "To do"
    },
    "model": "flujos.estado",
    "pk": 19
},
{
    "fields": {
        "nombre": "Doing"
    },
    "model": "flujos.estado",
    "pk": 20
},
{
    "fields": {
        "nombre": "Done"
    },
    "model": "flujos.estado",
    "pk": 21
},
{
    "fields": {
        "nombre": "To do"
    },
    "model": "flujos.estado",
    "pk": 22
},
{
    "fields": {
        "nombre": "Doing"
    },
    "model": "flujos.estado",
    "pk": 23
},
{
    "fields": {
        "nombre": "Done"
    },
    "model": "flujos.estado",
    "pk": 24
},
{
    "fields": {
        "nombre": "To do"
    },
    "model": "flujos.estado",
    "pk": 25
},
{
    "fields": {
        "nombre": "Doing"
    },
    "model": "flujos.estado",
    "pk": 26
},
{
    "fields": {
        "nombre": "Done"
    },
    "model": "flujos.estado",
    "pk": 27
},
{
    "fields": {
        "nombre": "To do"
    },
    "model": "flujos.estado",
    "pk": 28
},
{
    "fields": {
        "nombre": "Doing"
    },
    "model": "flujos.estado",
    "pk": 29
},
{
    "fields": {
        "nombre": "Done"
    },
    "model": "flujos.estado",
    "pk": 30
},
{
    "fields": {
        "nombre": "To do"
    },
    "model": "flujos.estado",
    "pk": 31
},
{
    "fields": {
        "nombre": "Doing"
    },
    "model": "flujos.estado",
    "pk": 32
},
{
    "fields": {
        "nombre": "Done"
    },
    "model": "flujos.estado",
    "pk": 33
},
{
    "fields": {
        "nombre": "To do"
    },
    "model": "flujos.estado",
    "pk": 34
},
{
    "fields": {
        "nombre": "Doing"
    },
    "model": "flujos.estado",
    "pk": 35
},
{
    "fields": {
        "nombre": "Done"
    },
    "model": "flujos.estado",
    "pk": 36
},
{
    "fields": {
        "nombre": "To do"
    },
    "model": "flujos.estado",
    "pk": 37
},
{
    "fields": {
        "nombre": "Doing"
    },
    "model": "flujos.estado",
    "pk": 38
},
{
    "fields": {
        "nombre": "Done"
    },
    "model": "flujos.estado",
    "pk": 39
},
{
    "fields": {
        "nombre": "To do"
    },
    "model": "flujos.estado",
    "pk": 40
},
{
    "fields": {
        "nombre": "Doing"
    },
    "model": "flujos.estado",
    "pk": 41
},
{
    "fields": {
        "nombre": "Done"
    },
    "model": "flujos.estado",
    "pk": 42
},
{
    "fields": {
        "nombre": "To do"
    },
    "model": "flujos.estado",
    "pk": 43
},
{
    "fields": {
        "nombre": "Doing"
    },
    "model": "flujos.estado",
    "pk": 44
},
{
    "fields": {
        "nombre": "Done"
    },
    "model": "flujos.estado",
    "pk": 45
},
{
    "fields": {
        "nombre": "To do"
    },
    "model": "flujos.estado",
    "pk": 46
},
{
    "fields": {
        "nombre": "Doing"
    },
    "model": "flujos.estado",
    "pk": 47
},
{
    "fields": {
        "nombre": "Done"
    },
    "model": "flujos.estado",
    "pk": 48
},
{
    "fields": {
        "nombre": "To do"
    },
    "model": "flujos.estado",
    "pk": 49
},
{
    "fields": {
        "nombre": "Doing"
    },
    "model": "flujos.estado",
    "pk": 50
},
{
    "fields": {
        "nombre": "Done"
    },
    "model": "flujos.estado",
    "pk": 51
},
{
    "fields": {
        "nombre": "To do"
    },
    "model": "flujos.estado",
    "pk": 52
},
{
    "fields": {
        "nombre": "Doing"
    },
    "model": "flujos.estado",
    "pk": 53
},
{
    "fields": {
        "nombre": "Done"
    },
    "model": "flujos.estado",
    "pk": 54
},
{
    "fields": {
        "nombre": "To do"
    },
    "model": "flujos.estado",
    "pk": 55
},
{
    "fields": {
        "nombre": "Doing"
    },
    "model": "flujos.estado",
    "pk": 56
},
{
    "fields": {
        "nombre": "Done"
    },
    "model": "flujos.estado",
    "pk": 57
},
{
    "fields": {
        "nombre": "To do"
    },
    "model": "flujos.estado",
    "pk": 58
},
{
    "fields": {
        "nombre": "Doing"
    },
    "model": "flujos.estado",
    "pk": 59
},
{
    "fields": {
        "nombre": "Done"
    },
    "model": "flujos.estado",
    "pk": 60
},
{
    "fields": {
        "nombre": "To do"
    },
    "model": "flujos.estado",
    "pk": 61
},
{
    "fields": {
        "nombre": "Doing"
    },
    "model": "flujos.estado",
    "pk": 62
},
{
    "fields": {
        "nombre": "Done"
    },
    "model": "flujos.estado",
    "pk": 63
},
{
    "fields": {
        "nombre": "To do"
    },
    "model": "flujos.estado",
    "pk": 64
},
{
    "fields": {
        "nombre": "Doing"
    },
    "model": "flujos.estado",
    "pk": 65
},
{
    "fields": {
        "nombre": "Done"
    },
    "model": "flujos.estado",
    "pk": 66
},
{
    "fields": {
        "nombre": "To do"
    },
    "model": "flujos.estado",
    "pk": 67
},
{
    "fields": {
        "nombre": "Doing"
    },
    "model": "flujos.estado",
    "pk": 68
},
{
    "fields": {
        "nombre": "Done"
    },
    "model": "flujos.estado",
    "pk": 69
},
{
    "fields": {
        "nombre": "To do"
    },
    "model": "flujos.estado",
    "pk": 70
},
{
    "fields": {
        "nombre": "Doing"
    },
    "model": "flujos.estado",
    "pk": 71
},
{
    "fields": {
        "nombre": "Done"
    },
    "model": "flujos.estado",
    "pk": 72
},
{
    "fields": {
        "nombre": "To do"
    },
    "model": "flujos.estado",
    "pk": 73
},
{
    "fields": {
        "nombre": "Doing"
    },
    "model": "flujos.estado",
    "pk": 74
},
{
    "fields": {
        "nombre": "Done"
    },
    "model": "flujos.estado",
    "pk": 75
},
{
    "fields": {
        "nombre": "To do"
    },
    "model": "flujos.estado",
    "pk": 76
},
{
    "fields": {
        "nombre": "Doing"
    },
    "model": "flujos.estado",
    "pk": 77
},
{
    "fields": {
        "nombre": "Done"
    },
    "model": "flujos.estado",
    "pk": 78
},
{
    "fields": {
        "nombre": "To do"
    },
    "model": "flujos.estado",
    "pk": 79
},
{
    "fields": {
        "nombre": "Doing"
    },
    "model": "flujos.estado",
    "pk": 80
},
{
    "fields": {
        "nombre": "Done"
    },
    "model": "flujos.estado",
    "pk": 81
},
{
    "fields": {
        "nombre": "To do"
    },
    "model": "flujos.estado",
    "pk": 82
},
{
    "fields": {
        "nombre": "Doing"
    },
    "model": "flujos.estado",
    "pk": 83
},
{
    "fields": {
        "nombre": "Done"
    },
    "model": "flujos.estado",
    "pk": 84
},
{
    "fields": {
        "nombre": "To do"
    },
    "model": "flujos.estado",
    "pk": 85
},
{
    "fields": {
        "nombre": "Doing"
    },
    "model": "flujos.estado",
    "pk": 86
},
{
    "fields": {
        "nombre": "Done"
    },
    "model": "flujos.estado",
    "pk": 87
},
{
    "fields": {
        "nombre": "To do"
    },
    "model": "flujos.estado",
    "pk": 88
},
{
    "fields": {
        "nombre": "Doing"
    },
    "model": "flujos.estado",
    "pk": 89
},
{
    "fields": {
        "nombre": "Done"
    },
    "model": "flujos.estado",
    "pk": 90
},
{
    "fields": {
        "nombre": "To do"
    },
    "model": "flujos.estado",
    "pk": 91
},
{
    "fields": {
        "nombre": "Doing"
    },
    "model": "flujos.estado",
    "pk": 92
},
{
    "fields": {
        "nombre": "Done"
    },
    "model": "flujos.estado",
    "pk": 93
},
{
    "fields": {
        "nombre": "To do"
    },
    "model": "flujos.estado",
    "pk": 94
},
{
    "fields": {
        "nombre": "Doing"
    },
    "model": "flujos.estado",
    "pk": 95
},
{
    "fields": {
        "nombre": "Done"
    },
    "model": "flujos.estado",
    "pk": 96
},
{
    "fields": {
        "nombre": "To do"
    },
    "model": "flujos.estado",
    "pk": 97
},
{
    "fields": {
        "nombre": "Doing"
    },
    "model": "flujos.estado",
    "pk": 98
},
{
    "fields": {
        "nombre": "Done"
    },
    "model": "flujos.estado",
    "pk": 99
},
{
    "fields": {
        "nombre": "To do"
    },
    "model": "flujos.estado",
    "pk": 100
},
{
    "fields": {
        "nombre": "Doing"
    },
    "model": "flujos.estado",
    "pk": 101
},
{
    "fields": {
        "nombre": "Done"
    },
    "model": "flujos.estado",
    "pk": 102
},
{
    "fields": {
        "nombre": "To do"
    },
    "model": "flujos.estado",
    "pk": 103
},
{
    "fields": {
        "nombre": "Doing"
    },
    "model": "flujos.estado",
    "pk": 104
},
{
    "fields": {
        "nombre": "Done"
    },
    "model": "flujos.estado",
    "pk": 105
},
{
    "fields": {
        "nombre": "To do"
    },
    "model": "flujos.estado",
    "pk": 106
},
{
    "fields": {
        "nombre": "Doing"
    },
    "model": "flujos.estado",
    "pk": 107
},
{
    "fields": {
        "nombre": "Done"
    },
    "model": "flujos.estado",
    "pk": 108
},
{
    "fields": {
        "nombre": "To do"
    },
    "model": "flujos.estado",
    "pk": 109
},
{
    "fields": {
        "nombre": "Doing"
    },
    "model": "flujos.estado",
    "pk": 110
},
{
    "fields": {
        "nombre": "Done"
    },
    "model": "flujos.estado",
    "pk": 111
},
{
    "fields": {
        "nombre": "To do"
    },
    "model": "flujos.estado",
    "pk": 112
},
{
    "fields": {
        "nombre": "Doing"
    },
    "model": "flujos.estado",
    "pk": 113
},
{
    "fields": {
        "nombre": "Done"
    },
    "model": "flujos.estado",
    "pk": 114
},
{
    "fields": {
        "nombre": "To do"
    },
    "model": "flujos.estado",
    "pk": 115
},
{
    "fields": {
        "nombre": "Doing"
    },
    "model": "flujos.estado",
    "pk": 116
},
{
    "fields": {
        "nombre": "Done"
    },
    "model": "flujos.estado",
    "pk": 117
},
{
    "fields": {
        "nombre": "To do"
    },
    "model": "flujos.estado",
    "pk": 118
},
{
    "fields": {
        "nombre": "Doing"
    },
    "model": "flujos.estado",
    "pk": 119
},
{
    "fields": {
        "nombre": "Done"
    },
    "model": "flujos.estado",
    "pk": 120
},
{
    "fields": {
        "nombre": "To do"
    },
    "model": "flujos.estado",
    "pk": 121
},
{
    "fields": {
        "nombre": "Doing"
    },
    "model": "flujos.estado",
    "pk": 122
},
{
    "fields": {
        "nombre": "Done"
    },
    "model": "flujos.estado",
    "pk": 123
},
{
    "fields": {
        "nombre": "To do"
    },
    "model": "flujos.estado",
    "pk": 124
},
{
    "fields": {
        "nombre": "Doing"
    },
    "model": "flujos.estado",
    "pk": 125
},
{
    "fields": {
        "nombre": "Done"
    },
    "model": "flujos.estado",
    "pk": 126
},
{
    "fields": {
        "nombre": "To do"
    },
    "model": "flujos.estado",
    "pk": 127
},
{
    "fields": {
        "nombre": "Doing"
    },
    "model": "flujos.estado",
    "pk": 128
},
{
    "fields": {
        "nombre": "Done"
    },
    "model": "flujos.estado",
    "pk": 129
},
{
    "fields": {
        "nombre": "To do"
    },
    "model": "flujos.estado",
    "pk": 130
},
{
    "fields": {
        "nombre": "Doing"
    },
    "model": "flujos.estado",
    "pk": 131
},
{
    "fields": {
        "nombre": "Done"
    },
    "model": "flujos.estado",
    "pk": 132
},
{
    "fields": {
        "nombre": "To do"
    },
    "model": "flujos.estado",
    "pk": 133
},
{
    "fields": {
        "nombre": "Doing"
    },
    "model": "flujos.estado",
    "pk": 134
},
{
    "fields": {
        "nombre": "Done"
    },
    "model": "flujos.estado",
    "pk": 135
},
{
    "fields": {
        "nombre": "To do"
    },
    "model": "flujos.estado",
    "pk": 136
},
{
    "fields": {
        "nombre": "Doing"
    },
    "model": "flujos.estado",
    "pk": 137
},
{
    "fields": {
        "nombre": "Done"
    },
    "model": "flujos.estado",
    "pk": 138
},
{
    "fields": {
        "nombre": "To do"
    },
    "model": "flujos.estado",
    "pk": 139
},
{
    "fields": {
        "nombre": "Doing"
    },
    "model": "flujos.estado",
    "pk": 140
},
{
    "fields": {
        "nombre": "Done"
    },
    "model": "flujos.estado",
    "pk": 141
},
{
    "fields": {
        "nombre": "To do"
    },
    "model": "flujos.estado",
    "pk": 142
},
{
    "fields": {
        "nombre": "Doing"
    },
    "model": "flujos.estado",
    "pk": 143
},
{
    "fields": {
        "nombre": "Done"
    },
    "model": "flujos.estado",
    "pk": 144
},
{
    "fields": {
        "nombre": "To do"
    },
    "model": "flujos.estado",
    "pk": 145
},
{
    "fields": {
        "nombre": "Doing"
    },
    "model": "flujos.estado",
    "pk": 146
},
{
    "fields": {
        "nombre": "Done"
    },
    "model": "flujos.estado",
    "pk": 147
},
{
    "fields": {
        "nombre": "To do"
    },
    "model": "flujos.estado",
    "pk": 148
},
{
    "fields": {
        "nombre": "Doing"
    },
    "model": "flujos.estado",
    "pk": 149
},
{
    "fields": {
        "nombre": "Done"
    },
    "model": "flujos.estado",
    "pk": 150
},
{
    "fields": {
        "nombre": "To do"
    },
    "model": "flujos.estado",
    "pk": 151
},
{
    "fields": {
        "nombre": "Doing"
    },
    "model": "flujos.estado",
    "pk": 152
},
{
    "fields": {
        "nombre": "Done"
    },
    "model": "flujos.estado",
    "pk": 153
},
{
    "fields": {
        "nombre": "To do"
    },
    "model": "flujos.estado",
    "pk": 154
},
{
    "fields": {
        "nombre": "Doing"
    },
    "model": "flujos.estado",
    "pk": 155
},
{
    "fields": {
        "nombre": "Done"
    },
    "model": "flujos.estado",
    "pk": 156
},
{
    "fields": {
        "nombre": "To do"
    },
    "model": "flujos.estado",
    "pk": 157
},
{
    "fields": {
        "nombre": "Doing"
    },
    "model": "flujos.estado",
    "pk": 158
},
{
    "fields": {
        "nombre": "Done"
    },
    "model": "flujos.estado",
    "pk": 159
},
{
    "fields": {
        "nombre": "To do"
    },
    "model": "flujos.estado",
    "pk": 160
},
{
    "fields": {
        "nombre": "Doing"
    },
    "model": "flujos.estado",
    "pk": 161
},
{
    "fields": {
        "nombre": "Done"
    },
    "model": "flujos.estado",
    "pk": 162
},
{
    "fields": {
        "nombre": "To do"
    },
    "model": "flujos.estado",
    "pk": 163
},
{
    "fields": {
        "nombre": "Doing"
    },
    "model": "flujos.estado",
    "pk": 164
},
{
    "fields": {
        "nombre": "Done"
    },
    "model": "flujos.estado",
    "pk": 165
},
{
    "fields": {
        "nombre": "To do"
    },
    "model": "flujos.estado",
    "pk": 166
},
{
    "fields": {
        "nombre": "Doing"
    },
    "model": "flujos.estado",
    "pk": 167
},
{
    "fields": {
        "nombre": "Done"
    },
    "model": "flujos.estado",
    "pk": 168
},
{
    "fields": {
        "nombre": "To do"
    },
    "model": "flujos.estado",
    "pk": 169
},
{
    "fields": {
        "nombre": "Doing"
    },
    "model": "flujos.estado",
    "pk": 170
},
{
    "fields": {
        "nombre": "Done"
    },
    "model": "flujos.estado",
    "pk": 171
},
{
    "fields": {
        "nombre": "To do"
    },
    "model": "flujos.estado",
    "pk": 172
},
{
    "fields": {
        "nombre": "Doing"
    },
    "model": "flujos.estado",
    "pk": 173
},
{
    "fields": {
        "nombre": "Done"
    },
    "model": "flujos.estado",
    "pk": 174
},
{
    "fields": {
        "nombre": "To do"
    },
    "model": "flujos.estado",
    "pk": 175
},
{
    "fields": {
        "nombre": "Doing"
    },
    "model": "flujos.estado",
    "pk": 176
},
{
    "fields": {
        "nombre": "Done"
    },
    "model": "flujos.estado",
    "pk": 177
},
{
    "fields": {
        "nombre": "Actividad 1",
        "estados": [],
        "orden": 1
    },
    "model": "flujos.actividad",
    "pk": 1
},
{
    "fields": {
        "nombre": "Actividad 2",
        "estados": [],
        "orden": 2
    },
    "model": "flujos.actividad",
    "pk": 2
},
{
    "fields": {
        "nombre": "Actividad 3",
        "estados": [],
        "orden": 3
    },
    "model": "flujos.actividad",
    "pk": 3
},
{
    "fields": {
        "nombre": "Actividad 2",
        "estados": [],
        "orden": 1
    },
    "model": "flujos.actividad",
    "pk": 4
},
{
    "fields": {
        "nombre": "Actividad 3",
        "estados": [],
        "orden": 2
    },
    "model": "flujos.actividad",
    "pk": 5
},
{
    "fields": {
        "nombre": "Actividad 4",
        "estados": [],
        "orden": 3
    },
    "model": "flujos.actividad",
    "pk": 6
},
{
    "fields": {
        "nombre": "Actividad 5",
        "estados": [],
        "orden": 1
    },
    "model": "flujos.actividad",
    "pk": 7
},
{
    "fields": {
        "nombre": "Actividad 6",
        "estados": [],
        "orden": 2
    },
    "model": "flujos.actividad",
    "pk": 8
},
{
    "fields": {
        "nombre": "Actividad 7",
        "estados": [],
        "orden": 3
    },
    "model": "flujos.actividad",
    "pk": 9
},
{
    "fields": {
        "nombre": "Actividad 1",
        "estados": [
            106,
            107,
            108
        ],
        "orden": 1
    },
    "model": "flujos.actividad",
    "pk": 10
},
{
    "fields": {
        "nombre": "Actividad 2",
        "estados": [
            109,
            110,
            111
        ],
        "orden": 2
    },
    "model": "flujos.actividad",
    "pk": 11
},
{
    "fields": {
        "nombre": "Actividad 3",
        "estados": [
            112,
            113,
            114
        ],
        "orden": 3
    },
    "model": "flujos.actividad",
    "pk": 12
},
{
    "fields": {
        "nombre": "Actividad 2",
        "estados": [
            115,
            116,
            117
        ],
        "orden": 1
    },
    "model": "flujos.actividad",
    "pk": 13
},
{
    "fields": {
        "nombre": "Actividad 3",
        "estados": [
            118,
            119,
            120
        ],
        "orden": 2
    },
    "model": "flujos.actividad",
    "pk": 14
},
{
    "fields": {
        "nombre": "Actividad 4",
        "estados": [
            121,
            122,
            123
        ],
        "orden": 3
    },
    "model": "flujos.actividad",
    "pk": 15
},
{
    "fields": {
        "nombre": "Actividad 1",
        "estados": [
            124,
            125,
            126
        ],
        "orden": 1
    },
    "model": "flujos.actividad",
    "pk": 16
},
{
    "fields": {
        "nombre": "Actividad 2",
        "estados": [
            127,
            128,
            129
        ],
        "orden": 2
    },
    "model": "flujos.actividad",
    "pk": 17
},
{
    "fields": {
        "nombre": "Actividad 3",
        "estados": [
            130,
            131,
            132
        ],
        "orden": 3
    },
    "model": "flujos.actividad",
    "pk": 18
},
{
    "fields": {
        "nombre": "Actividad 2",
        "estados": [
            133,
            134,
            135
        ],
        "orden": 1
    },
    "model": "flujos.actividad",
    "pk": 19
},
{
    "fields": {
        "nombre": "Actividad 3",
        "estados": [
            136,
            137,
            138
        ],
        "orden": 2
    },
    "model": "flujos.actividad",
    "pk": 20
},
{
    "fields": {
        "nombre": "Actividad 4",
        "estados": [
            139,
            140,
            141
        ],
        "orden": 3
    },
    "model": "flujos.actividad",
    "pk": 21
},
{
    "fields": {
        "nombre": "Actividad 1",
        "estados": [
            142,
            143,
            144
        ],
        "orden": 1
    },
    "model": "flujos.actividad",
    "pk": 22
},
{
    "fields": {
        "nombre": "Actividad 2",
        "estados": [
            145,
            146,
            147
        ],
        "orden": 2
    },
    "model": "flujos.actividad",
    "pk": 23
},
{
    "fields": {
        "nombre": "Actividad 3",
        "estados": [
            148,
            149,
            150
        ],
        "orden": 3
    },
    "model": "flujos.actividad",
    "pk": 24
},
{
    "fields": {
        "nombre": "Actividad 2",
        "estados": [
            151,
            152,
            153
        ],
        "orden": 1
    },
    "model": "flujos.actividad",
    "pk": 25
},
{
    "fields": {
        "nombre": "Actividad 3",
        "estados": [
            154,
            155,
            156
        ],
        "orden": 2
    },
    "model": "flujos.actividad",
    "pk": 26
},
{
    "fields": {
        "nombre": "Actividad 4",
        "estados": [
            157,
            158,
            159
        ],
        "orden": 3
    },
    "model": "flujos.actividad",
    "pk": 27
},
{
    "fields": {
        "nombre": "Actividad 1",
        "estados": [
            160,
            161,
            162
        ],
        "orden": 1
    },
    "model": "flujos.actividad",
    "pk": 28
},
{
    "fields": {
        "nombre": "Actividad 2",
        "estados": [
            163,
            164,
            165
        ],
        "orden": 2
    },
    "model": "flujos.actividad",
    "pk": 29
},
{
    "fields": {
        "nombre": "Actividad 3",
        "estados": [
            166,
            167,
            168
        ],
        "orden": 3
    },
    "model": "flujos.actividad",
    "pk": 30
},
{
    "fields": {
        "nombre": "Actividad 1",
        "estados": [
            169,
            170,
            171
        ],
        "orden": 1
    },
    "model": "flujos.actividad",
    "pk": 31
},
{
    "fields": {
        "nombre": "Actividad 2",
        "estados": [
            172,
            173,
            174
        ],
        "orden": 2
    },
    "model": "flujos.actividad",
    "pk": 32
},
{
    "fields": {
        "nombre": "Actividad 3",
        "estados": [
            175,
            176,
            177
        ],
        "orden": 3
    },
    "model": "flujos.actividad",
    "pk": 33
},
{
    "fields": {
        "nombre": "Actividad 1",
        "estados": [],
        "orden": 0
    },
    "model": "flujos.actividadflujo",
    "pk": 1
},
{
    "fields": {
        "nombre": "Actividad 2",
        "estados": [],
        "orden": 0
    },
    "model": "flujos.actividadflujo",
    "pk": 2
},
{
    "fields": {
        "nombre": "Actividad 3",
        "estados": [],
        "orden": 0
    },
    "model": "flujos.actividadflujo",
    "pk": 3
},
{
    "fields": {
        "nombre": "Actividad 4",
        "estados": [],
        "orden": 0
    },
    "model": "flujos.actividadflujo",
    "pk": 4
},
{
    "fields": {
        "nombre": "Actividad 5",
        "estados": [],
        "orden": 0
    },
    "model": "flujos.actividadflujo",
    "pk": 5
},
{
    "fields": {
        "nombre": "Actividad 6",
        "estados": [],
        "orden": 0
    },
    "model": "flujos.actividadflujo",
    "pk": 6
},
{
    "fields": {
        "nombre": "Actividad 7",
        "estados": [],
        "orden": 0
    },
    "model": "flujos.actividadflujo",
    "pk": 7
},
{
    "fields": {
        "nombre": "Actividad 8",
        "estados": [],
        "orden": 0
    },
    "model": "flujos.actividadflujo",
    "pk": 8
},
{
    "fields": {
        "nombre": "Actividad 9",
        "estados": [],
        "orden": 0
    },
    "model": "flujos.actividadflujo",
    "pk": 9
},
{
    "fields": {
        "nombre": "Actividad 10",
        "estados": [],
        "orden": 0
    },
    "model": "flujos.actividadflujo",
    "pk": 10
},
{
    "fields": {
        "nombre": "Actividad 11",
        "estados": [],
        "orden": 0
    },
    "model": "flujos.actividadflujo",
    "pk": 11
},
{
    "fields": {
        "nombre": "Actividad 12",
        "estados": [],
        "orden": 0
    },
    "model": "flujos.actividadflujo",
    "pk": 12
},
{
    "fields": {
        "nombre": "Actividad 1",
        "estados": [],
        "orden": 1
    },
    "model": "flujos.actividadflujoplantilla",
    "pk": 1
},
{
    "fields": {
        "nombre": "Actividad 2",
        "estados": [],
        "orden": 2
    },
    "model": "flujos.actividadflujoplantilla",
    "pk": 2
},
{
    "fields": {
        "nombre": "Actividad 3",
        "estados": [],
        "orden": 3
    },
    "model": "flujos.actividadflujoplantilla",
    "pk": 3
},
{
    "fields": {
        "nombre": "Actividad 2",
        "estados": [],
        "orden": 1
    },
    "model": "flujos.actividadflujoplantilla",
    "pk": 4
},
{
    "fields": {
        "nombre": "Actividad 3",
        "estados": [],
        "orden": 2
    },
    "model": "flujos.actividadflujoplantilla",
    "pk": 5
},
{
    "fields": {
        "nombre": "Actividad 4",
        "estados": [],
        "orden": 3
    },
    "model": "flujos.actividadflujoplantilla",
    "pk": 6
},
{
    "fields": {
        "nombre": "Actividad 5",
        "estados": [],
        "orden": 1
    },
    "model": "flujos.actividadflujoplantilla",
    "pk": 7
},
{
    "fields": {
        "nombre": "Actividad 6",
        "estados": [],
        "orden": 2
    },
    "model": "flujos.actividadflujoplantilla",
    "pk": 8
},
{
    "fields": {
        "nombre": "Actividad 7",
        "estados": [],
        "orden": 3
    },
    "model": "flujos.actividadflujoplantilla",
    "pk": 9
},
{
    "fields": {
        "nombre": "Actividad 9",
        "estados": [],
        "orden": 1
    },
    "model": "flujos.actividadflujoplantilla",
    "pk": 10
},
{
    "fields": {
        "nombre": "Actividad 10",
        "estados": [],
        "orden": 2
    },
    "model": "flujos.actividadflujoplantilla",
    "pk": 11
},
{
    "fields": {
        "nombre": "Actividad 10",
        "estados": [],
        "orden": 1
    },
    "model": "flujos.actividadflujoplantilla",
    "pk": 12
},
{
    "fields": {
        "nombre": "Actividad 11",
        "estados": [],
        "orden": 2
    },
    "model": "flujos.actividadflujoplantilla",
    "pk": 13
},
{
    "fields": {
        "nombre": "Actividad 12",
        "estados": [],
        "orden": 3
    },
    "model": "flujos.actividadflujoplantilla",
    "pk": 14
},
{
    "fields": {
        "nombre": "Flujo 1",
        "actividades": [
            1,
            2,
            3
        ]
    },
    "model": "flujos.plantillaflujo",
    "pk": 1
},
{
    "fields": {
        "nombre": "Flujo 2",
        "actividades": [
            4,
            5,
            6
        ]
    },
    "model": "flujos.plantillaflujo",
    "pk": 2
},
{
    "fields": {
        "nombre": "Flujo 3",
        "actividades": [
            7,
            8,
            9
        ]
    },
    "model": "flujos.plantillaflujo",
    "pk": 3
},
{
    "fields": {
        "nombre": "Flujo 4",
        "actividades": [
            10,
            11
        ]
    },
    "model": "flujos.plantillaflujo",
    "pk": 4
},
{
    "fields": {
        "nombre": "Flujo 5",
        "actividades": [
            12,
            13,
            14
        ]
    },
    "model": "flujos.plantillaflujo",
    "pk": 5
},
{
    "fields": {
        "nombre": "Flujo 1",
        "actividades": [
            10,
            11,
            12
        ],
        "proyecto": 1
    },
    "model": "flujos.flujo",
    "pk": 4
},
{
    "fields": {
        "nombre": "Flujo 2",
        "actividades": [
            13,
            14,
            15
        ],
        "proyecto": 1
    },
    "model": "flujos.flujo",
    "pk": 5
},
{
    "fields": {
        "nombre": "Flujo 1",
        "actividades": [
            16,
            17,
            18
        ],
        "proyecto": 4
    },
    "model": "flujos.flujo",
    "pk": 6
},
{
    "fields": {
        "nombre": "Flujo 2",
        "actividades": [
            19,
            20,
            21
        ],
        "proyecto": 4
    },
    "model": "flujos.flujo",
    "pk": 7
},
{
    "fields": {
        "nombre": "Flujo 1",
        "actividades": [
            22,
            23,
            24
        ],
        "proyecto": 5
    },
    "model": "flujos.flujo",
    "pk": 8
},
{
    "fields": {
        "nombre": "Flujo 2",
        "actividades": [
            25,
            26,
            27
        ],
        "proyecto": 5
    },
    "model": "flujos.flujo",
    "pk": 9
},
{
    "fields": {
        "nombre": "Flujo 1",
        "actividades": [
            28,
            29,
            30
        ],
        "proyecto": 6
    },
    "model": "flujos.flujo",
    "pk": 10
},
{
    "fields": {
        "nombre": "Flujo 1",
        "actividades": [
            31,
            32,
            33
        ],
        "proyecto": 7
    },
    "model": "flujos.flujo",
    "pk": 11
},
{
    "fields": {
        "actividad": 12,
        "user_story": 17,
        "estado": 114
    },
    "model": "user_stories.userstorydetalle",
    "pk": 10
},
{
    "fields": {
        "actividad": 15,
        "user_story": 18,
        "estado": 123
    },
    "model": "user_stories.userstorydetalle",
    "pk": 11
},
{
    "fields": {
        "actividad": 12,
        "user_story": 19,
        "estado": 114
    },
    "model": "user_stories.userstorydetalle",
    "pk": 12
},
{
    "fields": {
        "actividad": 15,
        "user_story": 20,
        "estado": 123
    },
    "model": "user_stories.userstorydetalle",
    "pk": 13
},
{
    "fields": {
        "actividad": 12,
        "user_story": 21,
        "estado": 114
    },
    "model": "user_stories.userstorydetalle",
    "pk": 14
},
{
    "fields": {
        "actividad": 15,
        "user_story": 22,
        "estado": 123
    },
    "model": "user_stories.userstorydetalle",
    "pk": 15
},
{
    "fields": {
        "actividad": 12,
        "user_story": 23,
        "estado": 114
    },
    "model": "user_stories.userstorydetalle",
    "pk": 16
},
{
    "fields": {
        "actividad": 15,
        "user_story": 24,
        "estado": 123
    },
    "model": "user_stories.userstorydetalle",
    "pk": 17
},
{
    "fields": {
        "actividad": 16,
        "user_story": 25,
        "estado": 124
    },
    "model": "user_stories.userstorydetalle",
    "pk": 18
},
{
    "fields": {
        "actividad": 16,
        "user_story": 26,
        "estado": 124
    },
    "model": "user_stories.userstorydetalle",
    "pk": 19
},
{
    "fields": {
        "actividad": 16,
        "user_story": 27,
        "estado": 124
    },
    "model": "user_stories.userstorydetalle",
    "pk": 20
},
{
    "fields": {
        "actividad": 24,
        "user_story": 28,
        "estado": 150
    },
    "model": "user_stories.userstorydetalle",
    "pk": 21
},
{
    "fields": {
        "actividad": 28,
        "user_story": 29,
        "estado": 160
    },
    "model": "user_stories.userstorydetalle",
    "pk": 22
},
{
    "fields": {
        "actividad": 33,
        "user_story": 30,
        "estado": 177
    },
    "model": "user_stories.userstorydetalle",
    "pk": 23
},
{
    "fields": {
        "actividad": 31,
        "user_story": 31,
        "estado": 169
    },
    "model": "user_stories.userstorydetalle",
    "pk": 24
},
{
    "fields": {
        "actividad": 31,
        "user_story": 32,
        "estado": 169
    },
    "model": "user_stories.userstorydetalle",
    "pk": 25
},
{
    "fields": {
        "mimetype": "application/octet-stream",
        "bytes": "RXN0byBlcyB1biBhcmNoaXZvIGFkanVudG8K",
        "filename": "user_stories.AdjuntoFileModel/bytes/filename/mimetype/Archivo_1"
    },
    "model": "user_stories.adjuntofilemodel",
    "pk": 1
},
{
    "fields": {
        "mimetype": "application/x-shellscript",
        "bytes": "aWYgWyAteiAiJDEiIF0KICB0aGVuCiAgICBlY2hvICJObyBoYXkgdXN1YXJpbyIKICAgIGV4aXQgMQplbHNlIAp1c3VhcmlvPSIkMSIKZmkKaWYgWyAteiAiJDIiIF0KICB0aGVuCiAgICBlY2hvICJObyBoYXkgYmFzZSBkZSBkYXRvcyIKICAgIGV4aXQgMQplbHNlIApCZEQ9IiQyIgpmaQppZiBbIC16ICIkMyIgXQogIHRoZW4KICAgIGVjaG8gIk5vIGhheSBjb250cmFzZcOxYSIKICAgIGV4aXQgMQplbHNlIApjb250cmE9IiQzIgpmaQoKI3BzcWwKI2Ryb3BkYgojY3JlYXRldXNlcgojY3JlYXRlZGIK",
        "filename": "user_stories.AdjuntoFileModel/bytes/filename/mimetype/probando.sh"
    },
    "model": "user_stories.adjuntofilemodel",
    "pk": 2
},
{
    "fields": {
        "mimetype": "application/octet-stream",
        "bytes": "RXN0byBlcyB1biBhcmNoaXZvIGFkanVudG8K",
        "filename": "user_stories.AdjuntoFileModel/bytes/filename/mimetype/Archivo_1_(LJ2PtcY)"
    },
    "model": "user_stories.adjuntofilemodel",
    "pk": 3
},
{
    "fields": {
        "mimetype": "application/x-shellscript",
        "bytes": "aWYgWyAteiAiJDEiIF0KICB0aGVuCiAgICBlY2hvICJObyBoYXkgdXN1YXJpbyIKICAgIGV4aXQgMQplbHNlIAp1c3VhcmlvPSIkMSIKZmkKaWYgWyAteiAiJDIiIF0KICB0aGVuCiAgICBlY2hvICJObyBoYXkgYmFzZSBkZSBkYXRvcyIKICAgIGV4aXQgMQplbHNlIApCZEQ9IiQyIgpmaQppZiBbIC16ICIkMyIgXQogIHRoZW4KICAgIGVjaG8gIk5vIGhheSBjb250cmFzZcOxYSIKICAgIGV4aXQgMQplbHNlIApjb250cmE9IiQzIgpmaQoKI3BzcWwKI2Ryb3BkYgojY3JlYXRldXNlcgojY3JlYXRlZGIK",
        "filename": "user_stories.AdjuntoFileModel/bytes/filename/mimetype/probando_(Lcn3p9V).sh"
    },
    "model": "user_stories.adjuntofilemodel",
    "pk": 4
},
{
    "fields": {
        "mimetype": "application/x-shellscript",
        "bytes": "IyEgL2Jpbi9iYXNoCiNVbmEgdmV6IGVuIGxhIHRlcm1pbmFsLCBjdWFuZG8gdmF5YXMgYSB1c2FyIGVsIHNjcmlwdCwgZXNjcmliw61zIGVsIHVzdWFyaW8gcHJpbWVybyB5IGVsIG5vbWJyZSBkZSBsYSBiYXNlIGRlIGRhdG9zIGRlc3B1w6lzCmlmIFsgLXogIiQxIiBdCQkJI1NlIGNvbXBydWViYSBxdWUgc2UgaGF5YSBpbmdyZXNhZG8gZWwgbm9tYnJlIGRlbCB1c3VhcmlvLCBjYXNvIGNvbnRyYXJpbywgZWwgc2NyaXB0IHRlcm1pbmEKICB0aGVuCiAgICBlY2hvICJObyBoYXkgdXN1YXJpbyIKICAgIGV4aXQgMQplbHNlIAp1c3VhcmlvPSIkMSIKZmkKaWYgWyAteiAiJDIiIF0JCQkjU2UgY29tcHJ1ZWJhIHF1ZSBzZSBoYXlhIGluZ3Jlc2FkbyBlbCBub21icmUgZGUgbGEgYmFzZSBkZSBkYXRvcywgY2FzbyBjb250cmFyaW8sIGVsIHNjcmlwdCB0ZXJtaW5hCiAgdGhlbgogICAgZWNobyAiTm8gaGF5IGJhc2UgZGUgZGF0b3MiCiAgICBleGl0IDEKZWxzZSAKQmREPSIkMiIKZmkKI0ZhbHRhIGVkaXRhciBhw7puIGxhIHBhcnRlIGVuIGxhIHF1ZSBzZSBldml0YSByZWluZ3Jlc2FyIGxhIGNvbnRyYXNlw7FhIG3Dumx0aXBsZXMgdmVjZXMsIHBlcm8gZnVlcmEgZGUgZXNvLCBlbCBzY3JpcHQgcHVlZGUgc2VyIHVzYWRvIAojKGVzIHVuYSBlZGljacOzbiBkZWwgb3JpZ2luYWwpCmVjaG8gIioqKioqKioqKioqQ29waWFuZG8gZWwgY29udGVuaWRvIGRlIGxhIGJhc2UgZGUgZGF0b3MgZGUgZGVzYXJyb2xsbyoqKioqKioqKioqIgplY2hvICIqKioqKioqKioqKkluZ3Jlc2UgZWwgcGFzc3dvcmQgZGVsIHVzdWFyaW8gdXNlci1kZXYqKioqKioqKioqKiIKcGdfZHVtcCAtRnAgIC1jIGdwc2stZGV2IC1mIC9ob21lLyRVU0VSL2R1bXBzL2Rlc2Fycm9sbG9fcHJvZHVjY2lvbi5zcWwgLVUgdXNlci1kZXYgLU8gLWggbG9jYWxob3N0CgplY2hvICIqKioqKioqKioqKioqRWxpbWluYW5kbyBsYSBiYXNlIGRlIGRhdG9zIGRlIHByb2R1Y2Npb24qKioqKioqKioqKioqKiIKc3UgcG9zdGdyZXMgLWMgImRyb3BkYiBncHNrLXByb2QgLVUgcG9zdGdyZXMiCmVjaG8gIioqKioqKioqKioqKioqKioqQ3JlYW5kbyBVc3VhcmlvICR1c3VhcmlvKioqKioqKioqKioqKioqKioiCnN1IHBvc3RncmVzIC1jICJjcmVhdGV1c2VyIC13IC1kIC1hICR1c3VhcmlvIC1VIHBvc3RncmVzIgplY2hvICIqKioqKioqKioqKioqKioqKkNyZWFuZG8gQmFzZSBkZSBkYXRvcyAkQmREKioqKioqKioqKioqKioqKioiCnN1IHBvc3RncmVzIC1jICJjcmVhdGVkYiAkQmREIC1PICR1c3VhcmlvIC1VIHBvc3RncmVzIC13IgpzdSBwb3N0Z3JlcyAtYyAicHNxbCAtZCAkQmREIC1hIC1mIHBhc3NfcHJvZC5zcWwgLVUgcG9zdGdyZXMgLXciCmVjaG8gIioqKioqKioqKioqKioqKioqUG9ibGFuZG8gbGEgYmFzZSBkZSBkYXRvcyBkZSBwcm9kdWNjaW9uKioqKioqKioqKioqKioqKioiCnN1IHBvc3RncmVzIC1jICJwc3FsIC1xICRCZEQgPCAvaG9tZS8kVVNFUi9kdW1wcy9kZXNhcnJvbGxvX3Byb2R1Y2Npb24uc3FsIgo=",
        "filename": "user_stories.AdjuntoFileModel/bytes/filename/mimetype/poblacion.sh"
    },
    "model": "user_stories.adjuntofilemodel",
    "pk": 5
},
{
    "fields": {
        "mimetype": "application/octet-stream",
        "bytes": "RXN0ZSBlcyBvdHJvIGRvY3VtZW50bwo=",
        "filename": "user_stories.AdjuntoFileModel/bytes/filename/mimetype/Archivo_2"
    },
    "model": "user_stories.adjuntofilemodel",
    "pk": 6
},
{
    "fields": {
        "mimetype": "application/octet-stream",
        "bytes": "RXN0byBlcyB1biBhcmNoaXZvIGFkanVudG8K",
        "filename": "user_stories.AdjuntoFileModel/bytes/filename/mimetype/Archivo_1_(oiXGnpk)"
    },
    "model": "user_stories.adjuntofilemodel",
    "pk": 7
},
{
    "fields": {
        "mimetype": "application/octet-stream",
        "bytes": "RXN0ZSBlcyBvdHJvIGRvY3VtZW50bwo=",
        "filename": "user_stories.AdjuntoFileModel/bytes/filename/mimetype/Archivo_2_(X2WnsU9)"
    },
    "model": "user_stories.adjuntofilemodel",
    "pk": 8
},
{
    "fields": {
        "mimetype": "application/octet-stream",
        "bytes": "RXN0byBlcyB1biBhcmNoaXZvIGFkanVudG8K",
        "filename": "user_stories.AdjuntoFileModel/bytes/filename/mimetype/Archivo_1_(hp5M54u)"
    },
    "model": "user_stories.adjuntofilemodel",
    "pk": 9
},
{
    "fields": {
        "mimetype": "application/x-shellscript",
        "bytes": "aWYgWyAteiAiJDEiIF0KICB0aGVuCiAgICBlY2hvICJObyBoYXkgdXN1YXJpbyIKICAgIGV4aXQgMQplbHNlIAp1c3VhcmlvPSIkMSIKZmkKaWYgWyAteiAiJDIiIF0KICB0aGVuCiAgICBlY2hvICJObyBoYXkgYmFzZSBkZSBkYXRvcyIKICAgIGV4aXQgMQplbHNlIApCZEQ9IiQyIgpmaQppZiBbIC16ICIkMyIgXQogIHRoZW4KICAgIGVjaG8gIk5vIGhheSBjb250cmFzZcOxYSIKICAgIGV4aXQgMQplbHNlIApjb250cmE9IiQzIgpmaQoKI3BzcWwKI2Ryb3BkYgojY3JlYXRldXNlcgojY3JlYXRlZGIK",
        "filename": "user_stories.AdjuntoFileModel/bytes/filename/mimetype/probando_(Ldlb4j4).sh"
    },
    "model": "user_stories.adjuntofilemodel",
    "pk": 10
},
{
    "fields": {
        "mimetype": "application/octet-stream",
        "bytes": "ZnJvbSBkamFuZ28udGVzdCBpbXBvcnQgVGVzdENhc2UKZnJvbSBkamFuZ28udGVzdC5jbGllbnQgaW1wb3J0IFJlcXVlc3RGYWN0b3J5Cgpmcm9tIGRqYW5nby5jb250cmliLmF1dGgubW9kZWxzIGltcG9ydCBVc2VyCmZyb20gbW9kZWxzIGltcG9ydCBDbGllbnRlCmZyb20gdmlld3MgaW1wb3J0IGxpc3RhckNsaWVudGVzCgpjbGFzcyBDbGllbnRlc1Rlc3QoVGVzdENhc2UpOgogICAgIiIiCiAgICBDbGFzZSBxdWUgcmVhbGl6YSBlbCBUZXN0IGRlbCBtb2R1bG8gZGUgYWRtaW5pc3RyYWNpb24gZGUgY2xpZW50ZXMKICAgICIiIgogICAgZGVmIHNldFVwKHNlbGYpOgogICAgICAgICIiIgogICAgICAgIEZ1bmNpb24gcXVlIGluaWNpYWxpemEgZWwgUmVxdWVzdEZhY3RvcnkgeSB1biBjbGllbnRlIGRlIHBydWViYSBwYXJhCiAgICAgICAgcmVhbGl6YXIgbG9zIHRlc3QKICAgICAgICAiIiIKICAgICAgICAjIFNlIGNyZWEgZWwgUmVxdWVzdCBmYWN0b3J5IHBhcnMgc2ltdWxhciBwZXRpY2lvbmVzCiAgICAgICAgc2VsZi5mYWN0b3J5ID0gUmVxdWVzdEZhY3RvcnkoKQogICAgICAgICMgU2UgY3JlYSBlbCBVc2VyIHF1ZSByZWFsaXphIGxhcyBwZXRpY2lvbmVzCiAgICAgICAgc2VsZi51c2VyID0gVXNlci5vYmplY3RzLmNyZWF0ZV91c2VyKG5vbWJyZT0ndGVzdGNsaWVudGUnLCBlbWFpbD0ndGVzdEB0ZXN0LmNvbScsIHBhc3N3b3JkPSd0ZXN0JykKCiAgICBkZWYgdGVzdF92aWV3X0NsaWVudGVJbmRleFZpZXcoc2VsZik6CiAgICAgICAgIiIiCiAgICAgICAgRnVuY2lvbiBxdWUgcmVhbGl6YSBlbCB0ZXN0IHNvYnJlIGxhIHZpc3RhIGxpc3RhckNsaWVudGVzIHF1ZSBnZW5lcmEKICAgICAgICBsaXN0YSBkZSB1c3VhcmlvcwogICAgICAgICIiIgogICAgICAgICMgc2UgbG9ndWVhIGVsIHVzdWFyaW8gdGVzdHVzZXIKICAgICAgICB1c2VyID0gc2VsZi51c2VyLmxvZ2luKHVzZXJuYW1lPSd0ZXN0Y2xpZW50ZScsIHBhc3N3b3JkPSd0ZXN0JykKICAgICAgICBzZWxmLmFzc2VydFRydWUodXNlcikKICAgICAgICAjIHNlIGNyZWFuIDEwIENsaWVudGVzIHBhcmEgY29udHJvbGFyIHF1ZSBzZSByZXRvcm5lIGxhIGxpc3RhIGNvbXBsZXRhIGRlIHVzdWFyaW9zLCBxdWUgc2VyYW4gMTEgZW4gdG90YWwKICAgICAgICBmb3IgaSBpbiByYW5nZSgxMCk6CiAgICAgICAgICAgIGNsaWVudGUgPSBDbGllbnRlKG5vbWJyZSA9ICdjbGllbnRlJXMnICUgaSwgZGVzY3JpcGNpw7NuID0gJ1Rlc3QlJyAlCiAgICAgICAgICAgICAgICAgICAgICAgICAgICAgIGksIGVtYWlsPSd0ZXN0JXNAdGVzdC5jb20nICUgaSwgdGVsZWZvbm8gPSAnMDk4MjY5Njk2JScgJSBpLCBkaXJlY2Npb24gPSAnY2FsbGUlJyAlIGkgKQogICAgICAgICAgICAjVXN1YXJpby5vYmplY3RzLmNyZWF0ZSh1c2VyPXVzZXIsIHRlbGVmb25vPSd0ZWwlcycgJSBpLCBkaXJlY2Npb249ImRpciVzIiAlIGkpCgogICAgICAgICMgdmVyaWZpY2Ftb3MgcXVlIGxhIHZpc3RhIGRldnVlbHZhIGVsIHRlbXBsYXRlIGFkZWN1YWRvCiAgICAgICAgcmVxdWVzdCA9IHNlbGYuZmFjdG9yeS5nZXQoJy9jbGllbnRlcy8nKQogICAgICAgIHZpZXcgPSBsaXN0YXJDbGllbnRlcy5hc192aWV3KCkKICAgICAgICByZXNwb25zZSA9IHZpZXcocmVxdWVzdCkKICAgICAgICBzZWxmLmFzc2VydEVxdWFsKHJlc3BvbnNlLnN0YXR1c19jb2RlLCAyMDApCiAgICAgICAgc2VsZi5hc3NlcnRFcXVhbChyZXNwb25zZS50ZW1wbGF0ZV9uYW1lWzBdLCAnY2xpZW50ZXMvaW5kZXguaHRtbCcpCiAgICAgICAgIyB2ZXJpZmljYW1vcyBsb3MgdXN1YXJpb3MgcmV0b3JuYWRvcwogICAgICAgIHNlbGYuYXNzZXJ0RXF1YWwobGVuKHJlc3BvbnNlLmNvbnRleHRfZGF0YVsnb2JqZWN0X2xpc3QnXSksIDEwKQoKICAgICAgICBwcmludCAnVGVzdCBkZSBsaXN0YXJDbGllbnRlcyByZWFsaXphZG8gZXhpdG9zYW1lbnRlJwo=",
        "filename": "user_stories.AdjuntoFileModel/bytes/filename/mimetype/Test_cliente"
    },
    "model": "user_stories.adjuntofilemodel",
    "pk": 11
},
{
    "fields": {
        "mimetype": "application/octet-stream",
        "bytes": "SW5zdGFsYXIgUHl0aG9uIFNldHVwIHRvb2xzCnN1ZG8gYXB0LWdldCBpbnN0YWxsIHB5dGhvbi1zZXR1cHRvb2xzCgpJbnN0YWxhciBwaXAKc3VkbyBlYXN5X2luc3RhbGwgcGlwCgpJbnN0YWxhciB2aXJ0dWFsZW52aXJvbWVudApwaXAgaW5zdGFsbCB2aXJ0dWFsZW52CgpJbnN0YWxhY2lvbiBwb3N0Z3JlcwpJbnN0YWxhciBwcmltZXJvCnN1ZG8gYXB0LWdldCBpbnN0YWxsIGxpYnBxLWRldiBweXRob24tZGV2CgpQb3N0Z3JlcwpzdWRvIGFwdC1nZXQgaW5zdGFsbCBwb3N0Z3Jlc3FsIHBvc3RncmVzcWwtY29udHJpYgoKSW5zdGFsYXIgUGdBZG1pbklJSQoKc3VkbyBzaCAtYyAnZWNobyAiZGViIGh0dHA6Ly9hcHQucG9zdGdyZXNxbC5vcmcvcHViL3JlcG9zL2FwdC8gJChsc2JfcmVsZWFzZSAtY3MpLXBnZGcgbWFpbiIgPiAvZXRjL2FwdC9zb3VyY2VzLmxpc3QuZC9wZ2RnLmxpc3QnCgpzdWRvIGFwdC1nZXQgaW5zdGFsbCB3Z2V0IGNhLWNlcnRpZmljYXRlcwp3Z2V0IC0tcXVpZXQgLU8gLSBodHRwczovL3d3dy5wb3N0Z3Jlc3FsLm9yZy9tZWRpYS9rZXlzL0FDQ0M0Q0Y4LmFzYyB8IHN1ZG8gYXB0LWtleSBhZGQgLQpzdWRvIGFwdC1nZXQgdXBkYXRlCnN1ZG8gYXB0LWdldCB1cGdyYWRlCnN1ZG8gYXB0LWdldCBpbnN0YWxsIHBvc3RncmVzcWwtOS40IHBnYWRtaW4zCgoKJCBzdWRvIHN1IC0gcG9zdGdyZXMKcG9zdGdyZXNAZGphbmdvOn4kIGNyZWF0ZXVzZXIgLS1pbnRlcmFjdGl2ZSAtUApFbnRlciBuYW1lIG9mIHJvbGUgdG8gYWRkOiBub21icmVfZGVfdXN1YXJpb19wb3N0Z3JlcwpFbnRlciBwYXNzd29yZCBmb3IgbmV3IHJvbGU6IApFbnRlciBpdCBhZ2FpbjogClNoYWxsIHRoZSBuZXcgcm9sZSBiZSBhIHN1cGVydXNlcj8gKHkvbikgbgpTaGFsbCB0aGUgbmV3IHJvbGUgYmUgYWxsb3dlZCB0byBjcmVhdGUgZGF0YWJhc2VzPyAoeS9uKSBuClNoYWxsIHRoZSBuZXcgcm9sZSBiZSBhbGxvd2VkIHRvIGNyZWF0ZSBtb3JlIG5ldyByb2xlcz8gKHkvbikgbgpwb3N0Z3Jlc0BkamFuZ286fiQKCnBvc3RncmVzQGRqYW5nbzp+JCBjcmVhdGVkYiAtLW93bmVyIG5vbWJyZV9kZV91c3VhcmlvX3Bvc3RncmVzIG5vbWJyZV9kZV9iYXNlX2RlX2RhdG9zCnBvc3RncmVzQGRqYW5nbzp+JCBsb2dvdXQKJAoKCkNyZWFyIHkgYWN0aXZhciBlbCBlbnRvcm5vIHZpcnR1YWwKdmlydHVhbGVudiBlbnYKc291cmNlIGVudi9iaW4vYWN0aXZhdGUKCkluc3RhbGFyIERqYW5nbyBjb24gZWwgZW50b3JubyB2aXJ0dWFsIGFjdGl2YWRvCnBpcCBpbnN0YWxsIGRqYW5nbwoKQ3JlYXIgcHJveWVjdG8KZGphbmdvLWFkbWluLnB5IHN0YXJ0cHJvamVjdCBOb21icmVEZWxQcm95ZWN0bwoKSW5zdGFsbCBwc3ljb3BnMiBkYXRhYmFzZSBhZGFwdGVyOgpwaXAgaW5zdGFsbCBwc3ljb3BnMgoKREFUQUJBU0VTID0gewogICAgJ2RlZmF1bHQnOiB7CiAgICAgICAgJ0VOR0lORSc6ICdkamFuZ28uZGIuYmFja2VuZHMucG9zdGdyZXNxbF9wc3ljb3BnMicsCiAgICAgICAgJ05BTUUnOiAnaGVsbG8nLAogICAgICAgICdVU0VSJzogJ2hlbGxvX2RqYW5nbycsCiAgICAgICAgJ1BBU1NXT1JEJzogJzFBazVSVFF0N210dzBPUkVzZlBoSll6WElhazQxZ25ybTVOV1lFb3NDZUlkdUpjazEwYXdJem95czF3dmJMOCcsCiAgICAgICAgJ0hPU1QnOiAnbG9jYWxob3N0JywKICAgICAgICAnUE9SVCc6ICcnLCAgICAgICAgICAgICAgICAgICAgICAjIFNldCB0byBlbXB0eSBzdHJpbmcgZm9yIGRlZmF1bHQuCiAgICB9Cn0KRWplY3V0YXIgc3luY2RiCnB5dGhvbiBtYW5hZ2UucHkgc3luY2RiCgpJbmljaWFyIHJlcG9zaXRvcmlvCkNyZWFyIHVuIGFyY2hpdm8gLmdpdGlnbm9yZQoKZ2l0IGluaXQKCkFncmVnYXIgYXJjaGl2b3MKZ2l0IGFkZCAuICJFbCBwdW50byBhZ3JlZ2FyIHRvZG9zIGxvcyBhcmNoaXZvcyB5IGNhcnBldGFzIGRlbCBkaXJlY3RvcmlvIgoKZ2l0IGFkZCBhcmNoaXZvLnB5ICJBZ3JlZ2EgZWwgYXJjaGl2byBlc3BlY2lmaWNhZG8iCgoKCgoKSW5zdGFsYXIgZ2l0CnN1ZG8gYXB0LWdldCBpbnN0YWxsIGdpdAoKQ29uZmlndXJhcgpnaXQgY29uZmlnIC0tZ2xvYmFsIHVzZXIubmFtZSAiVHUgbm9tYnJlIgpnaXQgY29uZmlnIC0tZ2xvYmFsIHVzZXIuZW1haWwgZW1haWxAZXhhbXBsZS5jb20KCgpJbnN0YWxhciBTdWJsaW1lIFRleHQgMwpEZXNjYXJnYXIgZGUgbGEgcGFnaW5hIGVsIGFyY2hpdm8gc3VibGltZS10ZXh0X2J1aWxkLTMwNjVfYW1kNjQuZGViCmluc3RhbGFyCnN1ZG8gZHBrZyAtaSBzdWJsaW1lLXRleHRfYnVpbGQtMzA2NV9hbWQ2NC5kZWIK",
        "filename": "user_stories.AdjuntoFileModel/bytes/filename/mimetype/Pasos_Django_Postgres_Apache"
    },
    "model": "user_stories.adjuntofilemodel",
    "pk": 12
},
{
    "fields": {
        "mimetype": "text/plain",
        "bytes": "U2ViYXN0aWFuLA0KDQpCdWVuIGTtYS4gQSBsbyBxdWUgc2UgcmVmaWVyZSBsYSBnde1hIGVzOiBhbCB0cmFiYWpvIHF1ZSBzZSByZWFsaXphIHBhcmEgY2FkYSBoaXN0b3JpYSBkZSB1c3VhcmlvLCANCmVzcGVjaWZpY2FuZG8gdW5hIGRlc2NyaXBjafNuIHkgbGEgZHVyYWNp824gcmVhbCBkZWwgdHJhYmFqbyBlbiBob3Jhcy4gDQpBbGd1bm9zIGVxdWlwb3MgeWEgbGUgbGxhbWFuICJIaXN0b3JpYWwgZGUgdGFyZWFzIi4NCg0KRXN0ZSByZWdpc3RybyBhZGVt4XMgZGViZSBndWFyZGFyIGVsIHNwcmludCwgZWwgZmx1am8sIGxhIGFjdGl2aWRhZCB5IGVsIGVzdGFkbyBkb25kZSBzZSBlbmN1ZW50cmEgDQpsYSBIaXN0b3JpYSBkZSBVc3VhcmlvIGFsIG1vbWVudG8gZGUgcmVnaXN0cmFyIGVsIHRyYWJham8uDQoNClNhbHVkb3Ms",
        "filename": "user_stories.AdjuntoFileModel/bytes/filename/mimetype/Aclaracion_historial_de_tareas.txt"
    },
    "model": "user_stories.adjuntofilemodel",
    "pk": 13
},
{
    "fields": {
        "mimetype": "text/plain",
        "bytes": "R3VhcmRhciBsYSBiYXNlIGRlIGRhdG9zIGEgdW4gYXJjaGl2bwoxLSBhY3RpdmFyIGVsIGVudG9ybm8gdmlydHVhbAoyLSBlbnRyYXIgYSBsYSBjYXJwZXJ0YSBncHNrIGRlbnRybyBkZSBpczIKMy0gZWplY3V0YXIgZWwgY29tYW5kbwpweXRob24gbWFuYWdlLnB5IGR1bXBkYXRhID4gZGJfYmFja3VwLmpzb24gLS1pbmRlbnQ9NCAtLWZvcm1hdD1qc29uIC0tc2V0dGluZ3M9Z3Bzay5zZXR0aW5ncy5sb2NhbAogeSBhaGkgdGUgY3JlYSBlbCBhcmNoaXZvIGRiX2JhY2t1cC5qc29uIGNvbiBsb3MgZGF0b3MgZGUgbGEgYmFzZSBkZSBkYXRvcyBncHNrLWRldi4KLS0tLS0tLS0tLS0tLS0tLS0tLS0tLS0tLS0tLS0tLS0tLS0tLS0tLS0tLS0tLS0tLS0tLS0tLS0tLS0tLS0tLS0tLS0tLS0tLS0tLS0tLS0tLS0tLS0tLS0tLS0tLS0tLS0tLS0tLS0KUGFyYSBjYXJnYXIgZWwgYXJjaGl2byBhIHVuYSBiYXNlIGRlIGRhdG9zCjEtIGFjdGl2YXIgZWwgZW50b3JubyB2aXJ0dWFsCjItIGVudHJhciBhIGxhIGNhcnBlcnRhIGdwc2sgZGVudHJvIGRlIGlzMgozLSBlamVjdXRhciBlbCBjb21hbmRvCnB5dGhvbiBtYW5hZ2UucHkgbG9hZGRhdGEgZGJfYmFja3VwLmpzb24gLS1zZXR0aW5ncz1ncHNrLnNldHRpbmdzLmxvY2FsCiB5IGFoaSB0ZSBjYXJnYSBsb3MgZGF0b3MgZGVsIGFyY2hpdm8gZGJfYmFja3VwLmpzb24gZW4gbGEgYmFzZSBkZSBkYXRvcyBncHNrLWRldi4K",
        "filename": "user_stories.AdjuntoFileModel/bytes/filename/mimetype/base_de_datos_a_archivo_json.txt"
    },
    "model": "user_stories.adjuntofilemodel",
    "pk": 14
},
{
    "fields": {
        "mimetype": "text/plain",
        "bytes": "R3VhcmRhciBsYSBiYXNlIGRlIGRhdG9zIGEgdW4gYXJjaGl2bwoxLSBhY3RpdmFyIGVsIGVudG9ybm8gdmlydHVhbAoyLSBlbnRyYXIgYSBsYSBjYXJwZXJ0YSBncHNrIGRlbnRybyBkZSBpczIKMy0gZWplY3V0YXIgZWwgY29tYW5kbwpweXRob24gbWFuYWdlLnB5IGR1bXBkYXRhID4gZGJfYmFja3VwLmpzb24gLS1pbmRlbnQ9NCAtLWZvcm1hdD1qc29uIC0tc2V0dGluZ3M9Z3Bzay5zZXR0aW5ncy5sb2NhbAogeSBhaGkgdGUgY3JlYSBlbCBhcmNoaXZvIGRiX2JhY2t1cC5qc29uIGNvbiBsb3MgZGF0b3MgZGUgbGEgYmFzZSBkZSBkYXRvcyBncHNrLWRldi4KLS0tLS0tLS0tLS0tLS0tLS0tLS0tLS0tLS0tLS0tLS0tLS0tLS0tLS0tLS0tLS0tLS0tLS0tLS0tLS0tLS0tLS0tLS0tLS0tLS0tLS0tLS0tLS0tLS0tLS0tLS0tLS0tLS0tLS0tLS0KUGFyYSBjYXJnYXIgZWwgYXJjaGl2byBhIHVuYSBiYXNlIGRlIGRhdG9zCjEtIGFjdGl2YXIgZWwgZW50b3JubyB2aXJ0dWFsCjItIGVudHJhciBhIGxhIGNhcnBlcnRhIGdwc2sgZGVudHJvIGRlIGlzMgozLSBlamVjdXRhciBlbCBjb21hbmRvCnB5dGhvbiBtYW5hZ2UucHkgbG9hZGRhdGEgZGJfYmFja3VwLmpzb24gLS1zZXR0aW5ncz1ncHNrLnNldHRpbmdzLmxvY2FsCiB5IGFoaSB0ZSBjYXJnYSBsb3MgZGF0b3MgZGVsIGFyY2hpdm8gZGJfYmFja3VwLmpzb24gZW4gbGEgYmFzZSBkZSBkYXRvcyBncHNrLWRldi4K",
        "filename": "user_stories.AdjuntoFileModel/bytes/filename/mimetype/base_de_datos_a_archivo_json_(PBA3jAr).txt"
    },
    "model": "user_stories.adjuntofilemodel",
    "pk": 15
},
{
    "fields": {
        "mimetype": "text/plain",
        "bytes": "SVNJSTI6IEluZm9ybWUgZWplY3V0aXZvIC0gSXRlcmFjafNuIDcJDQoNCkVzdGltYWRvcy9hcyBlc3R1ZGlhbnRlczoNCg0KRWwgaW5mb3JtZSBlamVjdXRpdm8gYSBlbnRyZWdhciBlbiBsYSBJdGVyYWNpb24gNyBkZWJlIHRlbmVyIGVuIHJlc3VtZW4gbGFzDQpjYXJhY3Rlcu1zdGljYXMgZGVsIHByb3llY3RvIHkgZWwgcHJvY2VzbyBkZSBzb2Z0d2FyZSB1dGlsaXphZG8geSBkZWJlDQplc3RhciByZWRhY3RhZG8gZW4gbGVuZ3VhamUgZm9ybWFsLiBEZWJlcuEgY29udGFyIGNvbiBsYSBzaWd1aWVudGUNCmVzdHJ1Y3R1cmEgYmFzZToNCg0KLSBJbnRyb2R1Y2Np824NCg0KLSBFbCBlcXVpcG8gZGUgdHJhYmFqbywgZGVzY3JpcGNp824gZGUgcGVyZmlsZXMNCg0KLSBEZXNjcmlwY2nzbiBkZWwgcHJvY2VzbyB1dGlsaXphZG8gZW4gZWwgcHJveWVjdG8NCg0KLSBPcG9ydHVuaWRhZGVzIGRlIG1lam9yYSBlbiBlbCBkZXNlbXBl8W8gZGVsIGVxdWlwbw0KDQotIExlY2Npb25lcyBhcHJlbmRpZGFzIGRlbCBwcm9jZXNvDQoNCi0gQ29uY2x1c2lvbmVzDQoNCkRlYmUgZW50cmVnYXJzZSBkZSBtYW5lcmEgaW1wcmVzYSwgZmlybWFkbyBwb3IgbG9zIG1pZW1icm9zIGRlbCBlcXVpcG8geSBlbg0KdW5hIGNhcnBldGEgY29uIHVuIG3heGltbyBkZSA2IChzZWlzKSBw4WdpbmFzLg0KDQpTYWx1ZG9zLA==",
        "filename": "user_stories.AdjuntoFileModel/bytes/filename/mimetype/Informe_ejecutivo.txt"
    },
    "model": "user_stories.adjuntofilemodel",
    "pk": 16
},
{
    "fields": {
        "mimetype": "text/plain",
        "bytes": "ZW4gI2lzMiAyMDE1IHZlcmVtb3MgZWwgU1dCT0ssIGNvbm9jZXIgU0NSVU0sIEthbmJhbiBwYXJhIHNvZnR3YXJlIA0KeSBQeXRob24rRGphbmdvK1B5Q2hhcm0rUG9zdGdyZVNRTCtBcGFjaGUyK0xpbnV4DQoNClBhcmEgZWwgU1dFQk9LIFYzIGxhIHJlZmVyZW5jaWEgZXMgaHR0cDovL3d3dy5jb21wdXRlci5vcmcvd2ViL3N3ZWJvay92MyAgI2lzMiAyMDE1DQoNClBhcmEgI2lzMiAyMDE1IGVzIGltcG9ydGFudGUgY29ub2NlciBsYSByZWZlcmVuY2lhIGRlIFNDUlVNIGh0dHA6Ly93d3cuc2NydW1ndWlkZXMub3JnLyAgDQp5IG1hbmVqYXIgbG9zIGNvbmNlcHRvcy4gU2VyYW4gYXBsaWNhZG9zIGVuIGVsIHByb3llY3RvDQoNCkFkZW3hcyBlbiAjaXMyIDIwMTUgdXRpbGl6YXJlbW9zIGVuIGVsIHByb3llY3RvIGxvcyBjb25jZXB0b3MgZGUgS2FuYmFuIHBhcmEgc29mdHdhcmUgDQpodHRwOi8va2FuYmFuYmxvZy5jb20vICBodHRwOi8vZXMud2lraXBlZGlhLm9yZy93aWtpL0thbmJhbl8lMjhkZXNhcnJvbGxvJTI5DQoNCiNpczIgMjAxNSB1dGlsaXphcmVtb3MgUHlDaGFybSBFZHVjYXRpb25hbCBFZGl0aW9uIA0KaHR0cHM6Ly93d3cuamV0YnJhaW5zLmNvbS9weWNoYXJtLWVkdWNhdGlvbmFsLy4gTGEgdmVyc2nzbiBzZSBsaWJlcvMgDQp5IG5vIHByZWNpc2EgYWN0aXZhY2nzbi4=",
        "filename": "user_stories.AdjuntoFileModel/bytes/filename/mimetype/Nuevo_documento_de_texto.txt"
    },
    "model": "user_stories.adjuntofilemodel",
    "pk": 17
},
{
    "fields": {
        "mimetype": "text/plain",
        "bytes": "YnJqempqd2xzYnp2dXl2Zgo=",
        "filename": "user_stories.AdjuntoFileModel/bytes/filename/mimetype/django-gmail-password-gpsk.system.txt"
    },
    "model": "user_stories.adjuntofilemodel",
    "pk": 19
},
{
    "fields": {
        "mimetype": "application/pdf",
        "bytes": "JVBERi0xLjUKJeLjz9MKJVBERi0xLjUKJeLjz9MKNiAwIG9iago8PC9MZW5ndGggNyAwIFIKL0ZpbHRlciAvRmxhdGVEZWNvZGUKPj4Kc3RyZWFtCnjanVI9T8NADN39KzxQCRbXd/Z9ZK2AgsQCOmDpVolWiIDKwt/HR0PaJHRBJz2fnednP10Yl8C4gR04ZDsOnZKiOk8pNbhu+3pFS3dGL192L2uY3zJefsC9nVqEn+KiwPyaMZtKeRmpsqliaeF8xcwr9qGLMoziLsorMLGKU2SSrGIhWoqfmxMfHpbDYdJ4it7142KFmwqPFe769KkO+22VRMzT5rNusXDM1UTaxAnXfOjY196Pply3DsmHurU17u38UZ+4yZ6C+n+6GTXPTrixB5lwjabHLq6KvXb9CRhbwyhCEd9Ac2NxmLHdth3zUBkyDwpbeMZ30/4Gk8+G3AplbmRzdHJlYW0KZW5kb2JqCjcgMCBvYmoKMjU1CmVuZG9iago0IDAgb2JqCjw8L1N1YmplY3QgKEEgQ2xvdWRmb3JtYXR0ZXIgRG9jdW1lbnQpCi9UaXRsZSAoWHBvcnRhYmlsaXR5IENsb3VkZm9ybWF0dGVyKQovQ3JlYXRvciAoY3NzMnBkZkBjbG91ZGZvcm1hdHRlci5jb20pCi9BdXRob3IgKFhwb3J0YWJpbGl0eSBMTEMpCi9Qcm9kdWNlciAoWEVQIDQuMTkgYnVpbGQgMjAxMTA0MTQpCi9UcmFwcGVkIC9GYWxzZQovQ3JlYXRpb25EYXRlIChEOjIwMTUxMTI1MjIyODM5WikKL01vZERhdGUgKEQ6MjAxNTExMjUyMjI4MzlaKQo+PgplbmRvYmoKOSAwIG9iago8PC9UeXBlL1hPYmplY3QKL1N1YnR5cGUvRm9ybQovQkJveCBbMCAwIDMyNi40IDIwNS4yXQovTGVuZ3RoIDExIDAgUgovUmVzb3VyY2VzIDEyIDAgUgovR3JvdXAgMTMgMCBSL0ZpbHRlciAvRmxhdGVEZWNvZGUKPj4Kc3RyZWFtCnjarVhNjxs3DL3Pr5hje1hV3x/XAG2AAj2kNdBD05ODpgjiAs0lf7+U+EjJi01h7xhB1qI5pJ74JD6N7X46b3Y/fd3+3dxu6d9T//A2Gb+fL1v/pv/lLz5vwWcTn1mWRnb8/Xv7fftnzfQUjbVxf/L0WM9mUghh/7i9OfVJv2w//OT2QqlOfyHG7a6Z5BoF19gdl+2799ba99aH70+fth9P2ztKk3Mu+1sahP3rTql+pv+ftrj/sv3xJ2X5sPliLGVx1ZlKCwjOEQK2Pm+/XUGsBLG9DmL0Jq0QE38G+xqo0Ro3oQ7rgVCtpaVPqMEeqGqrBECQDuNxQFOjdS84/YGSpmyK4hzGc5zO04PhdRUtFLNwH6WgR7ZrmhsgfauoDifzBqyc6sm1cH2U0jOsgj0p5nXeYkp0d83rM517n26ZGTPelLUkk2x4IWt8Eff99fIum5zuKFh40MQuN+PLLVThMzxqyc47U3K7Y+ZHrblEE9o9S/aPYpkP2+0Tu+Uox1JJ8UwqtL3pYIfm91/fbl1X/vdkB2fyEKJqag47CYezac+kH+Nvow/UowQT6n7eajaeBjWYSk8620yjKZ1LxlZlDeZ5cyGYHKc/FUpWkUx2l6TuOuiceL2NNEWWUJwBzew9NfgW1J0IenWCS066pO5ntBIwrMk36pYpy3q5H3EtztTdrLExuF7PUGPo9STzpnpyp+Ri+mSil2JGKlvRYo6mr7XMxTg/azmUSyo5jFlH9qGKI4sUESmlhsOUEo4oFBAJpXzsQvEARIqHlFI7LEFqh+WpLHDhXtiHXz7SFu8qk79ROyq8X/ciTMLVTKD6BJq/yvFgg1BFk5uY3puKEIzAJcyeiBBzCCWKmo4NepCnYhMIOOoK3Znukm9eucxC5dSDdFEzmkJbkGpcaJb+UfXIDeO8UYTN6nOmLWGwsM3FpOtDGpt/xFnTZs5h0JOYj32AgrAV55EFOyq4m93gsnxB9/PePTwhbP1Qj7LP7gFSnKeJY1S/64Qs4WpLt9Evgimp55d438mb+T1zOeeHX+BJ+BX+Q6UgZnKZ5KvNNLrSQ5lg7Ypg39GpbLGpN5u6BIopLVRsplJjB82aGXsAs7JPACHwCu+RldPZMTbNPaA2c+iJ2lZ0C2iXl2NJYcHH6aaXrzUYpmiC2MzfDB70am6wP6eGG8AkeMV9qALESVQtukybKfSZUCbQq7oF8j2pR+9Z4iVW1kiYInJiM4caOwjWzCBfpoUTkCRyRXxk7YGqWZfOPiw6dEN0vempQuwFhgRHLnZwJMFFfXSRkiA7O/EYk0Snnoufp47tJRePey6eR3wDgoRNdLLKl5T/VgXDexKPSaO9KBjtJS+KM8aqX+xhlUIIjDTlCxsUEf2NWXL1sYrXsGT6ETJxHVoeFAHvrWJV3an9nba/H8vtpo9VttjDwiQxsPh+IRbtx6KilSiV5utjlSz2AANiFnyHFiodH78kqNnGDlK5GD9aqJpYJkHFhr2QIgkVE9c5McvYthLa8rz35UWfxveAIhEL0GNLRqcHuWoyUywRg0K9aDK7Ii3wsexIlJi4k4rJbGlkJ1KzMseYb3gECaJWnIdWjM4OjsVinlQTBomiGGBY9QTOITYayBZu17CYLIkjGuUSnhf9GV8zCHl+Ajy2UvRxcKsmswQFGATqlZ/JFemAj2VFw2Di7UBMpkkjO4WalcmVCdkFLBK2ID3YintPRycew0zFn3Izfh/DS0sZBRbxYA+JikRYdM4xoPevMoWmt1fJ0odTZuAZM0sMEPG63m3/AVHvcO8KZW5kc3RyZWFtCmVuZG9iagoxMSAwIG9iagoxMzQ1CmVuZG9iagoxMiAwIG9iago8PC9Qcm9jU2V0IFsvUERGIC9UZXh0XQovRm9udCA8PC9GMSAxNCAwIFIKPj4KPj4KZW5kb2JqCjEzIDAgb2JqCjw8L1R5cGUvR3JvdXAgL1MvVHJhbnNwYXJlbmN5IC9DUy9EZXZpY2VSR0IKPj4KZW5kb2JqCjE0IDAgb2JqCjw8L1R5cGUvRm9udAovU3VidHlwZS9UeXBlMAovRW5jb2RpbmcvSWRlbnRpdHktSAovRGVzY2VuZGFudEZvbnRzIFsxNSAwIFJdCi9Ub1VuaWNvZGUgMTYgMCBSCi9CYXNlRm9udC9HRkVEQ0IrQXJpYWxNVAo+PgplbmRvYmoKMTYgMCBvYmoKPDwvTGVuZ3RoIDE3IDAgUgovRmlsdGVyIC9GbGF0ZURlY29kZQo+PgpzdHJlYW0KeNpd0M1KxDAQAOB7nmI8COuh9mdd7UIpLBWxB3XZ6gO0ybQGbBLS9NC3N82UFQy08DEzyczc3pyb6CR0h9H+PoELTnq2HKPqrTUsrurnWkkH8dlq3qCDXiphtxzocJCKpRkIyd2m8OfjVtwsk8OxVr1mRQHxxQcnZxfYhRfvWPxhBVqpBth9VY13MxvzgyMqBwkrSxDY+4t8L+/tiBCfxKvmkU/9C3wuBiELTqkHrgVOpuVoWzUgKxJ/Sihe/CkZKvEvnlNV1/Pv1q7Z6d5nJ8k+KYMeSCnpQMpIOelAOpIeSS3pidSRchInHUM/28trZ+vertPy2Vq/iLDcMOo6pFR43b/RZq0K3y+Tq4eMCmVuZHN0cmVhbQplbmRvYmoKMTcgMCBvYmoKMjcwCmVuZG9iagoxNSAwIG9iago8PC9UeXBlL0ZvbnQKL1N1YnR5cGUvQ0lERm9udFR5cGUyCi9DSURTeXN0ZW1JbmZvIDw8Ci9SZWdpc3RyeSAoQWRvYmUpCi9PcmRlcmluZyAoKQovU3VwcGxlbWVudCAwID4+Ci9Gb250RGVzY3JpcHRvciAxOCAwIFIKL1cgWwowWzc1MC4wXTE5WzU1Ni4xNTIzNDM3NSA1NTYuMTUyIDU1Ni4xNTJdMjRbNTU2LjE1MjM0Mzc1IDU1Ni4xNTIgNTU2LjE1MiA1NTYuMTUyIDU1Ni4xNTJdCl0KL0Jhc2VGb250L0dGRURDQitBcmlhbE1UCj4+CmVuZG9iagoxOCAwIG9iago8PC9UeXBlL0ZvbnREZXNjcmlwdG9yCi9Gb250TmFtZSAvR0ZFRENCK0FyaWFsTVQKL0FzY2VudCA3MjguMDI3Ci9EZXNjZW50IC0yMTAuNDQ5Ci9DYXBIZWlnaHQgNzE1LjgyCi9GbGFncyA0Ci9Gb250QkJveCBbLTY2NC41NTEgLTMyNC43MDcgMjAwMCAxMDA1Ljg1OV0KL0l0YWxpY0FuZ2xlIDAKL1N0ZW1WIDEwMAovU3RlbUggNTAKL1hIZWlnaHQgNTE4LjU1NQovRm9udEZpbGUyIDE5IDAgUgo+PgplbmRvYmoKMTkgMCBvYmoKPDwvTGVuZ3RoIDIwIDAgUgovTGVuZ3RoMSAyMSAwIFIKL0ZpbHRlciAvRmxhdGVEZWNvZGUKPj4Kc3RyZWFtCnja7L0HWFRJ8y9c3X3OmYEZYMhRGEAwgDIgiijKIGDOoAuuriCioigImFERM+awrrquomta44gJc85pzWlN67rmnBPz1ekZUN93/+E+3/3u/7vPw4zVXR1Oh+qqX1UPMAIBACcQMEtqFBPbcPz7SU0ASDoA3ds0Lr5h76ppEoCgw16eraObx38eUj8ay62xXKtRXLsG1xsktcHyOAD32d2TszPBBSwAtFps13RPH9StQdJDA5bxebvibpndex8flDgXIOQegNQnJq5JI+Zm4QQQngDgnJuZlZrpd6HFLoDW5wBUO9MzUpLhwYXBAB1nAtTs0SM1uev1vvHPAaZ9kudP6Z+jXehx8SHA9FAcLz4zIztn7EtVZYDZuJ7J25rHxzWOaZ6yCkilGACrTvIAdjWcfICELsbnK6b0Ts60m/ndd1g+DODzQ6/UrD5hyeG1gHyHYzgmNWrdKm5I+5ULUBw43iq33skDM+02WOUBdZGf1/ZJ7p16f/mJw1jeD2CZ1KN3zsDqKtYLqG9FXG/XVnFBIZqQTtlAE/B5SAJZ1mqU7jPyDiigDOlEIHQSnQOMzqVzkf+Z/oz8PDoP+V/ofOQX0GfIP6fvkH/PbIEwO2YHjNmzhsg3Ys2Qb86GIT+cDQfK8tgr5F+zT8h/ZiXIG5kRmABCNhAhR8hBvp8wCPnBwmDkhwjTkJ8uzEB+pjAT+R+FH5GfJYYAEWuIocDEmmIY8rXFushHSDFApFgJ55WaSy2QbynFIR8vtUO+vfQd8glSAvKJ0vfId5RykO8n9UO+vzQA+YHSaKDSGGks8uOk8cgXKBYDUSxRLAGmWKrYiPwmZRRQZQNlLjDlUCXuTjlcOQ/5X5RPkH+qfIX8awucxSLRYgAwi4EqCyAqS5UVMJU1agBRVVHVQD5UtQz55aq1yBtUe5Dfq9qP/AHVMeSPq04AVZ1U3Uf+geox1j9RvUT+leoN8m9Vb5F/p0LJq96rPiD/EQ+PqYl6HxD1fvUh5A+rXyD/Uv0KqPq1lQaIla2VKzArNytcGwh43vKZU/DmkjfJ3CRts5xxj21xR/FKlJsyQYlPKTsof0A+WZmCaTdlJqb9lYMwHYzSkOUwAtN8ZT7WjFSORH6UcgzyY5XjkS9QTkB+KspKltILs0woSiMA+UBVEO5Fp9Lx/T5E/pHqEd/LAUwPqg/ijg7hvuRdOGHqbOWMe3GxckHeVd6XeT8kOSu5C2oyIgO+RPqMuQvdhR5Cmqm9Bd3lQ8MFfwD9FXErlrVRWWnJ6drSlxFfEGksiWrbvK0OkUEP5nEtYT5ZASIfXZsyKCsd4rtnpfaCH3qkdsmCnunJOX1gIPYi7drGaMETAMdR4HMWoAJbsAcruYR1ShzNEtdnA3bgANZYlk9CboEyjuCplPIUd8LkcZvHN9biM6Z2wdwmggYcU1J6Z0IeT8fwdCJPZ/F0Pk+Xd01P6w5F3dL6JEMxT3em9UnLgf08PZqWnZEOv/P0AnZMhj94+ieiXDrc4+mT3qld0+AVTz9kYTMBnkpcPkJZajoHyjVL5KfwpeYLR3DncmrxVar6KlV+lVp9lSp4ahrH8qtUbU5toSIEQihEQAw0h3joCF0hHXIgF0bBRJgJ82AxSETuO860ZmJnyqVhJu1RemKZYF7RnM/EPWBu2VJOMd/A10ssT5rzP0y5xtOU2xfhc5g7NzTlLj1M47jsxrlwfJffzeW/zLuwQ/Lhc9ugZCiuugWAoo6iDi/ZcduEr2yTcqsUuD06crtz4nbnyi3Og9taBW5lWm5l1bh9BXPLCuU2VZPbVC1uTbW5NYVzO4pEHO0paxTxoaGsoZAAHlAHGkBTaAsdoAv0hCwYDPkouakwGwphORhgE+yEg3ASLsB1+AsewSv4RASiVmxCtFylWK3YzPM1imKer1Vs4blBsRXz1cht4/lqxXaer1Hs4PlaxU6eGxS7gGK+G0trsPcenq9W7OX5GsU+nq9V7Oe5QXEAe69RIFJg3SrFIZ6vVhzm+RrFEZ6vVRzluUFxDHuvVRzHkgF7n+D5asVJnq9RnOL5WsXvPDcoTmNvw79IpAdkos3n/bckcobvfJXirFky58ySOW+WzAWzZC7iPKsUl8zyuWyWyxWzXK6a5fKHWSLXzBK5bpbIDbNEbpolcotL5E+zRG6bJfKXWSJ3zBL52yyRu1wi98wSuW+WyAOzRB6aJfLILJHH/4VEZsF8WApr/kOJPDFL5KlZIs/MEnlulsgLs0Recom8MkvktVlj3pgl89YsmXdmybznGvPBLJ+PZvl8Msvls1kuJWaJGE0SQaDhElESk0SU1CQRJZMlohRMElGKJokoJZNElAqTRJRKk0SUFv8LEtkPx+Ec/IESeQAv4AOhxFJpaZKIUmWSiFJtkojSyiQRpbVJIkobWSJKjUkiSluTRJR2Joko7U0SUTqYJKJ0lCWidDJJROlskojSxaQxSleTZJRuJsko3WWNUXqY5KOsYJaPp1k+Xma5+Mk7VWrNcvE2y8XHLBdfs1wqmuTyvyyRR2US8TdLpJJZIpXNEqlilkhVs0QCuEQCzRKpZpZIdbNEgswS0ZklEswlEmKWSA2zRELNEqlplkgts0TCuERqmyUSbpZIHbNE6po1JsIsmXpcY+qbJRNplozeLJkok2QQ2Ym8bu6BpqMnUEMfdAFK9AYe4A86lFcMtIQE9VlE+mhlG2G6+pyZm6E+z7m2WHfBzM1QX0Qulve7ZOZmqC9zTu53xczNwHnc0ENWh9p4Hs2hPcb9PdE7DoNx6qtlM/1RNtO1spmul810o2ymm2Uz3Sqb6c/SmdQPkWukjMa6R2Zuhvox52Kx7omZ+89WdLtsRX+VrehO2Yr+LlvR3bIV3Stb0f2yFT0oW9HTshU9K1vR87IVvShbEdo+qU6qYwDjRt3wfuNLfbkvxsjNKpRHARgtQx+MC74+LYx+WCOg9C3nGpdxTcq4pmVcM86JuHc7vJN6QkX+5Av+1Ev+xCve+zXv+UbWFvoCn5C1ZSa4/rusYC7GNWugGM6g/bxDy1ETJ6IlVUkoqU8akwJ5VtVeHGsO5/aVcftLOYq3DTqbcyfLuFNl3O9l3GnOyVGpmp6ReXob01m87WxZr3Nl3HnOMZSeNTjQC/wJeSWTqLyKH3mfi1/1caLymmbRA3innI35pbKRLpdxV8q4q2XcH2XctTLuehl3o4y7yTkFxs0uoMXTqw61IIJibIB32tk8n43cIez1C8VIgc7H8lFeO5/ibRrTW2Vj/WmWhYJOplNRXwrpUuy5nK4CS7qGrgEbaqDrQEPX0w1gRzfRrRjxMx4ZO6DWELxcyHGfRo728dmF2LCSrsQxN2B/RnfQHRgroubRmSgn4PdvWQ/R66DuyDcSX/PdvAK/lXviGLvAS2WB981I1RbVbhyfoo4xaaw0hsq3Bcb49MyS4X2CqZmaj4c92H2pApM1n0hekre8QtIRVrIHzItVZgGsOgthtVg+G8VGs3GsgE1mU9hM9iObw+azRWwp+42tZKvZWraObWRb2A62hx1gR9lJdpqdZ5fZNXaL3cGxHrHH7Bl7IVYWA8V6YqQYJUaLMWJDsYnYVGwpthXbix3EH8QuYnexl5ghZosDxCHiMDFPzBdHiWPEcWKBOFGcLE4Vp4szxVnibHGuOE+cLxaKi8Xl4irRIG4QN4tbxW3iLnGfeEg8Jp4ST4vnxEviVfGGeFu8Jz4Sn4mvxHfiR9EoMUkhqSQbyVayl5wlN8kT962VvCUfqaLkL1WWqkqBUnVJJ9WQakq1pbpSpBQlRUsdpSQpVcpWFak2qDapqVpSW6qt1XZqJ7Wb2kvtq/ZXV1ZXVQeqg9U11eHqCLVeHatuom6hbq2OVyeoO6qT1F3V6SjlZUzJ5JDDi3nhOVRilYCilAPwHKqxaogPwSwYRFaT1QSJjWAjQMFGspGgROmPBgs2lo0FSzaejQcVm8QmgRpPYwpYsRl4gtZ4Kj+CDZ7MHNCwX9gvYMsWsoVgx5awJWCPJ/UbOOBprQRHPLHV4ISnthac8eTWgQue3kZwxRPcAm54ijvAHU9yD3jgaR6ACuwIOwKe7AQ7AV54sqdBi6d7HrzxhC+DD57yNfDFk76FaHaH3QE/dp/dB3/2kD2ESnjyj6Eye8qeQhX2nD2HqqgFlSEANSEQAsUIMQKqifXF+lBd1It6CBIbiA1Ah9oRA8GoIQ0hRGwsNoYaqClNIRS1pSXURI1pC7VQa9pDGGpOB6iN2vMDhKMGdYE6YjexG9QVe+KNJkLsI/aBemKWmAX1xf5if4gUB4uDQY/aNQyiUMPyoAFqWT5Eo6aNghjUtjEQixo3Dhqi1hVAI9S8idAYtW8yNEENnApNUQunQzPUxJnQHLVxFrRAjZwNLVEr50Ir1Mx50Bq1cz60QQ0thLaopYshDjV1OcSjtq6CdqixBmiPWrsBvhM3iZsgQdZeSET93QXfow7vg46ox4egE+ryMfgB9fkUdEadPg1J4lnxLCSLF8WL0AX1+yqkoI7fgK6o57chVbwr3oVu4kPxIXQXn4pPoYf4UnwJaeJb8S30RP3/CL1Eo2iEdLQDBr3RFhTQB+1BBRloEzaQiXZhC33RNuwhC+3DGbIlV8kVcqQKUgXoh7biA/3RUirCYLQWfxiCFlMZctFqqsJQtJxAGIbWUx2GowXpIE8KkUJghBQqhUI+WlNtGCnVkerAKKm+VB9GS3pJD2OkBlIDGIsW1hHGoZUlwXipq9QVCqQsKQsmqNap1sFE1XrVepik2qjaCJPR+ihMQQuUYCpaoSVMQ0u0hulojXYwAy3SCWaiVbrBj2pPtSfMUvuofeAntFB/mI1WWhnmoKVWhblorYHws1qn1sE8dag6FH5R11bXhvlovRGwAC1YD4XqGHUMLFQ3VjeGRerm6ubwK1p0a1iMVh0PS9CyE2ApWndHWIYWngTL0cq7wm/qdLT1FWjtjyCbebMqTMdC2Us2gU1jP7Gf2QL2K1vG1rPNbBvbxRHzOPudnWOX2FV2k91mdxEvH4lV2EuxihjAJojNxdZivJggdhSTxK5iDzFdzBRzxIFirrhIXCquENeIRahLW8QAcae4VzwoHhVPsnOYXxCviNfEW+Id8YH4RHwhvhE/iCUSlSTJUrJid8XmkiPzkdyldKmWGI/cD1IXqbt4S1WsFtRKtVqtUTuoXdQeaq26orq6uoY6TF1XHamOVjdSN1O3UrdVt1d3UP+g7qLupu6De83imAYc0whHM8rRjHE0EzhqiRyvJI5UCo5USo5UFhypLDlSqTgiqTkiWXFEsuaIZMMRScMRyZYjkh1HJHuOSA4ckRw5IjlxRHLmiOTCEcmVI5IbRyR3jkUeHIsqcCzy5FjkxXFGy3HGm+OMD8cZX44zFTnO+HGc8ec4U4njTGWOM1U4zlTlOBPAcSaQ40w1jgDVOQIEcQTQcQQI5ggQwhGgBkeAUI4ANTkChHEEqM0RIJwjQB2OAHU5AkRwBKjHEaA+R4BIjgB6jgBRHAEacASI5ggQwxEgliNAQ44AjTgCNOYI0IQjQFOOAM04AjTnCNCCI0BLjgCtOAK0Rtv3gjbclttyK47jVhzPLbcdt9z23HK/45abwK01kVtrB26t33Nr7cittRO31h+4tXbm1prErTWZW2sXbpsp3Da7cttM5bbZjdtmd26bPbhtpnHb7Mltsxe3zXRum725bfbhtpnBbTOT22ZfbptZX9lmEKvxn9rmMXaKnWUX0TZvcNtEHTLbZtX/tm0Wi1XFHeIe8YB4RDzBzmJ+Xrxsts374mPxufhafC9+logkShZltumNttmL26Y3t81uaJub/9E2Q9S11HXU9dUN1A3VTdUty22z3Db/L7ZNQiio8H79AxSiF90AO+Ewv93+Dc/45yT83gxV8R6F9zf2GnU5n73FdBR7j+k49hHTydI4oGI9aSCmkdJgTKOkXEyj/2GEN3yEd3yED3yET3yE8XyEQXyEIXyEoXwEvP9Jw+QenBtexuWVcSPKuPwybmQZN6qMG805fqNWv5R5+Sd2phpEm5sA4mexBCjiAt4TERskkBAfLEGJdt1N/skQNOWfIPlDKB9FozqO1oxPsgelHOqFfNs/gaWXeHu7xvtZs+Fo+9hmytkDfkOUbxTA7wYEn7wh3wn5zyiU/MZ7F2+jq+TPQGih6eYI51U2Kut/+8mFvCb5Z1M+EIjS1Zs/LzjG77LHy+79fyH3M+fulHF/l3LSALn3f3o3Bv6ZAQVbIEYj8lS+Tovy5ZjJPynytvW29cNE/sHUJy3b/UkvwkfQCrvlG3g7413BVtyNa6xAbfRWNginDdrZqFWqBu2kYuM9va1cFl3kskIjp+5yrUrmTL2w/ErvZGXVoJ2HJKc2ajlVaOR0HaXR8Ql6SzdPQXTwtLJytsCHN9jY0HYyo3e1skLOFtRyDTip1Ziq5ToICggIOIHJCYh8HPk4WOe+Tvr3kV7hSJI80t8brKw480TvqlJJ8pAauQY0arWcynVlQ34Zc4OkddV4FBufFVGtaqfxJjgh2SHZGG/qWwrSWDpONc7miLVooVC50Fj75o5NXaPd4+07OnZ0beveS9FLlWKf7tjLNcl9EB0g9VcNthkrzVbM0hxxuUIvSBdUV23cypYrr1aWJDIvNshiQ+ad3kEWknO2hd7bN1RnQcBCY0H5xuQeXEQecg+LqV62/FxsreUGW6VcaZsNxcbdei0+qjV9wiH3AKXcA3gPmOp5aIJLgOYNbrpTwGNMZbZTX86ahUA69YVOUFt+EaTExIDSFwQE2GvsatUIcXKyc9RQydenkr+9xqlGSC1bjb+vj0Jq1+tsYf+inAY9zy48N2jalt9yc3/7bVhu0070LBFIvVWd15cYr5SUlOxbPXsz+aXkp6fPSA/S80naGPmnfTdQ9T6i1lnCFX2MpWnlPLXkOwSeWpp2wVOmt7IN7SUMp1PoHKWwSiAWIImUWYhETclRSy4KS1mKQLQ4frHx5gaNBhWp2PhAb8vVy4OrlzVXLzxzvausPKUawrXFTS2iAYSK8ljW8lgi0eI9nIquqq0kgowGl4CWmr9QfiaRyi8sRLT4HAGRkc7hxDZclid0CiCmRm9fW0lS1KxVK6wG/bgh6mz8T38G5QhD6ud6rWl0tDOuMgJAUKAUPKnLFlCgZcgSUKJi8PNXyLYiM7yGGxWqxnpuVyZrsLDVWLnY20vtrGSdsbXlzBO9hUaDnKeD6ClrkLPcwdNTbvX0sMYWT7W8W89iuk2vppbOzlovjS2lWi9bu/Cgcyfk9AQEySoSECmn+0Nk86NlE6rt7CifUG9hY0tL57mpV9nZ03aeDnKdPHYRDm3aAJV1/ZGeS/6fZpMtUp5Pno1Ppq9VV6wrbRN3SdsUh5RHPBRN1InqeOte6q7Wg+0G24+32253x+2O+zM39S7VZnvqrvHQVNB4aqSdxmcoxZugxNwCT9jN01KjlKSjHm4OHh5uSg83RqjSzYNZeWqK6eL1rWyJbTFx2SjvAOQlrydUbVlqqJalhmopGypHM8ts57OovLKxkm10BGhBQ2rr1bYbI2lnmkGHU4FupRXBi0xZx82u06vHqCgRmlcme4v4HBH5+HOnv2ztZF3BZKx19QDroZr9WEDNgVIbrA2dSKcssyX6OXr7h6EG1apVMxStTlJUqiWbpKMDahb+ExSfwqiz369zny6fMyR/Htli/+702TeNl+1d1NFz9eqoiJTdw/bf6dZrxrwC+1OXH6xOWLF98bjkYNkCZdz3FpeCJ/mkt7fntmfHU5WLnHLwUckc42WRq5LM2XPUt+MpcykFKi4qUyeZs+dOwI6nKhc5ldu4Esu9139xDlvQZ+3WW8nKQTysLT0dHT3sZNVU2QiCp4eVNQGFCxoxdxqckXu6yEoTdCKIgxiq0Of9mv0BsuZUsePKbcPTZm6DKhRUmGW/zH6f+oL6qrvSwt7Fuqobs9CJOtVWVBSGaquxt3S0s7c/am3jYG3vYG1jhaqht5cXorcutKbW1jZ6R2Je1GYbgZyVP6xGtdHbysuz7azJ0AzXTNEImjxFqeooSlVHUYbximwXjvEuBFw0LhQ38mqzvESXqVq77aQm2JAfwYrULrLeSLaS2gAoElUZsE/1KibTzSoV8PjVY65WZhh/1QnBR9YqLodOtkiax5q/xiqrB4ioWsBVi2sV6dspIOALvJtf9mFOMqSXKpe9t6M3QwUDRwcFIr5/ux2Oc9LzN6ye+N3Eyr9Nppc/b241atpuosyZ9OrwZ5KnKZiwf9HcolaRTvT5qpL+HUvenD40reimHFe0QP1yRGyrAFUpXo3sjM+4bGyLzYy2VFrKUqZSqRr5lqmRtynu4Kk1VybeW2YkGYEsTaGG+kuo4WVDvEhnwoh7ZU+9FbGyQnRyF308HawsPQn4aeSneNih8XTWyDrlrJH9gjMPO5zNMcKJcyc0B0p1q9Njzf5Osm5V6+VKYhR6xxjXGG0Hu3htL9ZV0VXZ066rNkfZz2O0cozHBeU5J1uFVj7YSrIHkhlfjo0y580bFHJDJa2v1ltusJVX2dqK4jrdyVnZJxTTHnqL0jWTYtQJ2OhXKiK/Us3yK9Msv2wN1ywNAQ16PNzgs82yT9NMDbTEp/X2ntyqPblH9eS+1LOYhOt9Ip07O2c4D3cWnHlY58yl6OwkP+vsJK/UuZhWXB9QFkEEdJL17WvVe8xFxBFNFpNZz+SushdMJAFfxxJE4V+Jhw2SQkYwOxnBfH3AVhMm4xlx+EoN2cf1LoFNerWPateFRm3vvuHzgN9H3Sr565fx91Zf+xzWanLLrMWLhgxeIcRZ99S10NV/8kdKUsnbMwWPh5FmJJf8tmf53k/XOq1ILJ4/e+1alGgyelkncRlYQabeer8VEfAfVQoWzApkoNFRIliorbIZo7IgW3EsZ9TNRplt8RBaoTJ1piwSswwyHAMbV2uzMbbUvOrUN6LFq8ctNW/kKECD4pAxPtw23AToaHD2Nb0dJWCSwreWnV1YMts4seRxs1o2W1j+y/HCh9UTfyyxK/lYfHU1eUAOzZOj9Ti0Gle0GmfwBR1ruAU8SkNwNw7DChez7ZhrfXg5iKfVis0RRJUy7Pb/0p1H7D7ckjzKym68XKXU8KrxcWUuiDf489T0uKw4PhzJPcrKbrxcpRTZ+ePcUwbxBn+XLzC/QQ3untXlyArjEdquenU7b09JrOxpZ+VpoZYtUA57N/H7QICNjBGybdqUBhAywxttXJjcKId2rLQXK7NpVtFRLXd35CM6cpt2/BL3f3upkCOPx+HhZXeLzXwhUulCJNNC/uJ3DJnhdeb55TpkPul95Ep5WvlJR+51HPlOv+yvdDKciwSZF1BKMqyE1XQiVZyaODXx/1t9Xyda6MhQGEpyhRxlX1WWup/VYOcJUEAmCmOUI1Sj1GOsJjkftz1ob+eD8FHkoXWTM602SM6qaf1lTHGtolWDpwuocRmF1clXki6FEc9SGPGUYYSDqGf2LgtisZV2hwBzp4DSTgFlWBOQbaPXItbYELDR2FCbYjJN7xriwgHGhQOMCwcYl2wDI6yYdtc7VuSNFXljRd5YMduxNMDWOuodqePU4EOlvo07NH5ReVXm38ouK3bhnbgQ0bhKfRr3a52y+kLfxK/h5l9exN+/Zqg5alI4YQoIPFhj7/AV5nwNQKRnZvrfu3Y/6NV77KSSN5cvl7yZ1mVMrx6jx3frPq5Ok6lxI5avzh++jLlXmd2z8MqNwm4/VQncP267EQjZPWUPie8xamTnlLGjPhlbTG21NC9/xfLSe7Zs2Z7oDwu34BXznt5XFoejiynlHpCnviZL54LzLjNlJ42c8it5BZlz5LZZiae+JjfJQzLvMuN20pRe4jd8aZAnc9KYHei9ry4Tm1VeGJz42WJo8obrt4vJ03Lmmb6yrOAutlzDbfmlydbFNjBAVdnTxtrLupU1s7Z2gNaEEPlsrTR42SByfOQjx9by4e0P6BTCvUQIPz9UftkaNbKnvXag7ILx1SK+RHz6qjzks+VG/R/M+u1c/zJV0NcT6UPruDV30vt+7/SdbzeW7tTbrbvvYLehnhPdJnjOdfrNbbvbA6e/tW+09vWc5jutdmJ1qnSVaCU5WvRF23Lx1krayp6trDvLoaGHPCU529rktjfIi/AqtTGvUvPxKr29eW0l4aAyN6tkMcvNqtJmleytbb8NE6cGyhGA3hlDAK4OftyO/JQmx29bZke2eltqOzXgGztCT222IbMFlQWJpZ4aOvUlnRIT/8FiTFFhfVoztJLspTEHNB87W/4xgD/hRuLIrSdztVNuctzQ1rVIrW29N30iioNTHg8Z/HzRqiv02JKcgUW/5Q5dSOI0g/s0H34pU+3SvhdRXrpBNHNLbpe8KLlbsn7NLhb686b98yaiq9ZHt4uP0kfWrxdRt0547bCaoTXwNhhUvVpgQNUqlSv5+1X09fHWenlW8HB3c3VxRju2xxXZWFupVZYWSoUkCowSCIz1bZikNfgnGQR/38aNq8ll32SsSP6qIsmgxaqG3/YxaJN4N+23PfXYs9u/9NSbeurLehKNNgIiqgVqY321hhMxvtpi0qFNAvKTYnwTtYbHnG/B+amct0Le2xsf0Ma69IjRGkiSNtbQsH+PgtikGBxuncoy2jc61bJaIKyzVCGrQs7g7Ju5jjjXJ5yhzrF11lFQWuGiDG6+MbEGV98YeQUG5heb3NXQuk1CbIy7t3ditUADiU7x7WIA3wYGmwDeBaL5NAYp2qDg02jT5N3ABO26wN0FE4s10CUpQN3Vt2tyxwQDS06U57ANwHljDM6D/3L5UsTB7aITxn7d6s4KYl3StHKxoGCs1lDYJuHrVm85TUzEMfBZ6tcwqaAhTj0RhdgsTouz0dGJCQYyGqfUyjuRd2XaX6pvrFyT1FNrsPBt4NujoGcSHo1bgQHaDvIucnPTb0EjdYvVFsQn+HobIt19E5NjPNY5QEHbQetd9VrXb1uqBa7T2JoEu87axsyorb5mUsvaOMe7y1yztmWSJfKKfJugQhi0KVpcSYIv7qm2nKTWhoKU2tgNX4kEnzJ0xRNJM1hEJxVo6sj18vMG0U/jqy14DagBvo8ffVuTbK6R/DSvQWZlPSlTNWwv5Q0BAYaqVWUVUUTjmeIa6/NyzWqB/Yupr2+mRosZig9ao2yTE+sEofi9veUDnlCshy5YMOS1STCVtdDFvQj0QQGJBpokt+wubXFsJ7fklbaUPZ7ki5q8gf8Sl6NB6V/2z0bjZB/bo46BOP0nzamm9mZxvs3adEjQxhYkmWXbLP6bkqm9dlmbmTPYRycwd2rmqDvjraiUHcs6y4UEtUHww38SV+quxQolaiWvIdqGBk1SY1OaaOnt/d98CL2i/BTPvjxmXqahTsC35brflL9ZnrqA4YIFf9osvkNBgeU3bahqpgmbmDPUeIhP8NZGG6AdWqYf/kMvUFumRHeDHkUWLXdA/TNVmYvfdHQ384n4krWzWmBDBLqCgoa+2oYFSQXJxca8Lr5ajW/BFrqX7i3IjE0qVZxi49YJ7oaGExNRVj1IHTQKCg3W+ZJxbdbpybi4DglbNADacfEJRZTQ6KQGiesqYlvCFi2AntdSuVaulAtauQDNCG6yiCp5f/cteoA83irwCl5OKSbA65SldQRSiqmpTlNaR7FOMNXpeZ38kjEGA4uvtYebZGI1MP1FEzH9vQuAczfMHXgtOP+gy3fuIFlUHdN4zFsroqCF+c7NsKoRJSRYpbOQxABrvCKKoEuWLAMkvBbmh+E1sjBO10YX+FWNxyLPPA+I4O9W0AWyIQPSIRVykOrLb533V4MJDtVHSxP/WHly/yzd4IdrKtTzqO44fnJhvl2wLl9I0uWz5oXo4Si1rL7S9o/Wxo6/HNtd+nQFXEpmcICuisTaCSp7n+iMzEFZad175Ggrp1TRBoeHh2lbpKVkZWRndMvRRmdkZVYP9tR5mDo7ftuSkZWck5bRJ9hb5yW3M3uXL+1tMzJytFH9cnpkZKXlDNJ5OlvpwnS1Q/BVI1gX0sHZKjgEizWxEl8ddIO4rHAQCa98ccH2Olu5oLS3/C45u0dan+45OI1GZy1XKuwVbVO79s7o07V0YZb/0cJ8dd6mhbl93d41VRuX1r0PjqptHR2lyyc+OquyAyREBJZPbADrLWk+IbB50NALndbHhi8PXRV85b1fzSYDdn/0mn8otu/T0w3vnZu4r1fztl1ezaH7Wlxqkh5UsX7qrpO+m1WNNw/vdy12x4op1q0P+AW8KLxr5et1Oqrihy5zTrnGLpnR1GvOifVBPvuaVsvNuOzoWXdiuCb82o4qr7rVrUZCjCWVGi/dmE7Gzvu4tShleP77joUjRo2ebHhRPPPXU7WXth7tXGlsy2u6N1Dv1cH39UbsHPM4PXxZ9dA3G6qvtRzaZdrAbvNmZ1uNWfti/0vtllZ2k1KOBV4OiXV9sq3prLqt41xOdmszaMXqsYfb11+Q33pcH3FdzT1DKu5o263enJbHA4bV6DOqkXR6/u9Nx9A+Y2Dx7rE34ihDxf91xAfdiLc6exRnBT9BrbOUlKi6oqhgTDdikVxLhBFzdSN+ytN8/3vm07Ss+b5thjkUtZhsPLYw6/+8vuXbwB6YEBExzvZ0/Tcpj27odTbyGu0JMQqijmGmqyBXWAtOgsPxCif7Q+b3a59f2d9ybpuY6r/GpDzTqeRmG0EOFMd8ZTpM1oghK9cMa+r/4uT2ljmLEirlVO23fsznlc1nDoQW948+dPkj7YD1otyXNPrg0bHH38Ud37tgR/uMZykxv8XAk1mH5573KFYtcLWaefGK5+oqQ58+Xpq9asr18Mn1ZvfcXrv3mXFrfT/fuH8hzWLauB0lt2Bb6Mu3ue81dtXFh1VmzWjQq3LfzbWn3FRYHenU48SOvKhe3ZZv27xtcujRF0yTO/j1mZsNbgwpuXVrVcmbG+et1mdemH671abai3Krnat3NVTVJYwuGNHTd/ybjilTDB22hV9MmthulFuN13VnF+arF3WesD5w88Ilx1Ze0W7apXMdrXWwqrq97auomz/obk+vnDZ2T+afL5etPJnXIKu/NWLMYMSYLmaMSSZFP3MsdPzajkTEmf9Bq0bACUagCUGYqVkj2Aw4NcuKuhEj/z9ZmxVXHFRdoUWr1m1Lu7P/oPt/iT1L+ua4HLs6L+jD8xTXvF8nGw9njlQvbFT1w4cOhpMtbHbUveJ9Qjw/NDdy45z+fnX+KGylvZN1Nrrv38Z0h/cLRhX5jd3hsLHTzrDx1Q+sHJ3Ud/SISltqsPerL8ygTza1s6XHRo5+s2d0SrJrocO8XxbMa5gSdsk24rtDjbVxTm+PJ5S82e12dFPDdKt7dcSTSz1uj3t2bcXezJHfn37xIrL48uJffoU+K0aceFJHWL276fRA+5v3o/pb5JH07toNwYb6vc7olSPPZ+om6e7unPh70JNzYyLdOizZ3WP0vfG501jTPonR2sbzxpUcid18r7lAVF1OLnrkMcPv8+/rrA++21TRbcjH3AsdW57uft+MPe90I17/M/Z8seLLWeeOqbt0vvZrzoLO1rOjln9vH+3Pj6+CjWz1aMiKPI4bFXwFF51T3j+bfYzcwUuop6urCy8MK6w5pkaPnJzMOkFBKVnp1XuXnmH1lIzeQZm90uTaoMysjK79UnKyg6LjUPGqY5WucekKCREidHV0tUvLOjom0DzggAED/mnA1KyvRsr5F4Pi6JOUVOlSrq6JXaOosIgf+m34axHUsm1sCEz4eXbu41/tFs5+4rL+pze9J1/SuXms9k6Jajjj4lq3ys1+qjVUH590vMv2+5/SlnUefmDs0jHq3N/+TBx6ddz5AQPFpRWPdn3Xss3mmMqT3QLjlZWzDni51As8BZUy7E8vSX5xoUudHdBSDJrTfeidlOjIuuqdExSDbw3U77ox8ORY7SLXhduTni1Y1bZjf4fP7gPFiyn9eo34PLbh6tWJbXcN2bXWdfH0oheqwGE6zdXgZjtHdRj+9me7gfevD0taaXUw2PNN1tz63U/VflL7ZLh79tW6l0NvjDwz78StCdfdSroqO699U704xK9/mt/L85Nq+u676heD6PMLos9oE/poeqrmtNoNfittr8Z6JQzuvuhfMeh/JtappQsPrqUL1oWGhsnQE47F/4FYJz6td2p2TnLvzP9urPNHWJ+Paw83aNrX5fDJxvXjdn9Y6bA1MGSbXau2h0c+rl/jcpPg6ZU3Tet606v1qK17m50eLr572m/nhEPLz69Jy+w2sFK3e5s2Px295cSTFZ/tFqsSfaoEndJfbi+499/Yu2vvpvFXrz2/vmvByEN5N4Y3p2EzX++er2zv2aPRicu7+3cMGrrJT9jQ/vueHinGvNyIJ+cFvxbhA3IUnfZ2vDQmLLDfEesHnuEWuf1LfknvM/jmo/pTfprf17pz1VYuXZJC5p8Z2TLAp2OP2AnXg0ZpWhe93+g2Kf2J38/2745pLo62fpXfP7vWwR8HLzqeJD0SDWNqbH438/tRUaMSRs/sY/AKbHw8Y170zZ73hvtP7mXCm3xSGSVS8Z8QR/l/R7SjkSzMNwtHwj/r+gooM+61jPxpS+jKZmOmbJ/3YFXdqOiDv+tcyx5woILa0xLioB/eQqIh6ttI6N/CqH8AqJktbIP35rbeZjt5YbKCWE/MjJ30NDt+R6SFWM1Y3CZutMfj8Gmbf22vuj5xU1330x9XLTuyeV0bb/cMZdqwXmyRT8PH6Rt65/oUNzw76uUkm52Kglp7Hg67n9kpdsH0M8dPXpu8+9auqidyHx1ZE3J+7JZjKftrnXbx3tX/et25692z53uPu7Rhg138xFfz9qY2nVvZf15SgU3dQ/apAxtvO7V6ZJ1Whi4J13X374dXuD3+xZXwEe/tvSd2zUuRhFkv5tLooCENx2010sup75tev8JyZqwX+6iP//JH5eTcxs+d59l616YeY1dJB2aFFN/RH4yrt+O38dfvdQub9Mpn1rzjhgHxbepcyIop8n2DALUCAWp6aXgkLtLx8Ej5Pxce/RsQyBhVWxcWUhOhKTi4poxRNUzFYLmoG7H+/0R4VEnnZyp69olOy+yRmqWNiYvVxsa1rFO7ZkyNajV0NaOr1WwQ3TDYT+dr2pPHt3uqFidvShuXmtU/LSX1v4S3Z0K1olm73UZ091vn32W9fbOTuq277Wp/GpEaqthfq6hijzcKYbfip1ebnw/x7BLY8HKzxW1CN59Nf9yh7oaRCxvVs1VWr9kr9u+9ERNpN/qbS9rDpo8rBT6JGPD94nOZc5p9N0rz+9pq78ZX+PtBlQ13T82XuizLit9b9+CpyOJbhgRN+p0lF/ft7Re249XoWyPuVb7k/vzFmuf5v164yBYtcBz1sd6Hlbc2hRwupF1f/m108++rjCtwpC9GVurfJL/vsqerQwYevJju1Mon9acuLRoGGX3Xjn60NHMHO3blUoh4IGCqftP884Fj0jcfsw8ZOungsDXOQSGfum2rYIht9271h2rdR3avMmPUmQ4Lfb8Op74Awr2f3rx9OvH532m3E3u0fDu7YPC1n6t/Eyn9I2L8v4mUcrIzU5L/t0RKpSPl/DNYfxP/Sbv/Ca2sIgd0nhaxc0nNxVdFcZRX+xdP5yw9pJwUtP5EZN/zY3IHeF176Fy0I/f2+zkvLGMbr3bYlhb4on73LvEvngyvZDs9/NHJy2Nbjnub1Mh3SCVHvXLBLqtgIf9SzU3qeXB2woqByQc2jov6pX6tPxIWV/q5zpUdUieHpUU2zfdMjpjwosucd90en3/pUdkQcvVosMX2jz49Gjb/cDbb526VyT7wsf0uac2IQsetoe8rT/Zq2kVcOP71iEb3raYpLybUneLZyyLtt92Nc9vlR3aG2tHzpOORl4J2tcq2qPd56w+vDj0K29s1ubDFuXqZx7832I/Yc+7XYLcdXS/MOjM4sur3DeMsIk6w95GJcHx8XHJwvvAzItZPlBDdiLH/g1e2by6SXz7qKhxxUPZO5mOzYMHqrz9Hw3m/lFTB1rqvWx0RNcoeFIJR1Q+f3Rx9q+amglMHnxUXPNu/8ObwdU113b56RB2coGtfGJhXFVpAGqRAFmTwj+K6QQ5o0R1mYE0mT5OxJg25Pgv98yr+h5qaMygzo3tWcmaPQdp/QSYhn8CkFl0/TIk6NVozpP/fx6xmFTb5eDfqx1061YMXHWPnPPi+0YQ+g56dnup4Lr/Yutas8O57xlp9iNEvS5+3OtMjNXHatTPrcu/O2xK6inzYs7r583C7ksItVy65TG/rXbVq5+SM1B6PU9J+ev7dDvL67GXfe9vzz+9/F2As6RF3ZXK9Nwdrbhp/Yd6ylXufeTsMvW65Y/+affeGrmqSWThj6f1g962Oiw+1nz3mXNMLk2bmTUrXqlMvW+7KdbccNDS67VzfhLMZ7mmFN1hmm7rk/d5lVd/PbH51jbXP5C4f2xc8cBgUsvujz9Sh76YrOzvMPytWXNGxcsvDa1Z3UwadTv1xZbctEw6tO3ulx5DXhoIJ7RbmUy9dPnX/ckpScD5VY5Xy/7g6/quL/MZxK8zqWNhJ5/K1Lqq+fPBLcM6yFjHYhn/+UCMkODgspJauRod/U0XHntOOVFsyNffhs34D9znt7H382N33/4JPsooct+112L7Szr5RtRI8f1h7uPvZeTbbxUYs+e67wtY7SItP1YOtVKTmnFtn+j1MuJewfl5+/Mr+HWpPb7P96fmTmb9e/XlA3yu37gxc/3FOzsKJnp2Lpl25v0TaGZsdtb1m/wahEe624fe/u/vMb3t98rM1ne7rW+vAad+nS1rubzfl79yIJi8LC16fLnRkJ+a+mKivWu1yu4sTdk/tp+x9/IDBd/Gf/Z2f3zmlWJpTLT33ezj946G97R/fWdK92thlZ+ziAid/qpcwICWunsfmKo7DPtr3vyDeWfWsc50Lt8Kmak8fpmfH3NwYMjLl8P2SG5X1jiNfWd/utK3jwsbHj1xYWTu4bmbt9tEhq04vDvxQF2ALxLPK6/1dvH7fzqrATSTKqhQFVPDawiqxCkV1vfTFzHe9nWOITVQ1Jv9GdxBPtZhmIK1F2oUkQGcmf+OUBtPhSHlIa5F2If2OJAFgKrdqkTKQFiDdlFtYBeZRpPXSRFVirvisK1CwYc7wFMmIxMAL0yCkVkidkaYgLUCSeD+5JgNpONIupGe8Rc+ci6bXwLU7F03g2fqe6SG8mGwqduzEi+u/SzTlLdqY8pgmpm51TN2CQ03V1RuY8kqBptzOLyRPzi2tQnZHOTEn3KQTLjwTU0L3AzpF8IJC5ggGJMokc42e2a2v6B+yYBcTgDA5YOgKXsbdjBRZ2YZEWVIjfQp24EWf0MemFvp4vbVtyIKopvRPWIu0C4nRP/F9i96C4fSmLHNMI5EWIO1COoX0FEmiN/F9A9/X6XWwodcgCCkSqTPSAqRdSE+RFPQaphoqf3cY8FTmI/l3WPyBqYZexW1dxdSGXkHuCr2CSztbFBYesoUzAUFmxsvPzDi7mxk7p5BieqbofRXUKH88adSobcwH6kMN5lPkF+xVzFyKItK8iunt9doAr8IoHT0HBvn7OnAl53Dmc6BFao2UhJSJJCF3AbkLkIc0FakQyYCEWoapBklLjyIdR7oAOiQ9UmskJf29CKcppqeK/Bt4RTnRk/QQOKPET9DDPD9OD/L8GD3A8yOYe2J+lB4s8vSCKBW2Az6jwVyDeRC2i3TP+op2XsYoW7oLZeeFaRBSJFIrpM5IU5Akuov6FHX1ssNBtsFRJWDPIrjP86WwSAn6nl56/2hUQK2c+NephxwmC7QL/Knef9YcLMqJ/+TpyMmJ/6iJyMmJ/+ARyMmJf3p/5OTEv2tP5OTEv0Nn5OTEv1U8cpgU0/mbK1byCmvVi2ijbOgAlNIAlNIAlNIAEOgA+Q3vBXltPxdVrYoSm6sPqFLVK28rydtO8tqSvEUkL5XkDSN5I0heBMn7geQFkDwPkudJ8vQkbxupjaLII/oN3xTD9S4k7yjJW03yskmeP8nzI3kVSZ6WhOmLqXdRkxo8i+XZ+ijZ6DCvVx/Rx4Z6o0S9Uee9ERN2YXoKychLeuyk9TF1dvWUc5/1VSNN5ep1QjKiGtN9+OA+PIZ9cANJwAPah2q0DwfZhwPYYBqJ1BlpN9JTJCOShL3lL8ObwlMbTIOQIpE6Iw1Heook8eU8RaKQYV7iWr6wIPOiW8klug/fPvj2pt76ChoPTYCmMZviQWw8SStPoycNAycn9Id2tkrbYmK16a3Vu7dWYBFlQSfTKVABD2KqOZ9S9L6CVzGZXeS/zSvKkfwEngJqHQkHf+KHeW3I5uWa4KGU81DwoCsxDynyaI+P2RT5B3ptJdbyU5u83nv85XXfo5gie89jm9dFbbFAirzOY83KTV7nPMZ7HQkqVmLNdv9igtlWLe+6xaO21+qjvOsIbJhb5DVMzjZ5DfVo5NXLgzekmhp+yMaS3sarrX8Hr8Y4XoxHFy99No65ySvS4wevCFOvmvIzm7x0uIQAE1sVF1vFg0/q68kHbBdWTHroAxWzFAmKVopaihBFoMJb4aWooHBXOCjtlBqltVKttFQqlZJSUFIlKB3kX8MMkH+q7CBp5EwS+NdCcl5Dv3z5I1CipNAUDPasGW0W14A0M+xOgWZdtIY3cb7FxLJNB4Po24AY7JpBs/gGhtoBzYoVxraGsIBmBkXr7xPWETI5EWsNdFwxgfiEYmKUq0a7y7+TswUIsR09yV3OK4+elJgILk79I10i7erbhjeM+YckyZx+9XtgLt/wFQyzmsUlGFZUSDSEyIyxQmIzwwz5l3a2kBfkWWzMFvJczhITtrD65EVsW7me1Y9JTGxWTNrzfqAlz7Efasxz3k+JjlnuB1qlp6nfXFM/P3we+1WUM+xnYQF+vJ+fhQXvJxC537rsirEx6ypW5H2ctZDN+2Q7a7/uc9QP+/j58T5OeXCU9znqlCf3MdTnXTw8sIunB+9C3MCDd/EgbrxL+y9dgsxdxpd1Gc9nYuRLHw9TH6ubpX2sbsb84y/Z/fMrtUFAAFlfNzGlo/wLT0m+salISYYJ/Xu4GPK6aLXrUhLNvwnln9QlpYecJ6caEn1TYwwpvjHadXU7/kNzR7m5rm/MOugYG5+wrqM+Naaorr5urG9yTOL6Rq1Dw76Za3zZXKGt/2Gw1vJgofJcjcL+oTlMbm4kzxUmzxUmz9VI34jPBVzHWyesU0KDxOiOpnw9VVmivia5eyc2cNJk1ufKW9fbZZj7VoxWloMqINGg9m1gsEKSm6pFVYuSm9Cm5CZr+bfazE0uw+p6u28ly81NGqy29W0AATn9svuBS2xajOlfNr6wKqefLHBTGpD9H72wLdagT47JzgFoZqga18wQ2aZDwjqFAmuT5C0Z6pTWqVSxxcbdpsrqWFlHrmSsrKNcFyHXWViYO/77+fcz59GyFeTJf5Sm9yQ5kJ3IDJ7N4ilCQbz514e2Yiwlu4fsRNxgNgkg2aVjmJfN/+6CZ/KeSymnn5kzyyLHnJuexEeyS0VS9pKFFVAmsRwcsPRV9X8f0UKM1ZcCSD5fSJmPB6lGKgawmS5/P3k5lVM5lVM5lVM5lVM5lVM5lVM5lVM5lVM5lVM5lVM5lVM5lVM5lVM5lVM5lVM5lVM5lVM5lVM5lVM5lVM5lVM5lVM5lVM5lVM5lVM5ldP/b4j/V46uc5v1vry9s03Ea6W7kv/h1aLbleS/m4Ijq45s+7D2c3cNKNVYtDB/nzGIW8EVyU1cBq6CP7gAGO8i3ZPzkjTjPbldzukD7FxsJoDlsJqkwWrYBXvJM3xqLWyBDSD/iXoMzINcmAljQYIOWDMe2uJbxPqZxNW4AYJgITCkE9j3OxgGW8GJuBjvw3AYzc7iU6PBCnwgClpDBkwizY39oCPcEEZCGDSHPpBJ8owJxsnG6cbFsAS2sMPGz6ACN0jB9wnjE/GS8Q+ohk/8CHPgBplusRH0OEse9vwFsmAu6yQQY3fjB1yBNwzANQjQAk6Q3TQAR0+Fu8SF5LJoHOVXo8G4H3t5QCfoAXNhK6lJGlFvsaOxhfEEOOEcA3HUOVAEm/BdDDvgClGLz4yLjc/AFQKhCe5nA5wku1nJ5xElkfy/2XSBKhCOLRmwEw7B78SX7KEZoloMEfXiYOM5cIBgaIerXYZP/k3e0mH4Hs4OCg2NDcAa5TJNljYcgFvEjQSRVqQ9rUIz6HyWBUqcMRjfXSEN5T0bR79OAsgmqqan2K/CSuGjVKHkptEaT8QffoZfYA+xwp1qSTbJJxfIbRpNO9Of6Z9spvCbcEaRzP8X2d4wCVbCW2JHapM25HvSg+SSsWQamUNOkN/JPRpF42kv+pT1YH3ZDqEBvuOEbGGkOEacIN0rSSjZX3K65K0xxDgG2qA+jMDV/wjzcWdb4BRcxvcN+JOIREWs8a0l3qQdGYLvYWQSWUSWk9/IBpzld/InuU9ekNfko/wfplKJulNv/ifqvjSLDqAz6Tx6Ct+/00f0PXNmPiyA1WQRLJFl4KrGsqn43shuCW7CKcGIcg4RZ4kLxOXiSnGv+ExSK/KVoDz+6dfPVT9fL4GScSWzSopKNhhvgSOeoRtKwQsicPXJ+O6J5z0LNW4tnCVqlJ0bqUrqk+Yomc6kJ+lLBqIkR5G5ZAlf+xqyHaV0kTzFNVtRD77m6rQmbUBb4fsHmkr70ql0Ot1AL9APTMFUzIY5sqqsEevEUlkOG8RmMQM7zq6xP9kb9gnfRsFS8BJ8BH8hQGgkdBb6CfOFu8JdsaN4TLwjWUq9pTFSsfRcUUtRX9Fa0UbRSTFFsUlxTpmE2rkPNsJm+OpFbrIRLJZthMm0huBKT9KTqM+doStrQVFT6XIyjg4lG2hFcaBUl9YlLeGZ4I+yPkgX0De0LmtBmpE46EmDTaNJDsIKzCKEffBY2I57O4kjD5TUZBh9KqmhiAANxzkPMJ0QwI7BFXaDKISFcFWwJM7kMV3GWqMW7BDqiwngzebBGtaXDIWNNBbA8qNyIupxS7ICcSGehJB3zAiMtkQtCmO3YST0opfgMdrxOPiJdBW6w2SoQXLhLixFq6gi9pGqSo7kCE0TCqg92QBU+A13F04qEiY6wCjSic2VntLL0A9OCZZwna3C1Z+ia1gL4ZnYlvRACxgKY6CvcQQMEhOEM6Q7MNIe/ISbiG65LETwxnw4okpHxLRNaN1bEQeiWAuscUHNaY560Q4RYi6+ZyNOCKhBaWjj3yGKnYQNUjwthu6iNUHUARCOlbSFDsalMMfYHfoYp0M1xIOxxlwccTncgSmwnIwuGQKZ4ImWc500FxvSU2JDYzVaQC/TODrr2/NFafsRF3iA7zVYqC9ugwLhIsRBpHGi8Txqd2VE2DnQBZrCX7jLJzhDY7YbapS0pOuMDVkm7vcGtDEuM3oRS+hhTIdWsB2WKERIVgTgGRvIGdzvEEilbY05LLUkDeUwBaWgR2n1Q/wZz7+0AF/GSmgz//CySgTTVxswlIqIqKRABLMAS0RyNaK/NdiABmzBDuxRXo6Its4oUdki3dEmK8hfdwJaxG8f8IWK4IeYVgl3VAWqQgDiYDWojuehQzQMgRoQCjWhFvqO2oi8daAu2nM9qA+RuNYoaADR6JVioSE0gsaIy02hGf8/mVvifluj3bdFicUjIrfHM0uARPRm3+MuOyE2doYkxIQu6HO6otfoBt3RR6QhRvSCdJRnH0T4TOiLepANOSiR/qihA2EQDEaZ5aJODUOtyUNEzEcNHoW4Pga1exxKrQAmwERE3ckozamIl9NhBkr2R5hFKGoQahJh6Ft/gflEgEL0oIvgV5C94FJYRkT4DVYQCT3yGsQoA6xDjVuPdrIRT2ozatEW1M5tsJ0o0Pfsgt2wBz3JPtiP3uQgeovDcASOwjE4jh7xJOLz73AazsI5OA8X4CJcQp27AlfhD7gG1xG3b8It+BNuo+7cgb9Re+/BfdS0h/AIbfEJPIVn8BxewEt4Ba/hDbyFd/CeKOEjfILPUAJGDDwsiCXavBq9kDWxIRpii17GnjgQR+KEmOBCXBFf3YkHqUA8iRf3Dj7oLSuiVvuTSqQyqYLoG0ACSTVSHT2hjgQjNtQgoeija5Ew9FfhpA6pSyJIPcToSKInUaQBiSYxJJY0JI1IY9KENEUMa05aILa0Iq0RxduSOBKPPqg9+Y4kkETSAT1eR9KJ/ID4nkSSSReSQrqSVNKNdEdPmIa23Yukk96kD8kgmYj/WehLc0g/0p8MQF8wiAxGX5ZLhqI/G07yyAj0DiPRP4wmY9CHjiPjSQGZQCair5tMppCp6FWnkxlkJvmRzCI/kdnoY+eSn8k88guZTxaQQrIQfeKvZDF6l6VkGfcwK8hKsoqsRk+zlhjIOlJE1qPH3Eg2kc2kmGwhW8k29EE7yE6yi+wme8heso/sJwfIQXKIHCZHyFFyjBxHH3WSnEIve5qcIWfJOXIeo4GL5BK5TK6Qq+QPco1cJzfITXIL/fBt8he5Q/4md8k99MkPyEPyiDwmT8hT8ow8Rx/9krxCP/2GvCXvyHvygXwkn8hnUkKM6AMJpZRRAZZTEX24giqpBbWkKoxPrKg1taEaakvtqD11oI6wgDpRZ+pCXakbensPWoF6Ui+q5T7Ul1aEn6gf9aeVaGWMfqrSABpIq6FvDaI6GkxDaA0ain62Fg2jtWk4rUPr0ghaj9ankVSPEUsDjHRiaCxtSBvRxrQJbUqb0ea0BW2JXrk1bUPbIpbG03a0Pf2OJtBE2oF+TzvSTuixO9Mkmky70BTaFT1cN9qd9qBptCdGQOm0N+2DcVgm+vQsmk1zaD/aH2OTgXQQHUyH0Fw6VI7jaB4dQfPpSDqKjqZj6Fg6jo5H9J5AJ9JJ8hfoYDwwjU6Hn+kM9LQ/0ln0JzqbzqFzMS6bR3+h89H3FtKFdBH9lS6mS+hSuowup7/RFXQlXUVX0zV0LTXQdbSIrseoYiPdRDfTYrqFbqXb6Ha6g+6ku+huuofupfvofnoAffkhepgeoUfpMXqcnsAYQI6iTtMz9Cw9R89jXHKRXkLfcoVepX/Qa/Q6vUFv0lv0T3qb/kXv0L/pXXqP3qcP6EOMvR7TJ/QpfUaf0xf0JX1FX2Oc8Ja+o+/pB/qRfqKfaQk1MnSfjDLGBCYyCaMeJbNglhj7qJkVs8YISMNsmR2zZw4YCzlhNOfCXJkbc2cerALzZF5My7wxwvNlFZkf82eVWGVWBWOmABbIqrHqLIjpWDALYTVYKMaAtVgYq83CWR1WF+PBeqw+i2R6FsUasGgWg7FPQ4y1GrMmrClrxpqzFqwla8VaszasLYtj8awda8++YwkYR3Zg37OOGJX9wDqzJJbMurAU2MG6YpTWjXXH2DeN9WS9WDrrzfpgzJmJUWcWy8YIrh/rzwawgRjJDWZDWC4byoax4SwP4658NpKNYqPZGIxPx7HxrIBNYBPZJDaZTcFodRqbzmawmexHjAB/YrPZHDaX/czmsV/YfLaAFbKFbBH7lS1mS9hStowtZ7+xFWwlW8VWszVsLcaM61gRW882YNS7iW1mxWwL28q2se1sB9vJdrHdbA/by/ax/ewAO8gOscPsCDvKjmGkeYKdZKfY7+w0O8POsnPsPLvALrJL7DK7wq6yPzASvc5usJvsFkakt9lf7A77m91l99h99oA9ZI/YY/aEPWXP2HP2gr1kr9hrjFvfsnfsPfvAPmL8+pmVYAwLAhGowARBEAVJUAhKwQLjWpWgFqwEa8FG0Ai2gp1gLzgIjoKT4Cy4CK4Yu7sLHkIFwRPjX63gjTGwr1BR8MNIuJJQWagiVMWIOFCoJlQXggSdECyECDWEUKGmUEsIE2oL4UIdoa4QIdQT6guRgl6IwntKtBAjxAoNMY5uLDQRmgrNhOZCC6Gl0EpoLbQR2uI9Jl5oJ7QXvhMShEShg/C90FHoJPyAUXeSkCx0EVKErkKq0E3oLvQQ0oSeQi8hXegt9BEyhEyhr5CFt6AcjM/7CwOEgcIgYbAwRMgVhgrDhOFCnjBCyBdGCqOE0cIYYawwThgvFAgThInCJGGyMEWYKkwTpgszhJnCj8Is4SdhtjBHmCv8LMwTfsF4f4FQKCwUFgm/CouFJcJSYZmwHO9rK/B+t0pYLawR1goGYZ1QJKwXNggbhU3CZqFY2CJsFbYJ24Udwk5hl7Bb2CPsFfYJ+4UDwkHhkHBYOCIcFY4Jx4UTwkm8I/0unBbOCGeFc8J54YJwUbgkXBauCFeFP4RrwnXhhnBTuCX8KdwW/hLuCH/j/eOecF94IDwUHgmPhSfCU+GZ8Fx4IbwUXgmvhTfCW+Gd8F74IHwUPgmfhRK8gYFIRCoyURBFURL/H/beOz6K22sXn9m1NNJoNoApAWKwKabH8ZTd2U0Iye7OTkISIAmQhHRjHDAxNjE2pPfee++9994L6b0XCOmV9J5A4De7+8xY2S/ve9/7+3zuvf9kF8850mrOo5GOjqQjadAII5zoRARz4ARZj/QivUkfUk36kn6kPxlA1icDySAymGxAasgQMpTUkjoyjAwnI8hIUk9GkdFkDBlLxpHxZALZkDSQjUgjMYM5nk0ckiQp4pI0yZCNySZkItmUTCKbBfPsLMmRPPFIgfhkC7IlmUy2IluTbcgUMpVMI9uS7cj2ZDqZQWaSHciOZCcyi+xMdglmWbuR3ckeZE/SRGaTZjKHtJC9yFwyj7SS+WRv0kYWkHbSQRaSfUgnWUS6SDdZTJaQfcl+ZH9yADmQHEQOJoeQQ8lh5HByBDmSHBXMk48hx5LjyPHkBHIiOYmcTE4hp5LTyOnkDHImOSuYqZ5DziXnkfPJBeRCchG5OJi5XkouI5eTK8iV5CpyNbkmmMleR64PZrM3kpvIzeQWciu5jdxO7iB3krvI3eQeci+5j9xPHiAPkofIw+QR8ih5LJj5PkGWkifJU+Rp8gx5ljwXzCBfIC+Sl8jL5BXyKnmNvE7eIG+St8jb5B3yLnmPLCPLyftkBfmAfEg+Ih+TT8in5DPyOfmCfEm+Il+TleQb8i35jnxPfiA/kp/Iz+QX8iv5jfxO/iB/kr/IKrKa/E3WkLVUoSqN0TitooQW/196RnkwdxXUoAm6Hu1Fe9M+tJr2pf1ofzqArk8H0kF0MN2A1tAhdCitpXV0GB1OR9CRtJ6OoqPpGDo2mOONpxPohrSBbkQbqUktalOHJmmKujRNM3RjugmdSDelk+hmdHOapTmapx4tUJ9uQbekk+lWdGu6DZ1Cp9JpdFu6Hd2eTqcz6Ey6A92R7kRn0Z3pLnRXuhvdne5B96RNdDZtpnNoC92LzqXzaCudT/embcH8u5120IV0H9pJF9Eu2k0X0yV0X7of3Z8eQA+kB9GD6SH0UHoYPZweQY+kRwXz9WPosfQ4ejw9gZ5IT6In01PoqfQ0ejo9g55Jz6Jn03PoufQ8ej69gF5IL6IX00vopfQyejm9gl5Jr6JX02votfQ6ej29gd5Ib6I301vorfQ2eju9g95J76J303vovfQ+ej99gD5IH6IP00foo/Qx+jh9gi6lT9Kn6NP0GfosfY4+T1+gL9KX6Mv0FfoqfY2+Tt+gb9K36Nv0HfoufY8uo8vp+3QF/YB+SD+iH9NP6Kf0M/o5/YJ+Sb+iX9OV9Bv6Lf2Ofk9/oD/Sn+jP9Bf6K/2N/k7/oH/Sv+gqupr+TdfQtZqiqVpMi2tVGtGopmlM45quCc3QEtp6Wi+tt9ZHq9b6av20/toAbX1toDZIG6xtoNVoQ7ShWq1Wpw3ThmsjtJFavTZKG62N0cZq47Tx2gRtQ61B20hr1EzN0mzN0ZJaSnO1tJbRNtY20SZqm2qTtM20zbWsltPymqcVNF/bQttSm6xtpW2tbaNN0aZq00qek+216doMbaa2g7ajtpM2S9tZ20XbVdtN213bQ9tTa9Jma83aHK1F20ubq83TWrX52t5am7ZAa9c6tIXaPlqntkjr0rq1xdoSbV9tP21/7QDtQO0g7WDtEO1Q7TDtcO0I7UjtKO1o7RjtWO047XjtBO1E7STtZO0U7VTtNO107QztTO0s7WztHO1c7TztfO0C7ULtIu1i7RLtUu0y7XLtCu1K7Srtau0a7VrtOu167QbtRu0m7WbtFu1W7Tbtdu0O7U7tLu1u7R7tXu0+7X7tAe1B7SHtYe0R7VHtMe1x7Qltqfak9pT2tPaM9qz2nPa89oL2ovaS9rL2ivaq9pr2uvaG9qb2lva29o72rvaetkxbrr2vrdA+0D7UPtI+1j7RPtU+0z7XvtC+1L7SvtZWat9o32rfad9rP2g/aj9pP2u/aL9qv2m/a39of2p/aau01drf2hptLVOYymIszqoYYZRpjDHOdCaYwRJsPdaL9WZ9WDXry/qx/mwAW58NZIPYYLYBq2FD2FBWy+rYMDacjWAjWT0bxUazMWwsG8fGswlsQ9bANmKNzGQWs5nDkizFXJZmGbYx24RNZJuySWwztjnLshzLM48VmM+2YFuyyWwrtjXbhk1hU9k0ti3bjm3PprMZbCbbge3IdmKz2M5sF7Yr243tzvZge7ImNps1szmshe3F5rJ5rJXNZ3uzNraAtbMOtpDtwzrZItbFutlitoTty/Zj+7MD2IHsIHYwO4Qdyg5jh7Mj2JHsKHY0O4Ydy45jx7MT2InsJHYyO4Wdyk5jp7Mz2JnsLHY2O4edy85j57ML2IXsInYxu4Rdyi5jl7Mr2JXsKnY1u4Zdy65j17Mb2I3sJnYzu4Xdym5jt7M72J3sLnY3u4fdy+5j97MH2IPsIfYwe4Q9yh5jj7Mn2FL2JHuKPc2eYc+y59jz7AX2InuJvcxeYa+y19jr7A32JnuLvc3eYe+y99gytpy9z1awD9iH7CP2MfuEfco+Y5+zL9iX7Cv2NVvJvmHfsu/Y9+wH9iP7if3MfmG/st/Y7+wP9if7i61iq9nfbA1byxWu8hiP8ypOOOUaZ5xznQtu8ARfj/fivXkfXs378n68Px/A1+cD+SA+mG/Aa/gQPpTX8jo+jA/nI/hIXs9H8dF8DB/Lx/HxfALfkDfwjXgjN7nFbe7wJE9xl6d5hm/MN+ET+aZ8Et+Mb86zPMfz3OMF7vMt+JZ8Mt+Kb8234VP4VD6Nb8u349vz6XwGn8l34DvynfgsvjPfhe/Kd+O78z34nryJz+bNfA5v4XvxuXweb+Xz+d68jS/g7byDL+T78E6+iHfxbr6YL+H78v34/vwAfiA/iB/MD+GH8sP44fwIfiQ/ih/Nj+HH8uP48fwEfiI/iZ/MT+Gn8tP46fwMfiY/i5/Nz+Hn8vP4+fwCfiG/iF/ML+GX8sv45fwKfiW/il/Nr+HX8uv49fwGfiO/id/Mb+G38tv47fwOfie/i9/N7+H38vv4/fwB/iB/iD/MH+GP8sf44/wJvpQ/yZ/iT/Nn+LP8Of48f4G/yF/iL/NX+Kv8Nf46f4O/yd/ib/N3+Lv8Pb6ML+fv8xX8A/4h/4h/zD/hn/LP+Of8C/4l/4p/zVfyb/i3/Dv+Pf+B/8h/4j/zX/iv/Df+O/+D/8n/4qv4av43X8PX6oqu6jE9rlfpRKe6pjOd67oudENP6OvpvfTeeh+9Wu+r99P76wP09fWB+iB9sL6BXqMP0YfqtXqdPkwfro/QR+r1+ih9tD5GH6uP08frE/QN9QZ9I71RN3VLt3VHT+op3dXTekbfWN9En6hvqk/SN9M317N6Ts/rnl7QfX0LfUt9sr6VvrW+jT5Fn6pP07fVt9O316frM/SZ+g76jvpO+ix9Z30XfVd9N313fQ99T71Jn60363P0Fn0vfa4+T2/V5+t76236Ar1d79AX6vvonfoivUvv1hfrS/R99f30/fUD9AP1g/SD9UP0Q/XD9MP1I/Qj9aP0o/Vj9GP14/Tj9RP0E/WT9JP1U/RT9dP00/Uz9DP1s/Sz9XP0c/Xz9PP1C/QL9Yv0i/VL9Ev1y/TL9Sv0K/Wr9Kv1a/Rr9ev06/Ub9Bv1m/Sb9Vv0W/Xb9Nv1O/Q79bv0u/V79Hv1+/T79Qf0B/WH9If1R/RH9cf0x/Un9KX6k/pT+tP6M/qz+nP68/oL+ov6S/rL+iv6q/pr+uv6G/qb+lv62/o7+rv6e/oyfbn+vr5C/0D/UP9I/1j/RP9U/0z/XP9C/1L/Sv9aX6l/o3+rf6d/r/+g/6j/pP+s/6L/qv+m/67/of+p/6Wv0lfrf+tr9LVCEaqIibioEkRQoQkmuNCFEIZIiPVEL9Fb9BHVoq/oJ/qLAWJ9MVAMEoPFBqJGDBFDRa2oE8PEcDFCjBT1YpQYLcaIsWKcGC8miA1Fg9hINApTWMIWjkiKlHBFWmTExmITMVFsKiaJzcTmIityIi88URC+2EJsKSaLrcTWYhsxRUwV08S2YjuxvZguZoiZYgexo9hJzBI7i13ErmI3sbvYQ+wpmsRs0SzmiBaxl5gr5olWMV/sLdrEAtEuOsRCsY/oFItEl+gWi8USsa/YT+wvDhAHioPEweIQcag4TBwujhBHiqPE0eIYcaw4ThwvThAnipPEyeIUcao4TZwuzhBnirPE2eIcca44T5wvLhAXiovExeIScam4TFwurhBXiqvE1eIaca24TlwvbhA3ipvEzeIWcau4Tdwu7hB3irvE3eIeca+4T9wvHhAPiofEw+IR8ah4TDwunhBLxZPiKfG0eEY8K54Tz4sXxIviJfGyeEW8Kl4Tr4s3xJviLfG2eEe8K94Ty8Ry8b5YIT4QH4qPxMfiE/Gp+Ex8Lr4QX4qvxNdipfhGfCu+E9+LH8SP4ifxs/hF/Cp+E7+LP8Sf4i+xSqwWf4s1Yq2hGKoRM+JGlUEMamgGM7ihG8IwjISxntHL6G30MaqNvkY/o78xwFjfGGgMMgYbGxg1xhBjqFFr1BnDjOHGCGOkUW+MMkYbY4yxxjhjvDHB2NBoMDYyGg3TsAzbcIykkTJcI21kjI2NTYyJxqbGJGMzY3Mja+SMvOEZBcM3tjC2NCYbWxlbG9sYU4ypxjRjW2M7Y3tjujHDmGnsYOxo7GTMMnY2djF2NXYzdjf2MPY0mozZRrMxx2gx9jLmGvOMVmO+sbfRZiww2o0OY6Gxj9FpLDK6jG5jsbHE2NfYz9jfOMA40DjIONg4xDjUOMw43DjCONI4yjjaOMY41jjOON44wTjROMk42TjFONU4zTjdOMM40zjLONs4xzjXOM8437jAuNC4yLjYuMS41LjMuNy4wrjSuMq42rjGuNa4zrjeuMG40bjJuNm4xbjVuM243bjDuNO4y7jbuMe417jPuN94wHjQeMh42HjEeNR4zHjceMJYajxpPGU8bTxjPGs8ZzxvvGC8aLxkvGy8YrxqvGa8brxhvGm8ZbxtvGO8a7xnLDOWG+8bK4wPjA+Nj4yPjU+MT43PjM+NL4wvja+Mr42VxjfGt8Z3xvfGD8aPxk/Gz8Yvxq/Gb8bvxh/Gn8ZfxipjtfG3scZYm1ASaiKWiCeqEiRBE1qCJXhCT4iEkUgk1kv0SvRO9ElUJ/om+iX6JwYk1k8MTAxKDE5skKhJDEkMTdQm6hLDEsMTIxIjE/WJUYnRiTGJsYlxifGJCYkNEw2JjRKNCTNhJeyEk0gmUgk3kU5kEhsnNklMTGyamJTYLLF5IpvIJfIJL1FI+IktElsmJie2Smyd2CYxJTE1MS2xbWK7xPaJ6YkZiZmJHRI7JnZKzErsnNglsWtit/iCbjO+sNWMT5u3QOtub7WsxpTW0ta6cFHroqpCd2eHPnlOR1dTc3NLexed09zZ0dTFOxa3dC5q7uhsoQta5wS/0uzszpbFLbSpRLRsx9yO9pa9taYypV5zU2dHe3BziXglGVoBiVqQqFD+taVMtmlq7u5qoW1lsk05sq1EqrYJEKvairBTyz+3l8nUcqr2EklMm9fdPreps3tBW1N3V6JDDtHtyzd0lsn25fs6y2R6OXJRiRgzmjsWLGgqP73RJQXojHLyrhIhMztb2+eS7uI1MfMfyN3/QN65LH3/EtF3jkpW3z9iyRZNAQqZMa+lqym+7bxW0tS2cF4TmdPS1tWktQTV0hbgLWqdu6Ap3tXUHV84rzXR3T4HFTJndhtv2be5rWlBkWtf1L2wpbO1o5MubFkUiONNnZ0dS9pa9urSSlz3Qr1ES/+VX/nHOR1L2svc7I6ueRzJ5rQbETd7UYve0dk1r1hvTW1Ga3tXgN3SXPwfaETLPt2ti5vaWtqbW8i8ju5FLYlAIdo65rY2N7W1d3TpxcRzO5vauhZG7OyuktYlGxtBLdB8mZqINx3QNCh+txBvIWwjbCOcxP1JExTykzYo0ieToClQFxR4yQxoFjQHGuJ4oAVQv0xTwE8BPwX8FPBTwE8BPwX8FPBTwE8BPwX8FPBTAf7C2W0dzXtrQd0UKSmH2vYq084uhLsWzWua00JKV23O3iXK92ptawu0pmNfvcx1BjWpdXW2Ns3tXlimnQjPaS/Ttr1oc2tnc1sLb21fPLs7uKmryCFu0YLWQL+amlsCxVgcBeKLutvpXi0LAtWoKl7IooUBeFVzW/dsMq+lKYCY09pU/D+OxILuRVCWlvUkPtDm2OStYq3zRXvTwo5FXZ0dC+cVrU97qa22NAe3lorDbCwXo2mieLMo9iyKLYtiy/t6x8KW9nL+teyCpsAqtWtNZSryxafpXrBXW8u+ormH1/M9DbY5YrUC7m4pU1ooW8OWEtELPfe0RKzYQkKYKyFs0ZN6bsQaW8hmaK4UEFtKcub18FVbzm7qrJoXXOjkrta2OS20tUS0ychrK/I6uZzX1rLlngyj3FqmYitJ+vwe3thazs/e/wjM7WxpaW9rap/T2mxsI//SJgemyoF2KRAvtM+Nt7TP1aYhox3I6LRyRjtKxNhevr9TLpDpUpYXSQUyo1ggXcUCmVkukO5ygcwETjdwZpZxussFMhMF0o0C2VGSvkTiZ0n8fj08CWz13EV6ttgvlE1+U8Rq2UKZNrWUqJi2qK0paJQlvqOH503FBtDW0tpEdwwMZpC3JWWyY7kvWVJOteOc1pbOlqDT5ktCjs4qJ9yvRBL7dAdyik8VmOs5vLNpTrFxBSXT1trZxFsWdQUqETQ0HjxnS7E/mGd0zQvqsswvEnu1Lg55Y1EgpD38QSr83qWOSIogXR3tHYsSYYZKIT1b7M9KrFEod2elACt0lWP55A5wxrTSfztX/t2YKSXWpy1omVtO1Kc1SP4PBFJCqMoFPZ4GhKqdi71pgFBVFE62blq4sCkYZCyYPacpNqU7NrU7tlOrBrTYtq3x7ed1kOmlPnZGU7cG5Hh+Xmt820WtxmQJsRd+DMN6U8/jtciP1xI+Xmv4eP26/3lrKbJqdpCQzC2OAar2L2a6GOwqDgaqijeSvUtZbytnvb07tm9r0ERK+Y53zuugpYFBYPOQ4+YgxwFLOorFZcgl1asC3OiQy7pbLuuOqKyLtrPRaTRBLVAb1AFNgqZAXdA0aAY0C5oDzYMWQP0yLQ8BAgpcE7gmcE3gmsA1gWsC1wSuCVwTuCZwTeCaHijwTeBbwLeAbwHfAr4FfAv4FvAt4FvAt4BvAd8CvgV8C/gW8C3g28C3gW8D3wa+DXwb+DbwbeDbwLeBbwPfBr4NfBv4NvBt4DvAd4DvAN8BvgN8B/gO8B3gO8B3gO8A3wG+A3wH+A7wHeAngZsEbhK4SeAmgZsEbhK4SeAmgZsEbhK4SeAmgZcEXgbPmymPHRrNcExRlp/MNYKaoBaoDeqAJkHD+1zQNGgGNAeaB/VAC6DlfCXzwM0DNw/cPHA9/O7hdw+/e+HvyJeHfHnIl4d8eciXh3x5WVDkz0P+POTPQ/485K8A/ALwC8AvAL8A/ALwC8AvAL8A/ALwC8D3IdeHXB9yfcj1y0PoxmxW4PmKZQM+W6wviU+DzxfLv1cPXwoL5LshmKKAzxTLW+KtXhFfvCdvVoRD3MZifUt8WuLz4E2JtyTelnhH4pMSn5L4tMRnJD4r8TmJz0t8oYcvSHkrSHkrSPkpSPkpSHkouBIv5acg5aeQrXiWjFQOvpRPX8Lye8qtrH9WY2NIPdACaFkPU+hHUrDvKdjxFOx3CvYsBfuTgv1Jwf6kYH9SsD+pJNLDDqVgh1IpxKcQnwrjbVAHNAmaAnVB06AZ0Cwo8pXy2Ny2/RbOc10nZCDJS4YREOUDykcCP4UEaTNkrJCxQyaUmk4KPF+xTMJIN2TSIZMBk2kMmVB4JhSeCYVnHIGyLralMDLMVSYUnkERuAUDtGGv1vamKNDa3toVBRa0zGkt35dutEPGCZlkyKCU0ykDVBIZBHpEBoGiyHLyTNoALSUvR2YzBqgkIwj0yAgCPTKyPiJ9ObkvJ/el5Pm8ASol95KlAB7GCh/PCh/PSoWMGzLpkEEFpe3GkDFDxgqZsODsULIdSrZDyXYo2U5LipGXeE/iCxLv9/DJMA9OCFQeHliN5eFPQHOgaMYWmjE8OY0phFM+KO6D56MxFaYr3e83loeTAc2B5kHD30vyfN/PI0OpMGepsAhSYRGkwiJIhYWbCgvXDR/MDQvXDQvXDQs3bLBpN5TshpLdULIbSnZDyelQctho02GjTYeNNh022nQ6lJwOJYctNh222HTYYtNhi02XhzS+Vx7iBdQPf3BoW2tbW9O8UnxgwWEyLQNUahWWjUhbjnQQ6ciRSUQm5Ug0TEtumJbcMC25YVouIl1ZBlqrlZZlpGUZaVkG2rGVkWVkEZmVZWRlGVlZRg6ROTl5Tk6ek5OjcVty4w4CUvK8nNxDpCcn9+Tknpwc9tKS7aUl20urICeHYbJ86fntRgNUjjQRacqR0AJb1gIbWmDbUhaCQE8WgkBPFmzoh+3IyR05uSMnh+bYSTl5Uk6elJNDp2xZp2xZp2xZp2zolO3KyV05uSsnh7bZsrbZsrbZsrbZ0DZb7jVsudew5V7Dhh7ash7ash7ash46qCHHlJIHgZ7kQUBKjrpzLDm5JSe35OSoVUeuVUeuVUeuVQe16si16si16si16qBWHblWHblWHblWHdSqI9eqI9eqI9eqg1p1ZEuRQ0vJFaRIBxXqyJ29g2pzZCPhoHIcuXIcuXKccuX0xtOWbGXroo62f0QU75Ui7MoUdmWKZGWKZGUKtzJF+al5yZ6bjZYZcVbE2RHnRFwy4lIR50ZcOuIyIWc3RlyEYUcYdoRhRxh2hGFHGHaEYUcYdoThRBhOhOFEGE6E4UQYToThRBhOhOFEGE6EkYwwkhFGMsJIRhjJCCMZYSQjjGSEkYwwkhFGKsJIRRipCCMVYaQijFSEkYowUhFGKsJIRRhuhOFGGG6E4UYYboThRhhuhOFGGG6E4UYY6QgjHWGkI4x0hJGOMNIRRjrCSEcY6QgjHWFkIoxMhJGJMDIRRibCyEQYmQgjE2FkIoxMiGE2NkacGXFWxNkR50RcMuJSEedGXDriIgwzwjAjDDPCMCMMM8IwIwwzwjAjDDPCMCMMK8KI2rkZtXMzaudm1M7NqJ2bUTs3o3ZuRu3ctDJk2ryOznbSUbrOLF27i9cwRdSuzahdm2WXYzDGDqkLmknM6+jYu2l2x+KW5o4Fs8uxZYduQG1QExQj9qA8SoszxTtChKgtm2V3oh/ME6rmdLTPZR3tLV3zWjvn8K4lHSVmEbCjZ4pasFl2FfpwFQRIFqgDivybyL8JrLLrOKCYY5iYY5RdxQGFPAtPZuGJinVSXHwpPUlpoUYqBc+Y09E1u6WtY0lPpIUisQBoAdACoIWMWngQCxm2kGErLBxMeixk0EIGbWQwMN3ZEJ03hZyejWpLb4rY3tmeFa3SM/RuqoyQUpSeV05RiugnpYgE92taR6Qsq6QFsqxSRF8pRZjzvk3/GSfK21LKK2pNEl+OL+UL8SW+Vzk+ykmvpn+GcV8pD7ivxK9Xjg9h12v6R5AXIi6K0ws95dwjnxbKK5Nlqb0LlYXcUhlRqCz1lspSL6yr1FvWVeqFylJvqSz1wjpKveU/4/TJPc/WGrF8clQKrRE3LeI6orun9dzd0ZO7aZWP3lEZMa2yLDoqy2LausqiY11lMa2yLDoqy2LaOsqiYx1lUTKl5ZXfjh62FFvKVDm2xK5Xio0ysV7HP4Lle0rg5XtKbKIUG6IlOuQQnxlx3VF+ZvYI7O5hZ/ZkrbuHndmTy+6eXM78Zy67/5nLmT257O7J5cx/5LL7H7mcFXH7Rbmc1SNwv57WMavcOvYrr9sXx71m3gMtgJY9tiZWQkyshJhYCTGxEmJiJcTESoiJlRATKyEmVkJMrISYWAkxsRJievmS198OxkV2o9PQ3LQQHYyVsaVf8sVfpHBjMYy1JaxlZbCWlcHaVQZrVxmsVWWwVpXBWlUGa2RZ3J/F/VmsYWWxhoU1KgdrVA7WqBysUTlYg3KwBuXkgIe1KDNdlmOFa2dYm3EKoa8a06qU7HNI+f8M9EzNUr4W1G5D0FUX+7yGoKcOlKB1f1EKFLcZdC9MRHxxD5pAssUtnV2syO/V0d0Jd36SLGla1NbElzQt3m9e04L9m+iiBU1tbYt79TTAhqbOptnw1sMbj9XCFFYLUy5cXC7m067s8XAxa3Zlj4eLubEr+71cTGld2cXlYuLqpuRITE9deXrqYibqyjNRFzNRV3YguLIDwZUdCC7mqK48R3XlOaorOxBcOLJc2ZHlyo4sV3ZkuXBkubIjy5UdWa7syHLhyHJlR5YrO7Jc2ZHlwjPlyi5zV9YjV9ajNHxW6UbZqd8oO/Ub5eSo27TsK0nLvpK07CtJo9bTsq8kLftK0rKvJA19SMu+krTsK0nLvpI0fCVp2VeSln0ladlXkoZipWVfSVr2laRlX0ka2pWWXVpp2aWVll1aaehdWta7NPQuLXtA0tCudFaOhA6lc3IkNCWdlyOhD2lPjoT1SMtOmTRUIS07KTOo8IzspMygWjNyk82g8jJyk82gijJyk82gIjKyqzqD4s7I7TiDdpyR23EGJZ2R23EGRZeRiy6DosvIDTMjN8yM3DAzKNSM3DAzcsPMyA0zg+LOyA0zIzfMjNwwM6iIjNwwM3LDzMgNM4Mqysge5oxs7TOyhzmDysvIlZdF5WXl1pqVW2tWbq1ZrKNmUZNZuRlm5WaYlZthFnWclZthVm6GWbkZZlH7WbkZZuVmmJWbYRZ6kZWbYVZuhlm5GWahMVnZZZmVXZZZ2WWZhS5lZV3Kom1m/7EUCV3KyrqUlXUpK+tSFrqUlXUpK+tSVtalLHQpK+tSVtalrKxLWehSVtalrKxLWVmXstClrKxLWVmXsrIu5aA2OVltcrLa5GS1ycEa5GQjn5ONfE428jloV07WrpysXTlZu3LQrpysXTlZu3KyduWgXTlZu3KyduVk7cpBu3KyduVk7crJ2pWDduVk7crJ2pWTtSsH7crJfUJO7hNycp+Qg97l5GWOnLzMkZOXOXIweTl5lJKTRyk5eZSSgwLn5H4kBzXNyf1IDsqYk5UxJytjTlbGHJQxJ/cwOdijnDyuyMnjitw/luKhcnlZ5fKyQuVldcnL3UkeVZ6Xu5M8KjYvdyd5VF9e7k7yqKS8bALyqIq8bALyKPC83MfkUax5uVjzKNa8XKx5lFNeLqc8mmZebpp5uWnm5aaZR7HmZTPvofC8nj7az5U3dwUUO1Q8tFJP7rM9tEVP7rM9tDhPLmTM2FKYqaW8UCw2kGCmlsJMLYWZWgp71lLYs5bCnrUU9qylsGcthT1rKexZS2HPWgp71lLYs5bCnrVU+FiYF6XCeRH2rKUKwC8A10c1+bL59mXz7cvm20cF+rL59mXz7cvm20eL8eUW48stxpdbjB9mquwczIWdVl42mvmy0cTENhWtr6Si9ZVU5JNNResrKae8qa7UAXR0djQ3d/SVuwrElXHLG24DWtAXNnU1zWtY0lqe2QdRfs/Kllu5oOZWLqi5lQtqbuWCmlu5oObKC2q5ZMWCGiKkFKnKFKnKFG5lCrcyRboyRTpKgVpyGro753Qj4JYCUpbNymeQ2pKJLRtmGj6PNHweafg80vB5pOHzSMPnkYbPIw2fRxo+jzR8HunQI5AHhc8lDZ8LdsuaGeDCo2FmgJcBHjwcJjwcJrZ+mRngweNhwuNhwuNhwuNhZkI8+HjgATHhATGzwMsCLwu8LPCywMsCLwu8LPCywMsCDx4VEx4UEx4UEx4UE7t8TezyNbHL18QuXxMeFhMeFhMeFjP0sGC3r4ndvmYuxMPzYbevid2+Jnb7mtjta+aBnwd+Hvh54OeBnwd+Hvh54OeBD8towjKang+PlRv6tsrxsJQmLKUJS2nCUpqwlCYspQlLacJSmrCUJiylCUtpwlKaBeQHFtMsID8FlAd2AZvYBWxiF7CJXcAmtkCa2AJp+sD3ge8D3y/jW+UDhwE1QS1QG9QBTYKmQF3QNGgoLwuaA82DeqAFUHjWcKrBwqkGC6caLJxqsHCqwcKpBgu7zy3TNabLp58WSQGkQE6w/9XC+QYL5xssnG+wsC/WwvkGC+caLJxrsHCuwcK5BgvnGiyca7BwrsHCuQYL5xosKwcNsv+hQRbOOVg452DhnIOFcw4WzjlYOOdg4ZyDhXMOFvbhWtiHa2EfrpUMf0d+4eGzcB7AwnkAC+cBLJwDsHAOwMI5ACuJfOE8gIXzABb2+VrY52thn6+Ffb4W9vla2OdrYZ+vhX2+Fvb5Wtjna2Gfr4V9vlYK+Cngp4CfAj48lZYLfBf4LvBd4GN3sOUCH5uDLRf4LvBd4LvAd4HvAt8Fvgt89CwWehYLPYuFnsVCz2KhZ7HQs1joWSz0LBZ6Fgs9i4WexULPYqFnsdCzWKEPGj2MhR7Ggu/cQk9joaex0NNY6Gks9DQWehoLPY2FnsZCT2Ohp7HQ01joaSz0NFYW+PBPWOh5LPQ8FnoeCz2PhZ7HQs9joeex0PNY6Hks9DwWeh4LPY8F372FnsdCz2Oh57HQ81joeSz0PBZ6Hgs9j4Wex0LPY6HnsdDzWLkQD8+LnsdCz2Oh57HQ81joeSz0PBZ6Hgs9jYUexkIPY6GHsbBKY2GVxsIqjYVVGgurNBZWaSys0lgY81tYpbEw9rcw9rfQY1kYy1vooSz0UBZ6KAs9lIUeykIPZaGHstBDWeihLPRQFnooCz2UhR7KQg9lFQq9IA9/qYqwWxFOV4QzUjhVpBXhVEXYrQinK8Ll8xT/mRe3Qra7jt/dinC6IizLltOmK2SnK2Sn15E+XRGWZcu/ZSpkZypkZypkZ9Zxvyw7LO9UWAcV4VRF2K0IpyvCoexUhax1hd2KcLoiLOfNrbjfrcibWyHPrZDnVuRNTpuukJ2ukJ1eR/p0RViWLf+WqZCdqZCdqZCdWcf9suywTNyK+nIr6sutqC+3or7civpyK2Sl1hFOVYTdinC6IizLlu+txFrX7+mKsPzc6Yr70xX3pyvylq6Ql67Im/xbpkJ2pkJ2pkJ2Zh33y7LDfKcr6itdUV/pivpKV9RXuqK+0hWyUusIpyrCbkU4XRGWZcv3uhWy3XX87laE0xVhWbactvI5KrHXlV4u00zF/ZmK+zMV92cq8papyFsoO1NRX5mK+spU1Femor4yFfWVqZCVWkc4VRF2K8LpirAsW77XrZDtruN3tyKcrgjLsuW06QrZ6QrZ6XWkT1eEZdnyb5VlVPlclXnJROMTGzNVGzNUGzNUGzNUGzNUuzFMnwXNgeZBPdACaHkcZWNmamNmamNmamNmamNmamNmamNmauO8vY3z9jbO29uYj9qYj9qYj9qYj9qYj9qYj9qYj9o4r2ljXmpjPmpjPmpjPmpjPmpjPmpjPmpjPmrjnL2N+aeN+aeN+aeN+aeN+aeN+aeN+aeN+aeNc/Y2ztnbOGdv45y9jXP2Ns7Z2zhnb+OcvY1z9jbO2ds4Z2/jnL2Nc6k2ztnbOGdv45y9jXP2Ns7Z2zhnb+OcvY1z9jbO2ds4Z2/jnKuNc642zrnaOOdq45yrjXmujXmujXmujXmujXmujXmujXmujXmujXmujXmujXmujXmujXmujXmujXmujXmujXmsjXmsjXmqjXmCjXmCjXmCjXmCjXmCjXmCjXmCjXmCjTUCG2sEthfKRb6wRmDDE2ZjXmFjXmFjXmFjXmFjXmFjXmFjXmFjXmFjXmFjXmGH7RbzChvzChvzChvzChvzChueLxueLxueLxueLxueLxueLxueLxueL9sP37uBPWBo5w78Jw78HA7q20F9O6hvB/XtoL4d1LeD+nZQ3w7q20F9O6hvB/XtoL6dVIiHPWqobwd+DQd+DQd+DQd+DQf64EAfHPg1HPg1HPg1HPg1HOiLA7+GA7+G43q9mvfrbG1ra23eo6NrQVPn3ohHfuDncODncODncODncODncODncODncODncODfcODfcODfcODfcODfcODfcODfcNLh+yYgF/4LB/4KB/4KB/4IB/4IB/4IB/4IB/4HB/4HB/4HB/4HB/4HB/4HB/4HB/4HB/4HB/4HB/4FB/4FB/4FB/4FB/4DJxemR/7gP3DgP3DgP3DgP3DgP3DgP3DgP3DguXbguXbgT3DguXbgV3DgV3DgV3DgV3DyhfLikxVaUMcLKXIAi+HAYjiwGA4shgOL4cBiOLAQDiyEAwvhwEI4sBAOLIQDC+HAQjiwEA4shAML4cBCOLAQDiyEA4vgwCI4sAgOLIIDi+DAIjiwCA4sggOL4MAiOLAIDiyCA9+3A983XrYXULxRAyOKJHzfSYwskhhZJDGySGJkkcTIItkYysObOjDCwMv7Aoo3hWCEkcQIIwlPXhKevCQ8eUm0hCRaQhKevCQ8eUm0jCRaRhKevCQ8eUl48pLw5CXRcpJoOUm0HLwVLqDARQtKogUl0YKSaEFJtKAkWhDeJteIt8kFFLhoQUmsHSWz4ZtbHHjEnXAXsBQ2pbC9jnBaChdP37lSOF8RdsL0RVyzUK7ngJqgFqgN6oAmQVOgLmgaNAOaBc2B5kE90AKoX6Ym8E3gm8A3gW8C3wS+CXwT+CbwTeCbwDeBbwLfBL4JfBP4FvAt4FvAt4BvAd8CvgV8C/gW8C3gW8C3gG8B3wK+BXwL+DbwbeDbwLeBbwPfBr4NfBv4NvBt4NvAt4FvA98Gvg18G/gO8B3gO8B3gO8A3wG+A3wH+A7wHeA7wHeA7wDfAb4DfAf4SeAngZ8EfhL4SeAngZ8EfhL4SeAngZ8EfhL4SeAngZ8EfhL4KeCngJ8Cfgr4KeCngJ8Cfgr4KeCngJ8Cfgr4KeCngJ8Cfgr4LvBd4LvAd4HvAt8Fvgt8F/gu8F3gu8B3ge8C3wW+C3wX+GnIS0NeGvLSkJeGvDTkpSEvDXlpyEtDXgbPk8HzZPA8GTxPBs+TwfNkgJ8Bfgb4GeBngF+236YPe+XDXvmwVz7slQ975cNe+bBXPuyVD3vlw175sFd+Yyg/D+qBFkDLz+fDXvmwVz7slQ975cNe+bBXPuyTD/vkwz75sE8+7JMP++TDHvmwRz7skQ975MMe+bBHPuyRD3vkwx75sEc+7JEPe+TDHvlWiIfngz3yYY982CMf9siHPfJhj3zYIx/2yIc98mGPfNgjH/bIhz3yYY982CMf9siHPfJhj3zYIx/2yIc98mGPfNgjH/bHh/3xYX982B8f9seH/fFhb3zYGx/2xoe98WFvfNgbH/bGh73xYWd82Bc/GcpF/mFPfNgTH/bEhz3xYU982BMf9sSHPfFhT3zYEx/2xIc98WFPfNgTH/bEhz3xYU982BMf9sSHPfFhT3zYEx/2xIc98WFPfNgTH/bEhz3xYU982BM/Dbw08NLASwMvDbw08GBvfNgbH/bGh73xYW982Bsf9sZPh3h4XtgbH/bGh73xYW982Bsf9saHvfFhb3zYGx/2xoe98WFv/NDeZICfAX4G+BngZ4GfBX4W+FngZ4GfBX4W+FngZ4GfBX4W+FngZ4GfBX4W+Fng54CfA34O+Dng54CfA24OuDng5oCbA24OuDng5oCbA24OuHng5oGbB24euHng5oGbB24euHng5oGbB24euHng5oGbB64HXA+4HnA94HrA84DnAc8Dngc8D3gecDzgeMApAKcAnAJwCsAp4PkKqNcCcAvALQC3ANwCcAvALeA5C8AvAL8AfB94PvB84PnA8YHjA8cHjg8cHzg+cHzg+HhlVllvA4o3WJb1NqB4BVdZTwOaBs2A4lVc2VBO+dVbKbyCK1muPx/jah/jah/j6oDaxuymztaGOR1dbS2LFmH7TvlN5o05ZCrc1mCF23ywLA+3qmWH2yewvJ8Nl/dBMfm1MPm1MPm1MPm1MPm1MPm14A6zsBHMwmTYCjeC+Vjm97HM72OZH7tkLR/58OGOgxvNxjYkG9uQbGxDsrENycY2JBvbkGxsQ7LhfrOxzchOhm4+/I5K9zAY8jAY8jAY8jAY8jAY8jAY8jAY8jAY8hpDORnQLGgONA/qgRZAy0rqYTDkYTDkYTDkYTDkYTDkYTDkYfLmYfLmYXDkYXDkYXDkYXDkYXDkYXDkYfLmYfLmYbDkYbDkYbDkYbDkYbDkYbDkYbDkYbDkYbDkYbDkYbDkYbDkYbDkYbDkYbDkYbDkYbDkYbDkYbDkYbDkYbDkYbDkYbDkYbDkYbDkYbDkYbDkYbDkYbDkYbCEd7IFFPgYLHkYLHkYLHkYLHkYLHkYLHmYvHmYvHkYPHkYPHkYPHkYPHkYPHkYPHmYvHmYvHkYTHkYTHkYTHkYTHkYTHkYTHkYTHkYTHmYvHkYVHmYvHkYXHmYvHkYZHmYvHkYbHkYbHkYbHkYbHkYbHkYbHkYbHkYbHkYbHkYbHkYbHnh6zXh/ErB+ZWC8ysF51cKzqoUnFep8LWiWBZLYVkshWWxFJbFUmZ4wBhHBNDeU+F7gaxMJjxcgEMXBfn4YwFHKwry0Qofkb58jMWXj7H4PcdYguGBCWqB2qAOaBIUhzPw1pAc3hqSs/BG1lzxjaweeEvi7fDtxBZenWLh1SdW9LonuzF8iU3AuRGXjrgMaSq+aJB0tu7X1IY3t6JraER/hf8EpLFcJQHFG37xvzvgNTMWXjMTUPRjjejHGvGqyLKps8xwZRIm34bJt9GPeuFOTKzgWVjBs7CCZ9nh7+gasIJnYQXPwgqeBf+zFa7gYcepjVP0Nnae2th5amPnqe2HFF0DuhzbD/298Bf7oT8yfOM0/JDwpCfhSU/Ck55qDN+AC5VGPlLIRwr5SCEfKXRNqWQhrC2sxbjhy7Ls6OVRdvTyqIBzkcqMYjIhl47uxLqKG75ky45eHGVHL44KuCRS9fwWaVE60iKstbjJ6L5MhJ2J5GfC3Ed5zvRwUe4zYe57YsLcRy+MCrgw924UY0ecE3Fh7tNRTE/6nrgw9xGOGUrPRjFh3nNRTCg7H8VEsqP2ZZqhbC+MCV8RZUeviAq4UHohiklGXCriwpLxo5gox3ZUMlgvd1M9MVHJRFbBxPDOTUW5saPc21Hu0fLcVJRTJ0rv9MQh96kIx4ly70S5x7q4m4ry4ES5j/TZTIa5jyREmhe9OMrGi6OCVJH0Hj3oqetkmPvot56n7XmiVJj76L4e7B75qTD3UZ57ODfKvRvmPtIbN8q9G+XeDXMf6VLYYlORLrlh3iO9SUd5T0d5T4edLzpveCo8eCo8eCo8eCo8eCo8eCo8eCo8eCo8eCo8eCo8eCo8eCo8eCo8eCo8eCo8eCo8eCo8eD49eD49eC48eC48eC68MP/wXHjwXHjwXHjwXHjwXHjwXHjwXHjwXHjwXHjwXHjwXHjwXHjwXHjwXHjwXHjwXHjwXHjwXHjwXHjwXHjwXHjwXHjwXHjwXHjwXHjwXHjwXHjwXHjwXHjwXHjwXHjwXHjwXHjwXHjwXHjwXHjwXHjwXHjwXHjwXHjwXHjwXHjwXHjwXHjwXHjwXHjwXHjwXHjwXHg54MOD4cGD4cGD4cGD4cGD4cGD4cGD4cGD4cGD4cGD4cGD4cGD4cGD4eUxosB/09WYwcgj/L8eMhh5ZJAug5FHDvE5xOfC+PKIpBBZYivq06yoT7PClyEGXCrieu5IR1zYwq3wZYgBZ0acFXERRibCiHo2K+rZrEyEkYkwor7Njvo2O3wZYsBZEWdHnBNxyYhLRZwbcemIizDMCMOMMMwIw4wwTKc37Ng/z0iGEdGQ2MKuKAt9gIVdURZ2RVnYFWXB+lvYFWVhV5SFXVEWdkVZ2BVlYVeUhV1RVrgrCrtJbOwmsd1w10E4NsPaPdwHDsZyDsZyDsZyDsZy+A/tAoo1aEwjkuG0Gr41L4+WAR+bBx+bBx+bBx+bBx+b56MFlHEss/w8AS1rOs5/Wnn8h3R5/Id0efyHdHn8h3T5VJguCZoCdUHToBnQLGgOtPxa9rwLOS7kuJBTtvBZ1wxpGjQDmi3T8vQ/oJHeRCNJO90TF+lS1O7sqN3ZUbuzo3ZnR+3OjtqdHbU7O2p3dtTu7Kjd2eHbunCyKYmdjUnsbMR/ShhQrJ9lYGX8sMw9lAHK3kXZl3vFrJtGGaRRBuXeJqB5lA3CZhj2QAugPtJjPpQLaUZRlMQsTVXVGyilhAQXqmnFf9FHK36oWk+M4FNdM6mG0O6a6prqanJ+Te1RH55dHfz8OKWjknTE6Jbpbuaz3TL7uCOT0+n4avepK99c2kzXUC2QTKgktCxWCpaQaR9K1YCoRik00DBUunbAQJWMNT7StqfGlOAnQrQ+QXb69QtExigJkge5DwD67UGKH638Ce5eS1cHj6XS4mUQoTXNa4oohKrFH40qQ62ePkkd3yAaxIaU1o+qH9WgNhijjdFqRq1X1Qa3wa0eGUSp6vjz15xfCtc01zSr1Y1iw1HVQ4f2U0dZavkzqPhv0CD1f+8T3GAFn0HFG8eXYkxVrS5KMqtLEoMcBZkrZskYXT09+JYyMWlt6Zup+UzdbaCaaXCDm0YWc6qOr6kuJih+j7ryrKWZ+lGqaoxde9SVxe9ZSwOAYg0aRaR6dUC1eni/9+vVhFHTMEnt3d1QW91Qo55/1pTRvSadJUaNfX+sOrR67Mj3B/Yf+JQ5cuTIsf3HjHt/7Mix4wy13lAnTapRTdcwN6gfGQSNgYOKqtHdUF1T03C+aU4ZXDO+X73ZTzUbRpkjR6mjxwjXTbgD3JFuUvRbar5pqhPMkeo4U60f7Y4yx2fWfjBypJtY6hbLwKgopjtK1yD292rV+F1VawIueIjeEwyjVu074PHHH1fV54rxNb36Bh8kVkXxUhM8cZCwmC5IMQESmfq//ZkwoYfnqjqi+Pc/vtn4X0r/D6Seq4ysqmODT5GOH9+nT/EvjLfwKWaqnLEhQdyQ/+YpJkwYoZa//3c/fQb9/7svU2yh6/qW20fPd5I2KVNsED1ftU/4rXFr3EFq+D17afFbP6qYvvhL+VtqHkHL0YJvQ78I3y2XWlCsE0qfMf+dqvxXf+v+jP2PT2WKsLr/WeWouiH/8VfUhFBTZTGh5sp//7Wu/9cZ/g9V5cEnjCVh/qS8q5FaqhPGlIqPq7+r/R4PVTBUxOLfyOCvoWR31Q3VQTUqGQBBQUxYHRsFLbsm3mAUSU0pZrQ6OOjCis84YFwxZVCDxUoMbON0dTe1ZAoQCoxoqDZFQ1q2nQ0l01q09CovWtQgefH2QHfKKlSynuFHFC+BNZY+AwaUc9mnFhH1QRcyWO3JuZoAH0gM5G+Amg8S1o1Q+9bW/g9bwWA50Bh+1P/2+n8lxf9ps2EkDLVPqShrNkioY9ZTg/IeiN96Bb2G+KDUvY12i/onyvE1qgVjM77YwQ4oNSvSEMks1WCgY0FDD36vKapIID6sKHXSwFIbb+hXtAIDiipV6lBHB8BjBolBquEawQih2GWZS4vfmmL/PaJPSUtLoqvj/8OHC+Qmi9+gux8RfkNzFjxGS/X0sF8Puv/MpLWBRhe/mfK3+/biN/w9NHo1yZpkSa9LI5jwe351+dsjr/ap2qeK44Mpb05586ylxRFOTbNbfeXSURmBT1GVi59RpU/QfQaf0FANHjy89Hkfn/CJRpY+G2wgm7ciPw6fqCmJUaPGjn3//WB8MXbcuErESpT/vBvJ63FHhFOs5HKOJk2KfimCnHVW2biW5WxQUp7A3AxoqNJhIsqf4UVTwv/7aosF9SvGjCmrWzC4KRK93Pj7ja1T6566sjmQP6rYdbiwG7GA9K8xJ6jjq9VxkSEHY1Zbgyxr3OBq1Rwf/BtXVPjq8QEfMCOLyUdIXUbIFXWsT884tOcDPW8YEIaixxva0NBQNo49FvV/0m+VC7doz0NbPULqgNbdqfynFPQHoVVXN9rQkg3puofKQasOhsm1eMj+QblUBx3MYDUoq3HjxstJLTxuqEuhZoa6FPLFPDb0LhvhhnLtZMqFsq4BSkO5PGUNyagNcorq6UddGTxmnbp+T1yNGsyulOCiTVozVcn3Vv665a/9e5di5E9iVnCJ46+m/Gvv+4NQwPV5VKnqfXFwS7ooRkkrB6trY3WxWbGb4iPi0+Id8e74wfHj4yfGL4u/FP+tKlE1jfQlQ8jT5GvyC43T/nQDWks3prvTtdqCIfOH7D3kiSHPDVk79JChFwy9eOiPQ/+s7V87pLZQO6V2x9pZtbvU7lZ7UO2dtUtrX69dVvt97S+1a+p61Q2vG1XXWOfUbVw3sW5SnVe3e11H3SF1Z9bdVXdf3Q/DyLC+w9YfNnzYqGENw6YOmzFs92FHDjtr2LXDY8Pp8F7Dq4f3Hz54eO3wscPHD99yeNPwlhGxEb1HDKtX6mP1Rn3v+n71A+tr6kfWT6h36ifWt9UfWn9k/bH1J9afUX9Z/Y31t9ffX/9g/dL6F+pfrn+3/vNRE0dtPio3as9RzaP2GrX3qI4JCyYsaVj/mmHXnLgqtiq1auKqSauyq7xVt636atXa1bP/3uzvn/5evWbEmtVrV69dGxRpnXJpTIkNi+0cuzk+Mr5tvCu+f/zIoOROjl8RfyX+e9V6VduSweQ08gr5gSpUBCU3lA6jm9M9tW2HKEHJtQ1ZOmTNUGXooUHJXTr0p1qldmBtXe2Wtdui5PaoPbT27sCcvlX7fu1Ptb/VKXXVQcmNq7PqMlHJzQ9K7tS6S+vuRckNQMlNGTZ92C5ByZ0alVyfoOQGDR+Kkttz+JxSydX9FyW3bVRyp9ZfWn99VHLPBSX3TlByG0cl1zJqflBye07YJyi59a85dpW6asiqdFBym6/Kr/JXvb5q9erd/55UKrm6NYcWS27tJ4pS9X3w95qikE2Dv7FF/VzTWrxWvRJw4xSFBXGrX1n9PLksoK/1aPZ3KUX5vur7KYqy8pAgdN3nVQHXf2XflX1W9lqZWGmsFCv1lXyltpKuJCvjK2Mrla+LNaV8eFTpeuSHf3507YdLvpkf8Pd8k1GUby75ZqcPj//wIEX5YP4H+314/8oXP5nw4ckrz/3g2g/OXnH2istXnKAoK64u3vvB+iv2WbFHEGpcsfkKe8XI5f7ywvKJyzPLU8vt5Y3Lxy4fvnyD5f2Wq8u+W7Zy2ZfLPlv2cfGuZU8te2TZw8vuCbgnl1217JZlhWW5ZdllI5cNXzZs2dBPzyumWfFA8UoeDprjhdoF2vnaeeVnpV/RSYn3Eq8aXxMl3lxsu2rw9PGfglLaM0i/ZfB3JDkxuJ5NHgxSB2aAbhzIeLh8NxsZ/KVYms1nV/NPFUWvKcbqA8t/wXUr5X/x0dP6DsG1Sz9Uitu/dI1i9Mv/y7tPLP7pJyN0vPI//uiz9TkRv+d/kWaqPi+4dupHl5EQe7c4Udz7H4njyhXKkcpR8d2Vs5XPlaOVk5UTlIuU65Qrld7K8UGxHqGcofyg/KicpJyjHKuqynLle+Vi5XrlZ+Un5RflcuVG5RnlKeUmZbbSrJyqzFGeU1qUp5VnlZeU55UXlBeVL5S9lFeVl5VXlJuVucp3ymnKG8pryuvKPOUrZaVynDJfaVX2VhYobUq7cqnSoeyjLFQ6lUVKt9KlLFaWKF8q+yr7K/spBygHKQcq9yiXKYcoByuHKocpXyvfKPepZ6vnBP18XK1SibJKWa2eq56nnq9eoPytrFFpMNZkylr1QvUi9WL1EvVS9bKg49SDzsdQL1evUH5TflevVK9Sr1avUa9Vr1OvD+Y0N6o3qTert6i3qrept6t3KH8ob6rHqyeod6p3qXer96j3BnOL9dT71PuDsUzvYCxQrXyofKT2Dbr2B9QHg75ygHqi+pD6sPqI+qj6mPp40EENVG5Rbg36ucHqE+rSYBBUE3TfQ9Un1aeUP5W/lI+VT4Ketk4dFgyCnlafUZ9Vn1OfV19QX1RfCnr2kWq9Okp9WX1FfVV9TX1dfUO5P5h8jQl60XHKp8pn6pv0eHoCPZGeRE+mp9BT6Wn0dHoGPZOeRc+m59BzyUh6Hj1fuZpeQC+kF9GL6SX0UnoZvZxeQa+kV9Gr6TVV86v2ptfS6+j19AZ6I72J3kxvobfS2+jt9A56Z1Vb1QJ6F72b3kPvpffR++kD9EH6EH2YPkIfpY/Rx+kTdCl9kj5Fn6bP0Gfpc/R5+gJ9kb5EX6avVK2u+rtqTdVaohCVxEicVJGiW1IjjHCiE0Ffpa/R1+mb9C36Nn2Hvkvfo8vocvo+XUE/oB/Sj+jH9BP6Kf2Mfk6/oF8G7f1rupJ+Q7+l36lvqW+r76jvqu+py0S11lvro1VrfbV+Wn9tgLa+NlAbpG2g1WhDtKFarVanDdOGi76in+gveokPxIfiI/Gx+ER8Kj4Tn4svxJfGr8Zvxu/GH8afxl/GKmO18bexxlibUBJqIqaN0EZq9doobbQ2RhurjdPGk3oxQKyvHaodph2uHaEdqR2lHa0dox2rHacdr52gnaidpJ2snaKdqp2mna6doZ2pnaW8pXygna28o52jnaudF1iwCwJLdpF2sXaJdql2mXa5doV2pfKu8p6yTFmhvK28r12lXa1do12rXaddr92g3ajdpN2s3aLdqt2m3a7dod2p3SUGikFisNhA1IghYqioFXVimBguRoiRol6MEqPFmKrTq85guar9WZ55rMB8tkVVF9uSTWZbsa3ZNmwKm8qmsW3Zdmx7Np3NYDPZDmxHthObxXZmu7Bd2W5sd7YH27PqLDFWjBPjxQSxoWgQG4lG8ZX4WqwU34hvhSksYbOT2MnsFHYqO42dzs5gZ7Kz2NnsHHYuO4+dzy5gF7JLEvFEVYIoQ9Xv1R/UH9Xl6k/qz+ov6m/q7+of6p/qX8E0aZW6Wv1bXaNOCMZaSkyNxWLxWFWMxGhMi7EYj+nqhjERM2KJ2HqxXrHesT6x6ljfWD+1IdY/NkDdSG2MrR8bGBsUGxzbIFYTGxIbGqsNxmwnBmOP4cEc0YqNUO3YyFh9bFRsdGxMbGxsXGy8cERSLBPLxfviO/G9+EH8yJ6OTYhtGGuIbRRrjJkxK2bHnFgyloq57Bn2bGz/2AGxA2MHxQ6OHRI7NHZY7PDYEbEjY0ex52JHx45hz7MX2IvsJfYye4W9yl5jr7M32JvsLfY2e4e9y95jy9hy9j5bwT5gH7KP2MfsE/Yp+4x9zr5gX7Kv2Ur2DfuWfce+Zz+wH9lPiRz7mf3CfmW/sd/ZH+xP9lfs2NhxpDfpw1ax1aSa9GV/szWkH+lPBpD12VqucJXHyEAyiMd5FSecco0zzrnOBTeCMdYGpCYYow4ltTzB1+O9eG9SR4aR4WQE78OreV/ej/fnA/j6fCAfxAfzDXgNH8KH8lpex4fx4XxEgvJ6PoqP5mP4WD6Oj+cTyEhSzzfkDXwj3shNbnGbOzzJU9zlaZ7hG5NRZDTfhE/km/JJfDO+Oc/yHM9zjxe4L34SP/Mt+JYJLcESPKEnRMLgk/lWfGu+DZ/Cp/JpfFu+Hd+eT+cz+Ey+A9+R75RIJNZL9Er05rP4znwXvivfje/O9+B78iY+mzfzObyF78Xn8nm8VfzC5/O9eRtfwNt5B1/I9+GdfBHv4t18ceyk2MmxU2Knxk6LnR47I3Zm7KzY2eLX2Dmxc2Pnxc6PXRC7MHZR7OLYJXyJ+E38Lv4Qf8a+EVeLq8Q14lpxnbhe3CBuJLb4K/Zd7Pv4YfEj4kfFj4kfFz8pfkr8jPhZ8fPiFwWzgqvi18VviN8UvyV+W/yu+H3xh+KPxZ+MPxt/MfZD/NX4m/F34+/HP4p/Fv8q/m38+/iPsR9jP8V+jv0S+zX2W+z32B8kTTJkY3GTuFncIlaJ1eJvsUasNZTYn7G/Yqtiq2N/x9bE1saVuBqPxePxqtg3cULGkAlkEzKRTCKbB3fniEd8siXZikwl25MdyM7xWrI7mU32IvNJO+kki+Ojyf7kYHIoOTwYIR1NjiXHkxPJyeRUcjo5MxgtnUvOJxfGx5OLyaXkSnItuZHcSu4kd5P7yQPkEfJEMNd5nrxMXo1vSF4nb5Nl5APySdwkX5CV5HvyM/mdrCJrg5mQFozoe9E+tC9dP76SDqJDgnlRXTC+H05H0lF0DB1HJ9AG2hhPUos6NB3MmSYFY/8c9eKMFqhPt6Bb0sl0K7o13YZOoVPpNLot3Y5uT6fTGXQm3YHuSHeis+jOwS+7iNvEHWH5xPW4iBvl8qG70j3pHDqPtoq7jJhBDd1Yz6g2BhiDjaHGcGOUMcYYZ0wwGg3HSBsTjc0Nz9jS2MbY1phh7GTsauxpzDHmGfONNrEiMTAxSH1fXaF+oH6ofqR+zNfqiq7qMT2uV+lEp7qmM53rui50Q0/o6+m99N56H71a76v3Uz9RP636rer3qj+q/qz6q2qVeEm8LF4Rr4rXxOviDfGmeEu8Ld4R78a+jH0V+zq2Ujyp3KbcHjuePqk6yl3K3coT6mfKHcqdylLxlHK48phyTHxqMBPdPphRbSfeVp5UT1JPFk/HZ8Z3iO8Y3yk+PT5DX6OvFYryq/qFUEVMdUVcVMUerTpYeVAEna7QRG/Rx3jJeNl4xXg1doJ4TzlP+VZ5XLlKOV3dTDlFzaqL1dPU09Uz1CXKveqBgieGJIYmahN1iWGJ4YkRiZGJ+sSoxOjEmMTYxOTEVomtE9skxiXGJyYkNkw0JDZKNCbMxHaJ7RPTEzMSMxNWwk7skJiSmJqYltiWdtFuuiT2lLhP3C8eEA+Kh8TD4hHxqHgs9nTsmdizsediz8deiL0Yeyn2cuyV2Kux12Kvx1bEPoh9GPso9nHsk9insc9in8e+CHR900C3p5MZZGa8Nl4XHxYfHmh4M5lDWgKtn0a2JdsFOr8H2ZM0Be1ga7INmRJo7lLyJHkq0N4XyIvkpaAlLCJdpDtoEx1kIdknPjo+Jj42Pi5oGweQA8lBQbs4LmgdxwSt44SgtRwSHx+fELSR0+IbxhviG8Ub42bcittxJ9D5X8iv5LdA/78h35LvAq3vHeh9dREz0PqhdH6g+XvTtvjK+NfB3zeBlmcDPc8H7eZD8hH5OGgLY4MWMTpoEeOJTxupGbSQ+qB1bBi0iU3oRLopGUvGxpPxVPzn+C/BLIf2ODSCrlJRYhXj+eDHeBWhGuO6MBLr9erdp7pvv/4D1h84aPAGNUOG1tYNGz5iZP2o0WPGjhs/YcOGjRpNy3aSKTed2XiTiZtO2mzzbC7vFfwttpy81dbbTJk6bdvttp8+Y+YOO+40a+dddt1t9z32bFJmN89p2WvuvNb5e7ctaO9YuE/noq7uxUv23W//Aw486OBDDj3s8COOPOroY4497vgTTjzp5FNOPe30M8486+xzzj3vfOXCiy6+5NLLLr/iyquuvuba666/IX7jTTffcuttt99x511333Pvffc/8OBDDz/y6GPKE0uffOrpZ5597vkXXnzp5VeUV197/Y0333pbefe9ZcvfX/HBvz6af300//po/vXR/Ouj+ddH86+P5l8fzb8+mn99NP/6aP710fzro/nXR/Ovj+ZfH83/ax9N2QvTf1dFjZ9kKArnU4MR/Mi1pwRXd+2y4DqxeFV/LMaof5auq4rXmFq68uKvMb107RVc+yn91s5TRirx4NeRgYQinyldN157Z3CdWOJnBSlHKjuXrruWrncH8WOVXmuHBNc+pWsxDxsFcu4MrkU5G5XkbBTIKV4nlq67ln69O0hpBymXBddea/4Irn1K15FBmmTpKZLBvcXrxqVr8YncUnq3hOgqvQMJbgnXVYaUrkNL16IEV7FKKb1SjF+6blm6bhOgu8r2JX5mid+hxO9U4ncuydw1uGYCFC+49i7xfUr8kCBNJkApXosomUB+8bplKc02AWImkFzkZ5bS7FS6Fp9340DaKcG1d5Bm40BakR9S4oeWriNLabzSdctSzDZBHW8cSCvyM0vXnUrXXdd+p0wslcPEUrlNDGR6wbVPiR8SSJ4YyDwguBZzOLGUw4mBzGKa4rNPDGQW+eml+BklfqfSXbOC62RlciD5/yPvfeCivK688fs8M88wwPBHpEpQCSIhiIgElRIkhMrExWEgxOIwTCgiQSSoiDjMwIAwILrWNa51rU2t67rWda1rqetSl7LUUmup9fW1Ro1rrbXGWGuta4211hBX3u858wwMRJNs3/3t5/f5vJ/7Od975jz3nnvvuefe+zznmYH52HGeEwu5zwu5twshMYtiSKqAY4A2vmrjqyUsL2H5d8V3oeEI+8AR2Jb4I8Dj8vTBMmAqo5nxtcFeYOFgrzQNGp4FjiGUHoq9wA8HjXRfSAi/JYwc3A98Xlhxl/jh4C+AHxHiKmHA4FFgCHA6rv4Y94skmc6SGVLK4PvSDHni4M+BsYM/BW6CJEVKYpzB+ALjTEI5lHE8YzRjDGMc4zTgTNY5k3XOZJ0zWecHUuLgu8Dp6MMHskI8VlwVMIAxhHEc+vyBHMUYC/wj9/YB6r4FnM6YNDgP+ALjTMaH4gDwQ2h4gLEDMXZChcrLQYO7gGEsGTvYBYxgPpL5CcxPYowmbbBkOXAq+D+h9XeAIcAPaR8AYnXj3pzG8iGP5UMey4c8lg95LB/yWD7ksXzIY/mQx/IRa/iI637EtT5CrS8DqdZHVEsWuPpD4PTBvwYmDf4GOIPxBcaZhKiLMpgL4sczPsP4LGM0YxzjVMZpQIlalyVqHc8RCiP6DAxgpNYV8h/gR7iqkP8AYX8gvEX2o/UFDHk8ABxDSDYHfkRINpf1mP1deDLZBPTn8v7kw8AxjJMYowjRE1zFSAmTWJLM+ALjTMaHohdIrfhzK/7cCm7pqRZmljCUSsqsXw4fzAeOY4wYrAZiloGTmI+CBfxhHyo5ZbAAGMuS5/jq89SWHM91p3KZBPABPIoAHnUAdpV5wDHMY1cBks4A8k96FmNMojLkn8CZjDSKAB5FAI8igEcRQP4JhH8Cw1gC/wSOY0kESyJZMoH5SYzRpBO9bQTCS2UDWjwMnMH4AuNMQliG8JnBnwOjmY9jnMo4DRhEHg6Eh8shPNIQHksIjyWExxLCYwnhsYTQWgPSWEJ4LCE8lhAeSwiPJYTHEsJjCeFRhPAoQngUITyKEB5FCK01II1iPNpyAmeg5Hi0SHzK4AHgTOIxFsIw9HA87HOAnmuZfwYtjod+4icwRvHVaC4fxziVcRrjJlx9hnYneQKvrwm8vibw+prA62sCr6wJvLIm8MqawCtrAq+sCdjxCOMYpzLS+poIbe8BZzC+wDgT/ZkIbeChgTCaMQbWnggP/BkwjiVTGRNYMg38s9D2U+AMxhcYZxJCG+F4xmcZoxljGKcCo2kHxlM+jTGadmB64odkMssns3wyS2K5lVhuJZZbieVWYrmVWG4llvXHsv5Y9JZwKuM0YBzrjGOdcdxWHGueyvKpLJ/K8qksn8byaSyfxvJpLE/CLqEDjmH8FmYqSRxgPDx4Tp6FXbdMng10yunAt+R0OVMYgV8Y/C3wFTEdmIOS6fJ8luQyj/MUmDe4D5g/2At8jSVFfNUmxgOXM7+Ca9WwxAltc+R0yOew/jnQTJjLaB7cC8zDDM6BTpK8yiVfYzlObWARy4sZlzCuQJkM6OwFZjKfxfgFlryCMhlohfhcRjNGmoFWiM9nfBWjyOBWMtDKW8Bilpdy3UrG5SxZwfxKxlUsaQT/Elv4JbbwS2zhl9jCL7GFX0LfwKNvhF9gySto5SV5Hkb6EvpGfC5af4nbfUm2saSEsZRrLWIsZ8kSxkrGpYxVfLWa+RXM1zPvYGxgbIQ8U87DLGRi1OeArw32ABdjrjPlKpavwOy8zD18WV6GcWXxHGXx7GfxHGXJZpTMgp7pwEJGG0sWYZ1moSdUhqz0Bbb8F3h+v8B1vwDLnwPmMZ/P+BpLaDaN3JaRyxu5vJF7a0TJHvkVLv+K/Dokr6Cf4+V5LJkHDYQ2lixirGJcxugpuYrLOMHnsO/lsJ/ksJ/kcD9z0CviX8Us5HCvctArwlLGJVyG5t2E02oNcAzjJFw14ZwiPAA7m3iuTTzXJuhHebaniWfchBknSQ5Lcpknnzdx6yYekYn7YOLWTfCEXmApVpYJFt4HrGJ08tVGXM3lEeXyiHLZhrloi+TzmM9huZkleYyvoie5dCcMLIRtc3lN5bINc+UyzGkuW8xMTz3AMYzfQrtmjJGQvNrMK86MdgmzUNfMrZvROl3NwSjMvL7MPBYzxkKSEtKAsbwFLGe+gnEJX61kvgrjNctvMl/NJZcxrmBcyfLVjPWMDsYGxkaUycMc3QWOYaQ5yuM5yuNR5GEUe4GH0ds8nq88jAISnqk8tl4e7xh53P883tPyeBR58uuMtDbz5C9xLZqdPF6heXIZl1/MV8v56hssqWB+CZepZH4pYxVL3mS+mnEZS1YyX8tYx7iasYGR1nI+z3s+2z+f+5yPWX4LmIcy+ezD+ehzD3AJrr7Ko3uVx/Uq74Sv8uhexeh6gLRyX+W9tIB9pgD+MF3+InvFF3lnKOQzopD3KAufGhbug4V9zwJvh5x9wIL+9ADnsTyHMZfRPDgTSB5u4fPCwr5ngc69chGPpQh6fgMkPUU8riKU7wGS/YtgbZKUoVdFPK4i3p+LeB+2sk9aoWcfkFa3FRr2AnP4ai4jWcnKfbDyKrBCJ/FLGEmbDTNISOeXjXczG1bEOfl1+PA7QCr/Omb8t8AyxsV8dQnLK5lfxvIVzNcwvxJtvc6nxuuyndHJ8kaUKYHm3wJfZyxlXMRYxriYcQlaL+EelvB8lXArJdzPEm6rhNsqQSt7gdRKCVvmS3xCfYlPqC+hrXNAGsWX0ArxpP9L0E98FeMyRqpbCj3ngLR/LuIeLuJdcRH3bRGPfRHPxSI+JRexxRZhvCSn8Zbxvl3Gu3EZ7y1lsh0etZi1LWZti3m8i7kni3m/XcxjXMxjXMw6F/PoFrPOxdyrCvbSCugnpP2/Aica4RLGKsZljMsZVzDSWJbw1SU8s5Xck0puvZLLVHGvqniMVSyvYvtUsbWruD9VfCJUsYZqlH8HSCWrUbIHuJzlK1iyktFTkqy6jH14GfdhGdtkGfdqOe+6y3nXXc5esZx9fjnbZzlqGYHUk+Vsn+Vsn+Xc5xWoOxM4hvEASVjDCrb/CtazgvWs4NZXsJ4V7FEroO03wGrmlzHWMDoZqc81bKUatkwN163hMdbwGGt4dDVcciW3u5LLr+QWV7JlVnKfV7L+lahLWMNIdWu5ZC2XrOWStVxyNctXs2Q1j9SBumXAVdiRnNwfJ8++k+s6uW9Otq2Te+hk+zu5bw1cvoFntoFLNrAFGrhkA5ds4P6sZ3uuZ3tu4BW0gVfQBj5TNvCZsgFnShnwACOdjJsowgN8gXEmIcV2gOMZoxljGOMYpw2+z1+ACxDbpV6hLK5bXC6i32isWy4yl9YtWSbyq5aU14nS5YvtNaIapaSFC4zRIlyIwUEhC60IVDlFGPBJ8Cf6JaBOBPl8loSfCB76LAk9aTIX5kSLcWoJWfiLEJXX4GqoGLNsSV2NqGKsYbQzuuhfXQk34wbGLYzbGQ8wnma8tmLZimXiAeNjQknHGMw4jjFKeL8A+HGUkcs+uYRRCfRdQe6H/gZg9AaMS1BvRZgYC7t8DiMaLyLEMyJSTBATxSQRJZ4V0U+p9ySZjPFrR+Qh0P+0fKooFCWiQiwXdtEsOsQmsU3sFHvFQdElesVxcUqcF5fFdXFb3BePJK1kkCKleClVMkpmqVAqkeqkrdIOaY90QDos9UjHpJPSWWjWC0laj9YlIYUlo4/IJ1Whp8ijhSeffJ17J8V0ePLUx57882c8+YtJnjzd4xfSXzzw5DlXPPn8Y578tWihlSk/IHT0laZFzUIHB5IWX/e0/8Yu6o2QKurw2Q/5Lo+8otuTL0ny5EvHcTntm0lvzn3T8ma1+unim7erRXW451P1hepb1Y+XhXk+LXMv27Zs/7JeT/3lLZ58RbUnrzFyKf3KqJUpK3NWlq60r9y4cvfKIywNqt1Ze6j2eO3F2turxKrwVfGrMlYVrKpY1bBqk6e3dWmEyEs92uoqPfnqLE9u7/Lk9bc85Zylal7J3iY5NwsppJYt9Ka4LOkwbylSllQq1Urt0ilZlmfJdXKzvFHeBtol75UPyyfkW1g6wZpokElTq3FoTmjOaoU2UmvV1mk3aPdoDyopym7NCeWkLlpXravV7dNd1gT76fzCUQPJb66f1a/Ur8LvgN91fbr+oL5ff0Y/4D/RP8U/y7/Sf5v/g4BZAYcDzYE1gZsCtwfuDjwQeN0QZjAaLIZthgtBIiggKDloblBt0I6gvUGHg84HPQjWB6cE24O3BncHnwy+GHwtRBsSE5IYYoK307sTeu+RQTFhisBSDJUimRS5o8gcxaxwXeK3Nf78tobesdAbFnpPQ29X6B0NvaGh9zP0dkbD70roHQlp9+Oo/HCdKq5D7yfobYyW3yrQOwV6l0BvD7TcH3oLk+7pF1Y0l4E+ei9CeunNSxTrr+J3LvTGhd630NsWet9Ab1robQi9ZaH3IfSGhd6vBPH7FY8WI79ZofcqpIXeWNAbFXqfQm9TqDbVpH4a+K0DvUWh9w70BoXen9DbE3p3ksM1fsHvS6xshTsiZGhU9J6ERkbvSOgNyXBbRrWnRn4rQu9E6I0IvQ+R+X0IvQ3RcMvUKr0JkfmNB73vkIfkEr/50LCN+b0HSKG3HvTOgyM0dH9bONiL9RAy+Cy/66A3HfSe46NBI73joDcc9H5DcHya3m5wbJoi0yGDR/ld3o+HPmk5wkTxJYoubcKpFcBvM+hdBr3JoLOOTjo65+iUozOOTjg63/w5Nj8d2ig+TtFxio1TZHwc2oNNKY4vKGJ+VITzOwl6I0HvI+htBL2LoDcR9B6CIqMUF6WoKMVEKSJK8VCKhlIslCKhFAelKCjFQKcOzhMyx2JDBt/BDk9eTG8aPkt/dPxegeL6nlJf9pYSFMv9Ib1LoEgnxTkpyskxTnqDQFFOinFShJPimxTdpKgmxTSnDf7mY3qHWh+ah3dHzINO9akBio/7WkHI/FZg0+AuMVldKTzP9DaA3gXQmwB6D0BvAegdAL0BoPg/xc1HWfMXHPOniD/F+ynaT7F+ivSTVSnKT/F4ivBTfJ+i+xTbp8g+xfUpqp8wmI/z1tvTUNgdvVW9/6+fMqe9nzinFK1/8rw28ryS/x2m6DzF5jkyT3F5ispTTJ4i8hSPnzZ4GPcEGnpn99/sV2EUWae4OkXVKabOEXWKp1M0nWLpFEmnODpF0SewZx3g+DlFzyl2TpHzTYMH4PlYVyLoY970JE+KGeVNVOs9io5TbJwj4xQXp6g4xcQpIk7xcIqGUyycIuHTBt9j2/2U4tMUnebYNEWmOfpNcW0QxaWnDv4Uu4B33dOaD3xqPW+dOE89imLjvgX3zXTXTHFRiorSPTJ2riODZYxO3LVR1JlizvTMT/FmihhQrJliBrSLUZSZYhUUMaBYDMUk6F6dnzroHl9MF8EciyANOVzztxxZo1gyRdUojkzxXYohU8SBIo70jIlnZvE5jhpQDCOLNfR6IoIUH6PoFcVjKLpCsRL0w6PlLY6C0HM6PTnQUy/1hZ4c6NkUTxm463zCuDnaRLFBisVQRJAiwBT/pegvaaTIL8WWKOpLESWK+FK8l6K9FOuleBFFxCjKSzFeivBSfLcR+nUcL83nkfZwXLeKnwmnY/ej9vAkJQJUC53zWAjX8ziyM51tSjHcKrbKb4VetYLXluc4bku2pMgS7IeTxtfanrZ7hIbL8PMm7sH91Rq/9ein52p63vVc5adePPOKQJ477wxQuxQPpQiNp61z/MS2xGNh3NeHPF5D8Vd6CqNnMI68ei1LMddh6/qMlb3hnOoNe1mrjeewjCOrFFelqGojTsuQof6wR6KUVxPFUfPYE95Sz9Ye9icaHUVOMSI8aXjvgL41uI8ipurM93J8iyKlHq3nOEZKfuXpy16OjVJklOKiFBWleFIl962Mo6E088t49t/iKCjFQCkCSvFPin42Dr4l4ij2SZHPIet4erGX450eK+1VLdTLXp7Pa8JjZ4pukv9RZNNjGSfHNBdzr/ZyNJNimRTJpDgmRTHJJymCSfFLil5S7JIilxS3pKglxSzJP/WqVXu5ZYrC5Q3NcA/Fj4Qf98u78jz96lE98hy8OIfXPvmzzevZHJPEysFTG0Ukh/2oV7VyD0chPV5wjuOPHr8qU/eBvfA+nhf4vne2Kd7o8bpejpNQbIvWOa1rgzqT+1Rf3euzRt5SdfdybM0ze7/Fk9Vi3iM8+9UqjCSE44hUhuIaFIdYzP69l2OHyzzj9cRFoIt2FIrkObkH50Qox1YoskL7z7CG33J8kPpJFls21KZHE0UE7ereFODdmzgS6OnHOVXDOY7/LeOV8FtYmqJsTl7JnhbP+fS312fnO0f9xFhf91nbdsxQ4FC9RUO9HO4h7+DqromWsD9RPI+iebRXUCRvic+esVzVTf2RWUrW1HiiiKQNcr1PHz3j8Vp+pWp9PUfqPFd7Rl/lUWt51qt8dqgA75pm25NfsN2xx3ospo4GJUMpZkQRI46/2dS9cLjGeK7hmaXfcLRtmWoDp+phfkMW8+29t2/+Q7PvtefwbHtteQ4jGHUVVlqkflrB1qP42SpelTw3ZG3v/Kun68qh/ngt6u259yq1JA+N12/oxBveecooLsYnvj8/KXzaU4IsZnPsSdA3BHF/EIski6lIGjEDSStmIikoNRv3xJ9H8hMvinQ832QgBdC3yXCHvxDJIIqFDc98JfRdMf5Ga6g4jhQmTZOmi7HSDGmGGEffvRLjpQ+kD8Qz0h+lP4lI6UPpQzFJ+kj6SETRrwLEs7IiK2Ky7CcHiBj6NYCIk0PkEBEvj5fHi6nyM/IzIoF+ASCmyc/Kk+G5sXKsSJbj5DjxgjxVnipS5GnyNDFTTpKTxCz6dr+YTW/XxedlozxPvCznyDlirmySC0S2/EWcxSbZIluFmd5CiFflCrlSFMlVmBWbXC3Xitfl1fJq3H065AbxhrxeXi8q5Q3yBrFU3iRvElVC0lXoDsBmBnFFzBKididoj5DqLiPfD+oEfw15F6gH1KdSP+iUSmeFWFWF/CLoCug66txEfgt0F/QA9AhlZJAeFAwKB0WCokFxoETUuYM8BZTG16S6+3xdqhtAngkygkygApBFSKsx7atKQOVC1O8DHQQdFlJ9N/KjoOPS4to9del12tUttX11CypL6ypqb9XVMj2qc6zS1+0Gf3BVyWoD5+WrDatu1zWDNtTur8uq7QR11WUtTa7LWnV6dWGtrm5ebU/dvKEyF+uskGVBluXRv3TLqr11pasO1JXW9tct4OunkF9BPtxusw9fWnsXOWiVjHrBKPsA9KhuNz7vXhVdt4/7RfnFuoNo4yg+nxnKH9RdYHpUd5npVt010M1VcXWXVyWC0uqugW6i/rVVBat1TMa6AS/vHXtl6eooolWu1QlM61enwm4LVm2q20FjWHUI/dyD/h1ZLVb1rs4gW3htsOr2ahuojMau2hjloZ8oum7Aaz8vwV5msqHXbqzr/LC+2rMY/3Ufu/XVWXne+tGHi0u3D8lHX/exI2xSS4T5LfWxdbvv3D+ljGNVOMYdXLcZtA38NpoP8DtY7qVIz/zQPPkSz5neM2/o02E171bnrxt9PT56/lalYJ5ovjIxR5nqXBEdWt3BFA2bFyAngnz1xtU6IrXMFiZfOc2vCZQIf9mj+jXmGLo9/m3x5JBfhjzM6/ecV3E+gM8RyDcjD/PKV9XAP9zwDSJf3j7Mw4di4T/JTJtgz4t11au2wnZvg/jz0u2rdsGnhudqA6+XEpqD1XO9xD7hJfKNSyp/FXTD1/e86xDrjq7dXl2Jzw7ky0F1q+7V3Vn1cHXDqsdq7pmHw7D/SR7X8Dq5A7pPfg975sBu+XSdaWfdLF6T5AeyOscnMCfHsA7UvLZvdQv7P/skrwOvz1rRHuUx1EePHLl3b/D1WdUHyR8xR7Xkc+xT6tq3PyQdoLtY43frbtofY71fBD3wfK7XYhwFw589/lEfw+TjK95xsS/oPfPOn/X0Gfq9n+XVYUSY09T6eIyd94TVLas21SfRWOpnoX9Yp/XpyK/QuGj/qIthkn32L/Qdp0ug/IH8UAhNmCZM6DV/ockV/spMZZYIVtKUOSJU94ouV4Tr8nVfFBPoVzNisq5Y97qYErg/8DsiLvAjgxBJ0PIj+fcyzhPNs5pnhayZrJksNJrnNVOFVjNNM034aaZrpkP7DM0M4a95QfOCCNDM1MwUgfSrBGHQtGnWiWDNX2r+SoylX0OJCM1XNF8RE+hXUWKi5muar4lnNV/XfF1Ea76h+YaYrPlbzd+JGM3fa74pntP8g+YfRbzmW5pviWmaf9L8k0jUfFvzbTFd8x3Nd0SS5p81/yxmaP5F8y8iWfNdzXfFC5p/1fyrSNF8T/M9MVPzb5p/E7M039d8X8zW/EDzA5Gq+aHmh+Lzmh9rfizSND/VvCNe1JzTvCvmav5d83PxiuYXml+IHPr9lZiveV/zvsjX/Frza/Gq5jea34gC+kWWeE3ze80fhIV+USVeVzIUoyhT5inzxJv0eypRrZgVs1ih5Cv5okYpUArESmWBskDUKoVKoVilWBSLqFOsilWsVmyKTdiVEqVE1CulSqlwKGVKmXAq5Uq5aFAqlArRqFQqVcKlVCvLxRqlRqkVbqVOsYu1ikNpEOsVl9Isvqy0KC1ik+JW3OItpV1pF5uVDqVD/LWyXlkvtigblA3iK8pGZaPYqmxSNom/UTYrm8U2ZYuyRXxV2apsFduVbco28TVlu7JdvK0gia8rO5QdYoeyU9kpvqHsUnaJncpuZbf4W2WPskfsUvYqe8XfKfuUfWK3sl/ZL/5eOaAcEHuUg8pB8U2lU+kUe5VDyiHxD8ph5bDYp3QpXeIflSPKv4n9yveVH4hO5YfKj8Q/Kz9WfiK6lJ8q/0v8q/K/lZ+JHuUd5R3xfeWcck4cVd5V3hU/UP5d+XfRp/xc+bn4ofIL5RfimPJL5ZfiR8qvlF+J48p7ynvix8r7yvuiX/m18mvxE+U3ym/ECeW3ym/FT5XfKb8TJ5X/UP5D/C/l98rvxSnlA+UD8b+VPyh/EKeVPyp/FD9T/qT8SZxRPlQ+FO8oHykfibPKfyqD4pxO0mnEBfovFuLnOn9doLisC9IFiV/pQnQh4qpujG6MeE83VjdWXNN9Tvc58b5uvG68uK57RjdB/Fo3SRcjbupidbHiji5OFyd+r4vXxYu7ugRdgvhAl6hLFPd0Sbok8Qddsi5Z3Nel6FLFH3VpujQxQL/oER/pMnXZ4j91JboSSaMr1ZVKWl2ZrkxSdOW6ckmHu8alkp/uTd2bUiD9bkgy6Op0q6XgQP9Afyk08J8Du6UxBtz+Ss8YtAatFGnQGXTSBIPeoJcmGgIMAdIk/scQUYZgQ7D0rCHUECpFG8IMYdJkQ7ghXIoxjDOMk6YYIgwRUqwh0hApPWeYaJgoxRmiDNHS84YYQ6yUYIgzxEnTDfGGeCnJkGBIkGYYEg2JUrIhyZAkvWBINmRIKYZMQ5b0smGuoUCaa1hgWCC9Zig0FEoLDBaDRfqiwWqwSoUGm8EmLTSUGEoki6HUUCoVGcoMZZLVUG4ol4oNFYYKyWaoNFRJrxuqDdVSqWG5Ybm0yFBjqJHKhCSnyS3D989LcD+6pFxIS3EfvQT3xEtqwO9Bbge5QG6V1oM2qbRViMp45G+DdoH2og7uvZccAB0CHQH1go6BToBOg86DLoGugm6AbqNOJ/J7oId8TVraxdelpbhvX/IYbWhBAaBQ0DjIcR9fOREUI0R1JWg5qE5I1Q3IW0AdYoJIE/NEAZ6MKkSNaBDtYpPYLnbjWbVLHBUnxFlxWdwQd8WApJWCpQgpRpolzZMKhMZ25PUYW+/r8bZjr2Pntm20XbHttF0H57ZdtW213QDnsJ20tdvOgFtuO2VrsJ0FV247YquynQZntXXbSm0nweXb9tgKbfvBGW17bSYbnlZs6bbNtnm2beCSbVtsGbbt4OJsu2yJtq3gJtqabTG2zeDCbJW2CNtycHroDbbVgBtnW2DT2qzgDLbC4gGbDZxsyyy+azMKufihLav4hm0euDu2hOLLtmRw122JxWdtKeCO4eoJ20Rw3baM4qO2KKEtvmIzoUQBSliKL0KHFmiCtABSS/EtWwlKbyy+UrylGOOvOlR8tXh91ZH/tjNR0bRqWqHlj5pHeJZr0K0T/oGnAv+3GG/4g+G+eEbQH61vx5OxAfOVKEQ5/KgcflQOPyqHH5XDj8rhR+VXVYIvld9WCb70xgbk6GU5/OcN+M8b8J834D9vjAPBd96A77wB330jCQT/fyMdlAWaBzKDFoCsPvJSUAWoGlQLcoCaQe1CLMUz5VI8Ty7F8+RSPEcuvS4Si+OLk0CzQOlLg4vnFZuLxxVPLI4pPllcUZxVXF28oNhaXFvsKC4tbga2F29A2ly8rXhH8W5I9hUfRDpc3A3+aPHxpaalBUstxMFyY+hXzULQr5qFTL9qxn0EzYWO58KP58JAv3TGjMwZmpExmJHXRITui5iXiTwvk3Q2nU08i3k5KKLpF9HiucCPAv9TPE+/iBYJ/4MtSSJL2Hmuk4T+k+cJ+4Xeare6rG7reusm61br25X07RS9/Af5D2AeyA+EpKQr6ULWLdAtEBr4XrHQ6l6HByqB3w78ttAFPg58LPz+rDpS2J2xuC4M0lGBPacKfa0KBoWDIoXshq9VRYPiQPDZqhT1cxooE2RUP5tUKlDLWEAlQyRV2YXcphUy9kW5LYBzUVUOPhR8vw/1QDYONNFDJIOLym0xnvpM8SolqeVngTDStizQvKHyw33C3l9VA8K+X+ViHdRnrqO2K6pwDlSt53Jym1mVbfozCOdH1ds+hDOkai/bQy53C3nR+iESVQc8snJq+xD3jfvHn488lTzXeymXf2nZ6Oxr3W3PqXe17rNsb+xuPWjPrw9uPWwvbDza2m3PbzyOqzZIjtrLgMftlY0nW0/al9sbWs+wpNte13im9YK9ofFC62V7WeNllKHy11D3aOtNewv4O6ztvr0Qrdy054AfQMlrKFnYeNMtLPsbdrl19o76YLeBJWH2jY13WvfZtzTed0fYtzeeAe6srwLuqXe5oyz9jQPuWPt+xx13gn2nS7iT7Z0oE2Xvcla6U+09wAx7H0v6G26759pPuXTuHPtZlwGSi8AIS78rDLV2uiLc+fYrrih3quW6K9ZdaL/uSnDbIA9DyVuuZHeZ/S7qVoIPA3/LlepebrnoynDX2R+45roFMAf9h93cDfZHrvzW7nrZVdh6vF7vsrVeA1+GMW53ddIofLDT1cU8sL6AJTS6nZD3YFwfw3qLq89tqy9x9WO8la5T7j3As60nLQ9cF91R9eWuK9DzFLT3ua679zNSSaB9D2Mn6sbWB7sq3S12m2s5elvluuXurK+BvMve0Byw+Gh9uKvOLeojXQ1AvasFZVyuB+5T9W7XI/fZejtK9lg6muTWm8vKXB0oE80W8NSKc+W7O1RJomuje2N9CnBLfZprCzDTtd29vd7IOn3R5NoJ65lcexiJX99wD/7W6exzX7T32Pe7r9RvatK7DfVbm4LdZfVvo5UujKjHfZ397TCPqw9zsd8d5umhPd91F15H8v76XU3hrZctD5oi3bfqU5qiYcONjUfddy0XYf8H9Xub4tyPLGebEmG9A8TXHyLecrbxaJtsf9SUAv+kubtYf6QprU1f3+tKbQuuP4aeH64/AT/fx2unu/50U2ZbeH1vkxFXzzeZWrsxU9fb5PpLTQWoe7XJ4p5bf6OpBCPqsmwkHr560d5fvxW8CfY8jvI97ohl24mvv91Ujv7ca6rCmupsqsGcPmqS0TdLk70tsj6c+YeuU23RsHx+W5zlUZPLfb3+cWN3W6JD2+RuS3EEYBb2gV/fluYIJZ2OcU2b3LEe3t7XtBWeQHUzHROb3kZdDx9DvGV7067Ww474pr2LzziSmg603iR/aItzzKIROdKh4SB6VQ4+q+nQED+v6Qh2BrJVLEYEHr4H3mEm3rGAeStGdNlRCj1GRwX08Ly0Ge22pt42k6O6aRPktdxbR9Mxd5SjuakXve1sOgG+vXGie6NjQ9Pp1pP1aU3nW086NrhOMX+JeawOx+b6rYuPYk/oaCtwbGu62mZx7Gi60Vbi2A395fZOS1dblWMfdpIo2sHagrlkDbXSZrefbbrdZsS6vold66wruc1Yr0dPrjlm8VwYVf6eO8JxsD64rdxx2NmwOAarAN5ueeTqbHPZ68gfYPOHbpujW7XzPfT8qIenNeixP6/TKMdxatfS5wrDqE82PXafdZxp1mLsF1BmN+b03uIN9ZaGcPdcx8k1y906x+U1de5K8A3MtzA/LL/Q3IyZsruSF2+w25pD4TkXm8fBc8qaD2JEF5sOuGOdZ5197fucFxvvtx9cVkangPPKmo72w447zfvau2mPbT9aH928r7XbeX3NRswj85YHtPc6b63Z0n7ceXfNdvdc5wNnR/tJWK+l/Qzt/O0XsLsa2i/XG8FfQ92d7j7no8Zr7TchT22/4+jGzn8f8j3wgYNNve33G+Q1+907HRdg7d0NeshVHv1Pde9cVtYiw6vPurrabjhvtejR7s6WYHi+sSUcO0Y57WOO0JZIjKuPeMv25olYxWiL9s/mGHjjZXjOUcc1nE2H67c2x7decFxrToJX32yeBcvfaU53dzjuN2e1HnQMNM+DlfKb09viYDczfLKzeQF2lRyUjKVTo81t2dhsZUlpWyZKVrStd4rmanjytebatk1OXbOjbSvtVG1vOw0N5a0nnWHNzW6Do7S5nU4oRzx6vtWpa9vljGjegJJlTb3uR84ol2jbixY3Y6Yamre1XnPGNu/ASbe9eTfWVE5zO7ziYPO+tgP2DjpVcQbFusucCdi7DM7k+hvwZK19Z9shePJl7EL77WVtR4hv60XrZlhjS+PNtmPO1ObDbSfqy5sPtp2GNbrbzkNPatsl7JzdbVexY2AntPdRP50tLdEdkRiv6Ihu2NQS1xHXsLUlsSOx4e2WlI6Uhl0taR1pDXtbMjsyGw7YG9rTGw61GDuMDUdaTB2mht6Wgo4CS3/zHXdsw7EWS4el4YTrVkcJ1vUu3CHgvMZYrC0l4PfQem8Ixtx1N5xuKV9rs9ucnW0m8p+2h5jfqjYTzS/4Yy01HeX2vhY79of+FldHVcP5Fjd6dQm9qmm4il7ZG260hHv3EEtny3r3IzoROlyoG+nuwI6K0xZtbYJfbQXfB78CT37l7kOZre4Oj/84LjDP56PzFk6rPY4NLcHujV7e1dd+3NFNvucobXmbdgPi7Z3gY6FnV+v9htstezvc9dHE2/e37HWnOswtB7z+ibpDvL2uZWvHeofWMdCxyb7H2ddW1XBvTVTH1oa4pkMdbzc8bDkEH+jEDhPe8Bh3Pl3O/TgHY2nuOnbR3HXspdXhGUXbDcedxu61W2jlsvU8q+OKO7ZR23IEPvMII93pjGo60HbDvrO5u+22MwNzcduegzuoWOdceMI97D+pbbITd4NtD7F2msnnm48yHkeZ/OaTbY+dc5tPtmupPLAQGFC/vvnM4lCUT8fsXGy+QIjVF+G0uUR7qOVu8+XWAfIlyLktwvZx9i77LeweZc6WIay057RP9KC9p35reww8/1rbXufy5pvt8YxJjLN4vVRx/6s8noYWBVqsa77fetnZ0DxA+zN5prNljWjPcnbY84EtztjFE+1X1uja5zHGELpTnRuL9G0WeGYqjRT2cdlvrTG0m9GTwvYFzi32svIM53asaKypNWGLB5w7nVvarfbrzi2LB2DJC+6oIv2aCNgT1mhzOQvXREHD3TWx7kpnDla6y7EP/XTRfLkfELaX2nc2HWivoH24vcK5BWUsjlKaWfTThp6cRevVnrsyaEtQ+1Pr3LMmGSPF3Wm7w7nfsh2tQ754gzN/TWp7s+VBc3Ob0dlh2d9mqS/HKRnr7FyT0d5eH7xmbvsGZ9eanPbNTt2a5Latzp41+bBe35rC9m1AW/sOu21NGXaJ7WsqW+9jh2x3X3f2N7e37+YzYsByqvH+WtEQjLv3AewSZ7Cuw+td7fsaIhvPrNXhpHOtNdAd+NqwZfREsNtRiqu76X5+bQTxa6OYj60vJ55OzLUJlgcoU03ytnB7H/gK2tnWJtsvNg6sFcRDznz9MXoGaYimu/16Y3Pz2lSsHdFe4QhFW/frL1F/aI2szXDuRx/mNsSRvCFxSJ7D8nzmC4lvr3Zsbjy5OIaeF9rn1Uej/M2GFJSxOe7gzLpPY8E5BX5tGfPYgUmDvavhdvuZhjTwlQ2Zlo1rl7O8kuRr65hv4DLzGozNG9a2NJjWdLo7G4xrupjvAW9a07e2o6FgTT8wDmf0fT5P+3DKNK/daD+LM/cy8xnMH2V+C/PV9eFrTuFMv4G9ca8v77gAG8Y1WMiTHbvR5+0NJWt0a3cyn8P8HpQ/iz22vL5q7X7LxjVn18Y2VIHvJPnaroYap27t/o/xPVy+ryF4zUXMe4rl7Np++P/FtafslZZTa8/68BeZv0J8ewz6nL72Orw0uX0c84XE057s5dfeovsT3EPGrDG0XcK51ox7APsaw9q7jpP0JIh7mCvuSktXw661D7COrqx9hPuBy1S+3o05GsnzfUK9270TfnKU7nnq3XyiHe2QG+R6d4ee+LWnmA+2PHDqcFeTsuZ6R3iDa80td2WDe81d7IpX1jxou9Gwfs0jd+o6x7rmde2Nza2h7rmNjtbQdVlYWe3wRuxI8Bl6irxLO7bb5jyF1WTyYGNAS2/HgcbQlmMdhxrHueo6jjRObDnR0dsY03K645jnGbkx3pXfcYKeNDtO01Nkx/nGpJbzuCvwPOHys636VOvzxKo+q/JTauOslksjn1U9T6ON6S1XOy41ZrXc6LjaOK/ldseNRnPLvY7bjQtaHnbca7S2PEQt1tNY2vLYHdFY0arteEjtdjzmdpOp3XVa9Wmanp2T6dl5XQD1ZF0o9yR5uCfrxnlG4dkh6Ul53UR6Rl430TMuenKHZn6+pn2J6sLP++kEWRdDJ8i6eJKsS6I1uG5cY3V91bpZqrad3M/a1oB16Y3trePamz3RCU/EoHGDs2/dPHsh7nO6Gze3TlxnVmMR/NTfuK01Zt2Cxh2t8eusasyB7aZGFfj5vfFw67x11WrUwhMf8PCeeAVqrc1p3N2a1H60cV/rrLV7Gqtb09eVNh5szVpXIWQRqrVr7UJoXVqXkOhvngpZ+1XtV4VWP1dvFYrepi8VE/WL9W+IyfpKfa2I1Tv0zWKGvlX/VyJVv0W/U2Trf6+/JwoCpwYmi8LAW4G3RYnhuOEnYlHQmKBnxBtoI0XEipeEEEbxJREpykWbmCW+jFQotoiviIVit/h7UST2IRWLg+KQsInviR6xSPSLd8VicVX8WqwSvxG3hVM8EINijSRLCeIvpY3SJnFI2i69K/5F+qV0XfxBW61dIT7S7tX+oxjU9mp/KGm0p7TnJH/tTe3vpDHaB4pG+hz93U1pim6jrld6jv7+rmTV/Uj3I8mmO6F7R3pd9+9+OmmJn7/feOmr9Ldvpb1+k/1apX3+rf7rZcX/y/5b5SD/r/nvkMf7/63/QXmC/3f8T8rT/M/5X5L/wv+X/g/kV/0/CgiX36Q3TfLawODAELkjMCxwvLw+8FeBN+VNhlrDLnm74Y9BsvzjoAlBE+RzQZOCpsjngxKCEuRfBE0Pmi5fFhLsUs2R0ij6vVb2dtBO0B7QfhGZvTN7T/b+7M7sruye7D5w/dmnss9mX8y+kn09+1b2XeQPsh8ZZaPeGGwMN0Yao41x9Ns/nluhz9ZnC1lv0pv4N5JhcqKcKIScJqcJSU6X04Usvyy/LDTyXDlbaPn7XDo5T84TfvJCeaHQy0WyTfjLi+RFIkgul98Qwfx9rlB5Bf1WV66X66HTKbvEWP4+13jYO1ZE6N7RvUPxfnFRXOGRhdEvIrMrRHl2RXZ1dm22I7s5uz17Q/bm7G3ZO7J3Z+/LPph9OLs7+2j28eyT2WeyL2Rfzr6WfRP5nez72QNGYdQZDcYwY4QxyhhrTDAmG1ONGca5xhzIwoz5xkKjzVhmrDQuN9YZG4y4mc8eGE5chtJd4wNOYUPpkZo2GrcYt78iG3eChHGPcT+udYLrMvYY+4y3jP3GU/h01njReMV4nX5f5/cPsOa4EX7+pqiBn9fCa9NFI3x+Lvt5Lvz7kMiDh39P5MO/3xWviltIBWyj1/ym+D0nFvg97/e8WOg3zW+asPhN90sSRX7Jfsmi2C/VL1XY/NL90sXrfhl+GaLE7y/8csSX/F73KxGL/Er9SrFeJLETK4msHCMU9hmR3QnqAvWA+kRG9tXsG9m3s+9lP8x+bNRmPzQGGEON44wTjTHZ94zxxiTjLGO6Mcs4z2gGLgBZjaXGCmO1sRbJYWw2ths3GDcbtwF3GHcb90F2ELLDxm5jc/al7NPGo9mnkU6APw88nX0o+0h2b/Yx+i2ifpW+nn9tGjDCWo1Is8TPkGaL95FSsep/LT4vbiKl+RX4FYgX/Rb6LRTpfhV+FWKOkAz3gwL43WaC8BOiMBgULiTLXeSRoGjwD0CPNCmFest1pmDLLSbiwy13CyMtD/hztOVRYVyRzPLEIn1hSlEwy+k6ybzlvPW8fFpR+JBuklNdItLl5Um3l88simSi65RTO95rXjIWRfN1bz3iqT3KvWRCeyZ1PNR2AXIL+kj5aH1P6pNv33zpaXVHE421pCiO7VJVlDg0dm+/qC90nezjtavpCVSONn2J6nmJxuIlb9/IZlSPdNagTa9tvG37ziHpUMeYFVCUMsKOBWpO173lvTldsxelDdnWq5tyl9oH4t1FmZyvLzIO2d2be9umzzSf3tzbR7IXjYnGsKnI9LH63rF5861FBYVvF1kKdxWVjOin71hG99U0yg7ePNKnbzQer/1G+0K5D+/rs3p1DF77kcyrY29R+Yg2vHnwU8bvHW/wqPF7P5P/EO+th7YsOo9sdD5U5kBRVeGhoprCh0WHCh8XHXmqXZ6Uuz7jdddn1PdZ2ilX7eu1c+So+fqk3DX82WLwjPtp+ZBdRtnaEuax06flQ/NuekLuOw5f36f8SJF9aN/oLXIVHityM+/NvXuyd32eKFo/dO100SZul/zeu1+fL9paeKno7SGb6Yd9g/OrRbuGxkjlbxTtLbyNMveKDgytc7XOQm1R78KAomOsx+uTyBeGFp0gHQvHFZ0e8ldvru51C+OLri6cWHSebZhg7bYkW49aUq3HLRnWk7SvW+Zaz7Asx3rBkm+9zOUKsSfSfjl6jmFDSwT0j5Zj/S/cbV3Afm8bbmNozsus12gMQ7b+NN8rH7W2R/vU6P1q9L6k2oj6ZKm03vTuIZbl1juWOut9S4N1YMhWplH7qs9Yn3gW+e4pKi2MKbrEdiZKKrqxcFbRbd9zamF60b2FWUUPF84rejxCl/ecBS00W7ULF1gDmLdaQ/nM9ZJXT6l1HOcV1okLq60xC2ut8Tz+p9BChzWJyOt3C5utszhvt6b7nqULN1izFm62zvM9exZus5o53wEdsCPPr+/ZHufxg4X7rFYaL4/xoLV04WFrBdfrtlb72mvhUWvtwuNWx8KT1uaFZ6ztCy9YNyy8bN288Jp128Kb1h0L71h3L7xv3bdwwHrwY3vhk84+75niuw8/LTd9ij6vnM6xch9/e9K+73qCfu+e6L0/8K4Tvc9Z73sOkS9Gqedz5nBuifXMtzcfok8b51P22hG+7Jt7103wqHU0+vzz2Ut5PD750Lk/ak8akT+tvwWj7DmqvaGzcvS5Ojqv8dnvfHPvnAQP3z+RvVfaV7q8683SUixoHVg6inWWjcUGi7AeZtpSHEY0dB/u1efVTf3bXhwx4t7U9/7Yu/6898Zqfd6/cU5YdhZHDa17kmPd0frz1WfZUxz7xHtvVa9lf3HCiHU4ao/y7kWWzuLkEfdEdI32xK7i1EJ9cUZhcPFcS09xDvOJxfmFccWFhZnFNktfcRl/xvVCY3ElX8c1y6niBpajDOeqDuaji5dzmf7iOnqK17+l/2shAl8InCk0gf8R+B9CB2nc/2x8RdGIQY6jLOI4ymJdn+5H0jaOoLzNEZQ9HEE5yxGU9ziC8r5/a0C4PJfjIhc5LvJzjov8guMi73Fc5HcUF9FEUlxEE09xEc1UiotokikuonkBT7R7xYHh6EGqLHJSM1ONqabUglRLaklqYmp5alVqTaod6AIvp7pT16duSt2a+naqPjUldReu7E09kBrM6RDoSGo0sBfpWOqJ1NOp51ODZ7WnXkq9mnoj9XZqONK91Iepjz+vTY3kFJ0ah1YopbBG+hTJlIayKanRFAnQF9P3J0c927owI2tEK55qO5Fe5OfcdPGOOIsn2fNIL9H/rBKZ2jPacyKL4lWoKQmrKPUZb7SIUXuQgvY8I09Rx+4ductnzJswYhrvIYzzANIRlCpP7eU+UuRvPP8iUcB74iCLR5LxLJ0gNCIRSSuSxAyhiBdECp6vZ4s04Y8+GUWQmIcULHKQQoQJKVSYkcaIfPEqevqaWCDC4XNWMU7YkSKFA2mCaEGaKNxIk8QppCj+D2bPSsFSsJjM3w5tGR7r/NOalPmnM+7OPz//0vyrmZvn35h/e/bJl/vm355/b/7D+Y/nnzdp598zBZhCZ1tNoRnXTeNMEzOrTTGQxWeaU2MzbmU8MiWZZs3ebUonTNWlikyzKcs0b/buzOqM/lRhMs+/kdk8o8K0YP7p+adN1vlXWWso9A8lUy30cHq5MOPR7JMmB2nxplThSbNvmkpRsznTnBtBusBvMG2eUZFZDf4q01VThaka9bUYz3lqhdO2+ffQv1DqN3px6eXtmdWotdnUPv+GKQmld5h2zz+faSaafRN67pn2mQ7Ov5QaO/+S6bCpe/7VjFukYYgepwomlDcFQHOA6ShrP246Odua0W8KxaiJ0JpKZ0wXSK+3FdboJfSByHQZ+W1oBZm2mRyUyBKma6abL/eZ0uegj6ZZKHfHdB89HMgVXm2mgFwdtT+ibVCuITfMNA7Wx2jRS3BeIgnXRCnu13+FrubuHNH/EZS7c/bJ2btz9+Tuz+3M7Roarw89SU6y3J7hno8YBeS5fTTLHqI+UBtD/T+fccsUnxuV2QyMhVc2s9ZL88/nJsy+mZucm5pZm5sx/0bu3Nyc3PzZJ+ffZj8VuYXzH+faUKostzJzm6k9dznP4UBuXW4DWTK3JbcDvjMLnos5zN2YuwXeYc3dbsrKq81z5DXntedtyNucty1vR97u2Vl5Wabm+Tfy9vFsooW8g3mHiXI35u0zpXtq0LW87hml7DtD1vRYzrQt4yzN+PCcmrTwrW1YdzdB98m38o7mHWfdJ/POZNZm3J1dy766w1RLNcg2GbdSY2dnIVnNB8yHvDynLPMR+E4S8l7QMYxfzN5G6eXOlzvNJ8ynzefNl8xXU2PNN2CfLPNt8z3zw5f7X+43Pza1m67N3v1SjVnONOdp58TnBeSFmqvyxuVN5BZqU2PzYrA6j+bFw9fRRl7SS3JmVm4drye0nDcrLz13C2xne6km41ReVt68PLNpIG/B/Md5VpqlvFLTLBpJxl3MYH/uqdyzuRdNVowKKzD3Cuh67sVcjMy0Y077kL125N7NfZD7iEafuTnjkdfu82+bZU9ummXWm4PN4eZIWkVe2Zzd0D1gjiYyxyW3mBPNKfMfpuqGiNd2boc5DW3OHd4XhuZFi72NiNe9ORNkNJuSW8h3zAVmC/uQyrMXXcQGVmIuz60zV+XONdeY7WaX2W1e7/Vu7KhmlN3kWZnmrdhdm4loNj17h1k2v23eZd6b0T//Brz/3uxti87Qbpt3AfNwIe9yXkVedd410zzaD9HHe5j7xNy5mTtM8didH2FMwpQ1e7dnN6b5ybtp2pEXQzNvykLr8Xl38u7nDZiS8kW+Lt+QH2bKmlGauzE/Ij8qP9ZkzU/IT85Pzc/In5ufMzsrPz+/MN+WnzD/XuY2zFYo7bnYs7E75ZflV5JNqN/5DZ6dkjwYs9qfvzy/js/CJf8P3UFViVqOmY+jvz+Z5BASKDypDqkBqQWpDKkDaWPSqaQtSNuREpB2Im1E2oO0H4lknUhdSD1IhUh9SP1J/fTXLel/H/Jf8XxF/AXsOh8LWyPycHegE1+E9QJh5y+JsUIy3DTc4x7xu64Xu4SUkYG8B/lcTcqLnS8+YupSifgeUJ/6uR90SpWfBV1U5X2qrG9UPS9/Rc298rMqnfLh+3346yqdUvOLPte8dEu93u+jq0vNT/n0s9OnH10+fTz7FDr1BFn/KDr7GYnGeldt84HP2Dt97HVXtY9vf0fT6Pb7fKjLh/p97Nep6uzxsc1ZH7l3Dvt8xvholB27fOzROSrHtXTZx7a+17x9QJ6uV/Ngnz50jWq7S51Pb+7b935Pnh7+hPo9I8eYHgmKBsWN7OeIsXQ+ZTx9T8lHt9n/CeTrs50+fui1h6ojPfET2nrS+Lue0hdvfsVnHrzte2Wjc7VMegooDeQGrf8Eu/z/Jffa15v3fcq8PSUfGven5KNt7LXTp+Uj1tepJ6y30f336s8cXjvpRpBJ5U0+5Xx8Ob3Ap4zFo5/9Xt2v00tA5T428/UNmv+qkeswvQZkB7lG7VFUdhNo6/BaHFqTb6t92TVqr+kZ3uvSD4H2evg5m0HbQDtAuz37+px9quwg6LDa9l11vxw9h94xjJajrTnxnrH5tuG9PqfbM4YRe+Cn+dro/faT9qsn7Uv9nj7NOTosn3McdBJ0xsdWT9uHOp9yFp36uDz9gGpnoiOg3pHnVPox0AnQ6VG6rg9T+nnQJZW/qp65F0eevek31Pw26B7ooTr+p1D6Yw95/W6OVs0DRp6lc0JB40bu03MmqnmMasf4UWe76gdzkjzjpTHOmQVKV+tljbTXnHkgM2gByAoqBVWAqkG1IAeoGdT+Gfyja9SZ+mn5Z93jekb522fV77s39n/CHuRzLj8xv/gU+rT2P23vfZL9bn1C/kl76Kkn3x88Mf+vzI+v3qecmU9s/0n5WZ/2fexe1D+83uZc8KyDOZdB10AbVLrpoaH71VOj7nXIl++Muje9OOq+2PfeWK1P+zedE3Pu+6z7s551R+vPV9+cgafce6t6M8SodThqj/LuRRm6UfdEZz3rOMMwPL6MMB+/UMtlRDz5figjdpTPdo5aA1Qm6sVH9L2nwIDAIP7e0/8jz5rSFvor/MIgBYssIRL6QP2gU6CzoIugK6DroFvq57ugB6BHns/TZJX0njLTgkHhPhTpUyYaFAdKBKWo9dNAmarc+GeQCVTgQxZQidqPclCVpy2mmk8gu8hKaEhoSehI2Jiw5RlXwvZn7JQStviknV7uma0JexL2P7NJvb4H1PlMQUJXQtfzsYSUq1yP5xNK7uFyVLcvYX9Cf0I/SpzySfQ/GMI+/k1f/Vz9AqHVW/VW8Tm9S98sxulb9W3iGf1a/VoxUf+X+i+LSfwd32j+ju/0wKmB08QLgcmByWJW4O3A22K24bjhxyLV8BPDT0Ra0JigceLFoIigCPHy/3h7khQmeb412yOmCfE8fOn5B6PokUpzPXk8/CYevhUf7EPwq3j4VXy0SrJKcWqeOKyLy2Lu49M8xPK5w0TXYk58Kk17fsvz20elnR+TfLL8CQkzEMzf5Bb6Qn2RkPib3Ap/kzuAv8kdpHfoG0WEvl3fDtt36NfD9hv1fyWiAxMDZ4iYwFuBvxNxhn5Dv4gPGh80XkwNeiboGf6bEf/f6JVEp+gafgc0aZvIe+7SpG5Kz12dZH3uxnO3n7v33G3+/JBypseTuuO0cQFqqe64UJJTihtHsrgYpFBPeu4SJa/GuInQOKSP8bFHk1fPJCtrCECZfVSP5J6WJ3VT5FAmG+vk3fL3sa3/UP6xiJJ/It8QU3ROnVNk0+4pjIHfC+wTr/B/rIkAhan/C2byUH0t6u9F/X1yj1DkXuiK5DoTUWIco2qPCUlCIkK9vyWEdkmkiUyfEhEiLOJsxNkJUTE1MfYJURNiJyRMyEeKmJAccWVCKihjwtwJOazjbfoGrvyP8j+i7W/L34bkO/J3hCwflg8Ljfxd+bvo2b+hNwr9X3mh59EEoGffF4H0/+ZFKFbcBukEx+4WiDHwZLcQz1o8FLN+mPelmE1PloOkmHsiL8Yc0x19PeZodHLMccqfqYg5PFkfc/LZ+JgzxHs/RybEXKAyMQtiLpMsxhpzjeTRV2JucpngmMsxpTF3KKeyRDEVMfe5DsrGVMcMxNROEV7iuslT5hKRTibrFB2ocIjQNy+hb2h/Sqzax/sxm6ckePgpqTHpUzLQ3nFuaxvrMaj96lb7dMenPxdYd/UUW8yOKcmRCVOiYnZPyYnZNyXfO/5nzOiHY4ohpnlKGI+rHeP18humRPA8fkP+hhC6el29kPxt/l8Ssv8i/zKh86/wrxB6/0r/pcLf/03/N0Wg/0r/lcLgX+e/WgT5O/ydIuQz+7AkHZQe8nw7cN8iJmM3nHxEpV7QMZWwq00+DToPuuShSZXIb3hyX5p8e5iPujRM+CzFjGM+LzotOi3qTMS4qImTD48HN75gfEHUfaSjk8LBDYwviObPk80R456tjJo4/ghSweTuaGN0+eQNuHIy6iSVQamBiHHjj6DGkYiJEeMixk0+OnkzpDcjxkUbo65FW8ZXRZ2JLhki1hm9iSjqcNQAUbRxfFq0cfKZIUobTp4+Rt3x9DG6APVck3cTP7l78r7ouMlmXJ3o6R/1Te1XGlo3QbOJegTtan+gm/pzP3o9+nkcvThJ/Y464xk/ylVN3hZdHl2F1lA36iY0gZ+8A5/s0fR/VQzyWzL2aPlr8teEv/x1+esiwL/YvxgeUOpfCg94w/8NeEC1f40I9l/lv0qMDTwWeFyEB94PvC/GBz4IfCAiAh8GPhTP/Jf2OCuoAFTDu1wM/8bExt9lyFB3vhgu5+JvHEhink+5FFFJ/51nqJyE3egb8GgZ+xG3z61FcWvP0t/2YU8X7Ola9nQde7ofe7o/e3oAe3ogPN0hglgTjUHwGBQew3Pcn+1qvw9y21NY1s69lkSfj+y02m/fcj3ca0nUqjL661n/N7Ynq0c8ddQ61iRYk8SaZNakYU161uFPb14+3gduJZD1Bz/VFjL/zy+yhmceYnmMDaotaodksihRZ9G3XKVqixxV9ufM0qfN+9P6vV10+/TbI+sRe318zyOrUWfRV7ZVnUWv7L9rDj/LLPzfzPKTbCGJI+IU3xVE0l8fD18wRHnhJqTI8IJwS3gJsByfSlhWxejhTbhqCq9BKg+382fiTWpyI5nC16tk8tGoRzIxefV5NfnqqeGcrri4/SrPZxqL/2L/xRhzrT+8zL/enzzgM59N4jDPoPpmc2wpaJ/IG7sHaS7j/qF8z1DaP7ZziO9CAoYdDtscVkvJp2Rf2GEm72ePpk7OhzV0Dmny6HGMNXgkYVbQ8bCKsONje8b2EIYdJy/3X+Jf9eeOMOwO6L7IC7sb9iDs0Vh5rH5s8NhwIOWRY6PHxjGfODYFKI9NG5sJWfRY41gT+IKxFk7lKBk5tgopTU1URz+ksWasnTFyrAtlSJte1eRW9ZSHPcA1kui5NpGRr5TwCMv97f+F80PG/f8F3l096zCO/n6+lCKliWP4/PYIabyUxLtw+whplBTLe/nyEdJwKVK48dkyQhoghfLvLLNGSIWkE4X4nOAjlcUDvs8OH5INj+3TV3iYvEf+Jkr8g7wPO9u35G/hzvqgfBA1D8mHYJtuuVv4wTY/FHr5OCzkL/9MPoP956x8TgTJ78rvihD5onxRhMqX5EtijHxVvgqd78vvY8/pCezBnvN93JV/DnflP4Bv0L39VxjfYvz6x/iv+PBbffhtPvxXVR5jl6IljFfSqmN/nmURUhQ+3R0hC5Wo9csjZHopGJ9OjJCRhSXMtI9MPBSP8Wn3CNldWF3CWeQruynu8GnkK7sqbuBTxQiZ53emBSNkZ9i3MkbITow4CzyyPtHvM9fP8zMazavgPVniPZl24+V84o2wqn/1x6y61Uf+N8yX+/ClPpZ/y8fyXxnm1TJf9an7VR+dHn7ZiFnz8DSWGP5WJz1HekYTP1wa/fc8gxIeBgYIBXd7AUPSEfuN4bEQQVqRFySCdEEGUFhQRFAUkPJYfE4ISkaKCEoFZgTNhTwHKQzy/KBClKC0XM1juZ5vikK5MNTVBdVBRwNyKmNQr2aAWoJsfM1Tm8jGKTmoDFgWVOlz3/BZn2eCpUIeYR3GLcICQKE+hOePMNgtLAYEDwlLUuVUbvco2qfmB1X+MGgWKB2U5fkcul3kBXSMuTqmAHhjzO0x98Y8RLo95nGYNqCDUljAmMeUh+aMuRoWOuZGWGjYuLBQlL5HKSwgLCYshsuFepKnlldjWDxpBLK+sCTSRZqG9YTNgl7tmKuBJvATAxMDlgfsDJsI7AhY/t92x/NZT7NrvFsY+LvEIjAZlArKUHOiuaAcNc9Xr1G5QpVssGdLYBzGsTEwJTAtMDPQiGQKLAjYGNBCCbyJcyNKpSDFBVoCS/gzEvIClKXrJZ6k1hrWWOOrj3Spmrx60gLjUDKOdAU0BGwJ2BJYHliFvCVgy5/5fPJneW4I1mYo9udQeGYoPDQUnhsKzw2F54bCc0PhuaGz1HJmEO4GQ60g3CWFYt8MrQbVqtccIHhtaJZK+JzSIvL8TobEBW8HJoakIWUipYVcDTH5naQUUhBi5DwzJC7EgjKWkJIQC3+mVBNSFVLF1y2epNYaqTENpVgf6WJNw3rS8MkEygRfrq/zO+x3LaQceNLv8P+459L/4x3wuQOg5x3d49r/vO5Nn3JihHv+My9mj/bgE4Np3j1Z06HbAv6Gjub2ht9GRivJ/XqFpG1RLmNnvqOjU2xAc15IymUdnpK1kST3T9LcFJLfRK0Zkmu69fCRUkVQ3UE64W4QogT2f8nEp8CNx7XEE2o6SKLp+M9LVIZQ20ISuZdLDhCiDaB2CcvvEPotf7wH8oZBnOaaBYRS4mA13SnobhH67WeczJJCxi2M1P/LOvru5V1dMaHfGS65jk4o3VV6GtfRk1yKn57ly7kM4W5GodDzqaCrKF/MEo4jKF0sobpCe435YJZf5vK7GFmD2tYFRrL2ANcaoBGJARoF+PN09XEm4yxGfvp9jHkbHEuaH/+S9ftrf8AtHoFlvu1nBH6TcZsOMy3/kPEO4yWSayYQr+ljyRnmf8aYwJJp2h8BjYzzPUhy6THzZwilW8z/kNHBmO4pw3oMrOdlkg9+IH8ASbSC0Wk3a3G/rCRqcapr/4N47Q9Y7iRUXtceAP+YeMlFqMnnq99gSZ7yb7htC+OSEuMK1nCMdVoZg1jiYj1/z2UCGMcS+plY2/uMHv17NHto7Ix/p4G3a95VDpNlSCIvUE6Cv66dAvxXkkiJWroPnUGoSWU+jsrrwlQN/wT8EcnlVu0k8F/SoD/SH7WzwX+fa/0NobKa+UrGnYz/TKgrZT2PCHVXucUakmt1LL/FJRcwH8FtRTPfwSXnaOO5h7RSPiDUnCXUskRexbxbc5H+CzqXLOUyJxkPEooJkoW8iNGfUS9hJQ7ekb/Lf5klmdasRM9BlzUTqOf0nCNdlckOjwk1E7AuJTmZeHkX8+s0OeQPzN9h/BVJ5G8yniGJNInlDwmxq9AvmAaI11QyJvDVM9pIGq9HD/HyfuaXMl7ikieZ/yajlXGahN1Szuf+TGNM595qmaf/KYYRaQ8RMv+eR0J9QOtU5mVGK8vvct37LPkV4eBdbQqsalZqgIdo7WuW8YzUc28rmf8b5vcQokwN+zxKak8Tyt/kWgksiaSrmptcxq5KutiTu8hKXNLAkrWEymrm07j8VkYLa+hjvpqu+o3nMlsZp7KGv2Ftj3mnGuS+GQjFe6zzR9xnl8ev2M5LtTPB+7GPjVUWocznudaLnjEy5hAOXqM7fHkX7/PjBj/g3Zv2/2jipUl89Zt0VbYy/y7zhxk3cvnlqpzK32dJMqORMexxiffpDlfpTDnL5eNYQxzXusXo5DKPGV9h9Dw7/oiR/lsD1hFFFDHTbwI3s547j4/Q2LnMZT5TaolXuBWUp5IdtD/jWRrzjpXApxuh9lnm6xldXLJK+w2UfJ1OAckiv0i8vABW+q7sZvwu43W2xnvA6+xXQTJ2IVni1bSA8W32ulzt7+i8174Pyd+SZk0067cyf5NQus+SXpZ0MC4g1EayPI4lRxh/xriMUInnMl9jPpz5Q8w3sM5jLDFz+bcZawnFgJaimicY/5JQimB+NyF6Rfx7jEdZMpG1beGe6FUNJGHNcjLziYynGLtZvo1xOaOb5aVcV6itE8/9FJcZDzDeVcsQbmfcxFhDOFjGfAVjBunRzGLNPF/SXm7rDI/0PNthnkfbIJ/g8HG6n/keWWPwEP+XacI7hJDTTtJFiPsQkhzhq72MRpZvYbxKqDVzmQWM0YwGxptc/ptc5hrrPMG17jNGMDZzmY1cvpbLPNJir5ZStO+A/4NSzfxjYLQSSp5P/iMpxEvhShQwUDEQr6X7yPd0FEu5qNA9yS2dga1nAk6nE0dM0M4A8nknXmben063wV9zmTCtm8vHMZL8T4TgzYzhjGl8n5PM+Dm+I1rMGMN4HLW6ybfB0//kGM9nqFXRkMXoHlK8x/dauxnf89yJUZ/lOIV3AOUEId3dyXF0vyqV6hIZ7xOy5BiVlI6x/BjL77PkPkvus+SYUkFI97rSfUL0wVNmC5c/wXKPthOsZwuXodatXCbRo5/LbGF+C2veQhIxwGM5wTjAd9oDnt6SfeSXeSwva/9ESLWApCGR29ri0c/92ctYqPJ0tZBK4jThPZb7803u2zdpROATec/nsVBbuGeoZX4n9Qd7GPxHvEazz29ebokWjtWkMlJv/cU/MdbTPjb4HdT9Fu+rY7GbQsNjPh0Yt7BkgFBK9PB0P4+72SN0lXgp0YOeO3aulcjPAlv47n0L3fcCaaeNI7n8f9o7/+goqiyPV3dVdXcgqKOoLALWOBwBgQgKSiJCHBAV+TUQFJXDsUl3SEOTDp1OCC5HcQTHE9FBZRmGg8gguojoOOig4yIizgL+WH8wgDuACoIcEQwojEdB0vvu51aY4Lj+sfPP/lHPw5dv7rvvvvvuu+9V1auKjEPnGDYnoDNBnllcTsjctmLH4GT20lulFZrH6GUDfBG4gR4XgcewOQEPj1A7XZFW06ndSV878X8PmnvUptyBhyaon8TnuEr8WrmH30yrzSI3tQPgAxhpoaz3kys4laR37PSQGbeO0MriDGwIaOXfkCe2/BaDnZC0RdIpf8Lc/68XiWkvuEYwzDlbOIZXnHqaMYqkF7yHXj2p5bwyPB98T6/U1M7UEem1Ff57QRNxs5bzgwRNX8LbCxpr0m8dOA2sEjT71RsyI+K5mZdWcK7+4nk4gc5L4Dyfq89tOXMV3A9uAZeCe+ixEr7L4ilDrpjWr0I8t0YnstsQQ3ZCS3cVvurpKZJ8o0jMziCrqV1UvlrZQuQtWTVmd2JHirQj8u2ZHbKanWGezF14oKxZszbnyV6tz8v+U62uFInVYqI32I/hArlfhbcBB4L7iPbn8Aa9AwHHib6535Dakf5sLmg+6w4tR8JXPKGxqm9smL4EQ8fAeYLWcfhT4AZ0LgZXIOkBbwMOBPch/xy+FmwAGwXt0dRuAmeCI+nlCDolSIaCy8HHwCZqt4FpJGV4XsaMl0mGhIbBR8JHSm6YUWvmy3WtJ1G9wM9Ai5NiydXvuO/6OdaeB5vfoixgvYtmCfK3wU3gY3qHiea5XNl/DrYGrwP7cZ9wDzwCcgdlXQie5d+9yFV4KJp/FDx5Y549M38fuBicDBaBfwTlrtX15TnwFzzRfwH/M3inWONe1zr5DbWGN33gmqv5yZ1ydW46HGlt8AtBk+ErwbfI205wPQ34GrwLD1VHvolI+Rx/7KPwl8n/Q/DXkR+AvwP+DryVZ8MNcPyXCOQPiX2rLb18Cbec20HG4pgxNn0SNTNycl+0RDyXa7eRcAYSKQUPg6+AWXA5JyQleMX9g3sc+VRwJjgIvJvr71LwNXMVuCnWx+AmQWevYKRYMAw6FliDfKVg9AHBEPphJDF0oh1jnLegf5DaseAqQRu5uweOBWcbkjewvAs+EO6CP0FSCr8D/RzYRF+FoEftV2jeDC8A1fJt6FNrt0ZygtoiJJ8iOQB/Gt4G/TPBejAMHmYUS8AqJI+AaayNAfHcqQB11G3Bt5DMBW8Hu4Jl4HiQMTpT8ER9u4rRvQhSG1P/n6c2A19Pvx3gQ0E8tz/BWj8kdwm2Yo4KmK9YAkRuL8b+g9jpjnwI8jtp+yR2toP3IiH+LnMRPkLbdtQ+gYUbqH0BC8jdPvCl8HHgfrAXcjIkf5vkocHX5PwHnElmxuWMKPTvkTMlPyXz3U2Czl7BSLFgGHQ4G3RqkK8UjD4gGEI/jMRk+EIyfCG5vVAyVi0Ij3ZUy8Kdg2pNeHgsOqsEbfRd7qJt7DvbkLxBv7vgA+Eu+BMkpfA70M+BTXhYCHrUfoXmzfACUC3fhj61dmskJ6gtQvIpkgPwp+Ft0D8TrAfDILtHeAlYheQRMI21MSCeOxWgjrot+BaSueDtYFewDBwPMkZnCp6ob1cxuhdBamPq//PUZuDr6bcDfCiI5za7nNMPyV06m8zaLnAbc2QJhnQ2Vwq2AguY8VgCpK29GAsP0ld35Jbqw4egcyd9PUm/28F7kTBfLnMX5hw72o7aJ7B2A7UvYAG52wfOWbc7DtwP9kJOXuVvk2fh/Ni8yfP8MK6qTzcNN7gXnCZodxAMgWELLEY+FtwoaKEfQuKgYz+IXPVrqb0EvAmchfwIHAvhyeA+2lbBH4OHwRiSpfCr4SXgXUjuBeeBM0AHVJvPgMhDc+AnqT0fyVdIjsG3wbEWjoL9wRA4HZ2R4JVIbgCvwFo38EIkl4M63lZgEskQsBfYFiwCPbAvmr8BH8XaTpBROy46f6X2Rfhuas+APwH+itov4Tpfrwq6Oi/MkXMZOBDNd7CwCTwX+c+Q0yr8F3AKOAh8GXwFnXpazUUyGt4ZvoNalS+Cvyd3PiavxpNXgqvAYpD7IkvlRwVNFo0n30SyEP43dLrmv5ZzV+4b15Cr33D3yNc4TgTkjt3mux93JZL7uEvcj4SnYHs8vIraJ8H2WNsIruVNVgWtnmiSLxO3IKnm2XY3FgaAfUQS5RktdBGozwXj0DyDXvQLky3if5RnOlfv/9vp8xrPxYMF3f6CTgR8Dvk3vCd6Qc9jm66XO3bB8Bzxyn5Xzy3pqxIs1X6x8N/UfqbPg8SwTNBexVi2ovmsPBPZ+szYhziwA5gVJ7V78fwFZqERD29FgjyC/yYmptbdLOgMAxfLU3C4gR6XY78P/S5Dv5DeC7FZpxbkFNdchNbzZL2eUa/nlHg9cyE4C6wDe/nyrcRZcD6SFfBZxC0NNnLywLtFmy++HP9ku2k2T/3L6HcZsyNtN/qeV/O0qBa28mZzK9HbSiS1F5G87etvZTfbik3N6mo0l8GXMSKRx4jJbtF0rtbnFywkwEfBzZqNfv4vIzfGM8s6g9WMnZiTSy8wL/XM+Fnw+7HwZ326RL9Ez2Sw0I5RZ8nASiKfpdUQzRbNCn+NFMg7JmkV4ZzBnSu1ke1Ynih2nEPY30GPD+DVXMECci/2lWCUc4nIS76FO5gRg1GemiMThLsW8hXE7U21SV9L9KmZc57PBZ3Zmj94uJ6xlMqX366egWRCu4y8IzoLGUs7+Hjm9Dgj3YVkGZIF9LUPyWhieCc4GWwPDqN2DZoreF+wHcsOFoiJ+19k/izdzfCNlW7/DK+m8Ra1AXyc96oefBtvWi+CnwDrqB0NRpGsAKdFOhr8Ke9nf4rkYvjZWJiHZLCgdRDcozrwXVir0He7YC/e/C4Hz8HCMeQfg/P9985yj7GNt8yeoNsWm/P9OzfRWevfjw2WUwjuby/ycTAnomnaqp00b5/l3X0lPTpY64Vvs+k3DcZE4gxDvgYPeyBfgeVjGg0sDwAvAblPC59P7SLwSlo1IC91D8sVB/k6OVkKcy9kcf8THoe8Lz12o5cskjTRy8NnobkDbCOjCOubcZuxvK/zyzcV3bHDXa59KfpridVG+Ahqr4d3gHO/amZKbB6F/6tGFctd8Kedcn0jj+db6HEfeDYjXY3OTHgjFhrpd4d+FYDkAPqr4R/ruPT9vpsXP/2su59zeOHFwu3ZWO6B5jfoPAIfR1+Pa5wj8iVRKbV3UDuCuXub2jZY2K0c+becThyET9CcF25PAaPINygyC0fgO+ELwP2a8+4vOcFrK9d68CHNZzn3sz9DpwOxXUvvS5C09b+FmMmqmSnvNInqfuX+VxblvOHSnBTNOuI2h9ox9PIskvdAnlbCg8Fp5P9B1g7PUPZ4nWtGcTdt74Yfhh9WTlubHg/gyTFwHs8FZHsU/yNDBaPkp7sZf54RjP2B2n9D3h/kicmu1phgB0+iRCNSSbR5RgjN1J2E3i/Gk4lqGQtz8X+u7g+ReuJTT57cz+4kfHSkn7HwW3SKXdmx58ibKbPnNMpznOhYe4WbeefrAnAIyGlVuIjaXeTGHmLyktgJP+bvb/Ke6Ghkutj3d8JO7GAiX+jG+EKjkW+WZA95DryTcU3H/zeJzxnI2W9dC+yJ5DfoLCMm7wo67QXd40g+QtIa7IfkArBWs9Q9avgXSD4Dv0RzmJyMmTwsxZ96+i1lLy2ld4NRrg5uPb1/hs4wQaMjvD2xbQDXir7ZK+ppK5gAewray1izn4HvulxrXF3d5DO4VtDpjM5H8NaCkeUu2SIYfZEMOZ+xj8WHd7Bf66qfeOXqKpPeh1C7Bpvfwr8lnuyKTpg4PIP8TUbRQfUZ73eurtl6vmrgKybsPAIfR1QvEHT64e1N1G6l1VK9run1wve2lNmvh4v8Ovr6TndLte9HUnq8B16Cze+YtS/Q6S49Rn+NnV30myNztmPzHvpaR+8fgaw7ZzHYjdm8Ev234V01i5Sj86HaAR9Gk4i5v4ST7SaqbZl9kVyBhDUYeRZeg80EvBX4OrW30OomYn45+AnjepT10gFJN/BD8Dr2gVJ4CH4GllmD4UngSSysVzu6suAerb6GL6TVEL0WCEbnYI19PppWf3SXRvMhJIfg7MYm2lLLFSHKVcldh+VlbhfyuQtXqzHMVxeytwvZ3oV197CcU9EjV8lIGfxaeDv6egfPXwUPYX8p3m5UrnbA9fQ1Cc1+rLgGMO3nfymzI+v6LrHQ6lbhBQ8Lj/UBw/TLXURBEauJb+pc7sSij2NhFLnaHr7S3x8EQ37mG2xVgz7f9TlJP7cFI67mWCmrQ/iNyK+jl8uER9i9IxOJcDnZvlneONgfuvIUkyUmNc4AOcdzVkiGOw1Gk7vN0CbhZkU0yDkbOF4wNIEZ6S+tnBqJksnYfnK+58izQFYkoW3Si8N+7uj1hd3+5Aj/fcrdBs+En+m/SeHddJ43Hfl7QN4p5EdxdnQQPlfeSoh+/us831LmH+YLpfvk6iNonwdvANciKYZvEwxdBL6NZBy1o0EPyXx4IbwRrANXIH8X/jj4W7AXeDE4GMsFKjn5V7m6Mbp6+B4sVFA7UCTmKeY+3noLNiH/GL5basPqwzbhzuXw96jtAbbD8nHkMd5Qd4F3pZfx8DSax7BWoh5ibRg6a5AwdmuXaiJpg34DNnfz7W5UfdaxiyQ8GlzLe+39WHid2tU6C/IePDQBnIdkkh+THbwlF8vX6lt12t6ItUZwIDZ/D98GttE4o38RklnYmU3bDzQCOpvUruaJ7Bz0ZyL/BvlrjLpao612qLXBEUhuUK6z4EdsB98M3CP39oJmxoV/i34Ham9BvwyvrqeX6+Eape7oDMXbgzoixrgAeW96OTvfWZDaEr9HkXfH8kuC7kOCzgmpNbyz7A9I2qsnmvPyNUL4YrCv5j+8F18pdMRaR75b2CNon0dtd7iXf4hTCHm2tZEvAVdoZBSRzAJLtBbsAM4HV6P5FhEYoHmr/oCN4ETwYzTP1sxBksa3D8CDenqDnZs1q9HZCL5H2x2Mayg4ATzMGD9F50Us/xr5brBSVzS8nDy5As06tQbaxP9bYvKu+glOolUTPAbP0td2Zna/tIr1ER5lnUbKwFLmbqzURtmjIl34Ev4Q89iJcd2BV2PIigSa7FoRte8gP6Ken6xjZQluUJ91pXNeZHMqNRebc1nFSyRPzH7YmbztzG7WWXYe3WHAYvaiOdgpYX9gj7L2Ihnirz7RKdB9TNCu0P0NeRO4E3wfm4ObLpE7eXgRmvV4+5iuKWJ4lNPLYpA37OGFjPdvOmq+Lbnd2Wf8qXNGCCfbX+N55HZOp1/j7V53/2smq80t1ldWf+tRKyr//qh1qfxeprOq9TrLld80s0rC6wzaaE8Gbdq14ieb/4fWGVbO57Y1gd8BFe600HGtdtZzPo8Y/d0+j1oTrUafx6xe8ttH8AKrITTK523CK0M7/K+vLKuvM/vUl1iu8yefh62os87ntnWp858+d1rouFahs8vnEaN/zOdRq7dzwucxq51zv88LrGvdHj5vExrrTpPfF3Hk9/gKIxvhEqGzIlvgEeSfwIlkpBEegzfBC/wYKtcYKtcYKtcYKnda6GgMlWsMlWsMlWsMlWsMlWsMhbdq4X9r8S2q+oUt5PJ7soXRTvCzxLfoJfBz5Pdno/3gbVvon4udofDzWsj/hba3wi9ApxLesYXOhS14Z/Tr4fyfjaL3wnvC5wuPtfA/1qKvwhbywuaxPGV51mUmIr3Nf55VZlVaSfP3cCtjVZk/OWuGVY1kkPkpa7hg3MhTaBSZmmustPnPs+SL50mmfc6q4aek+TtptOsMJozmNYanTNs0dZOsWsPiRvb9vkpaaHrf0y0xK09s1vj9e1ZfY7m38d+zuhpLKavc1GZMfcaqMBa7tbA13IyupeUUfsbNnxxjShjLU+llipFJ+/9LPP5Rs+wUG4zudP6d1Unm55Gmjwp8ltqejDZjMjXFyEZQU2kkMvYaq4eRjaKvLDUpfB9jsNboJ/y4eCYaxVY/M6e3mJa15mcZ0wzzdy3zIaOt9Mdega85ZBmDCeTV9DeD2Ihdz0iy+CSa5X6bpP9zHEvV9D7VaOWok1YTsZHzI5j2x1l1ygtt0exHtoVuNXOYMB6X04fGYzp+S0R+eAz6s+iWm95qiUiCDP1+JKRFGtbV6Hczf8vMT/T9/mHbVf/E2P9uPXFq7rOsj+a5bM6fHxpBc+//6NdVLeZIRqJjydFfc2aKfR1rwkimM/IM2f5jmRA/bdaTzE7GRx2V8lrzUzXo4W3dqWxWO6KZNho/lkNFT3mX9erd2yurTHrDM1WZ3IzqpDcok63OZOO5VKaqyLsmnfZGpyZV5mq80cmaZLYumSi6JpuKp0cnJ9Wm49nmViUIPV9aclMyW2Pae32Levfyug5PlWczNZmKXDe0hpepcqrGi3u5bDyRnBrPTvEyFf+7H6eEZQKDs/HpqapJ3siKilR50uvpjc5MTFV5I1LllZl0vKaHNyqey6bKU3FvTLy2KmF88XoX97vslkytNzU+w6utSXq5StN7RaYq5+UyXiJVU502FfGqhFedTRlhualJmr/jNV51Mjs1lcslE97EGaZZ0kubPqvEhKkQG1mk1dlMorY85xk/plcaR1r0YP5OVZWnaxMmdl6zE5mq9Ayva6qbl5w60dhuoV31o72jnpDRZ5M1MkqJz987kOanbF3FiLqmTC+55FQJZjZlek1kplelM/HE6UGI69CTWc+MKGO6Mlibq67NeYlknYTZ6FQm09WnR6jI7JUZ1mCc7DarL9TGZNdkk18H2I2b68aYfNMVIysjYS+y/2C/Yr9q/vzJftle1cJOnB2r+ec95qeWfSRPs4St0+qrrBlOJ6e3c6NznXO1weLTLFWZ9iOMXh3rUK8WlaHnQr8zt3KyO8hVKsuubvqInLqt++eLU2ONNX8+Nn/6f0823PyJmz9j5GcrKEEJSlCCEpSgBCUoQQlKUIISlKAEJShBCUpQghKUoAQlKEEJSlCCEpSgBCUoQQlKUIISlKAEJShBCUpQghKUoAQlKEEJSlD+HxSnxhpl2fZ9oXmWa8XcRe7llhW6QP+237cqwmfH3HDriBOW4uy2Lsmvt+oHWRb/coNVNnyQZ5VaXv479y9NvwhdHh0QWl1qhfL5vPwbN+5/GBXPcv4HT7+/DwplbmRzdHJlYW0KZW5kb2JqCjIwIDAgb2JqCjYzNTE2CmVuZG9iagoyMSAwIG9iagoxNTM4MzIKZW5kb2JqCjEwIDAgb2JqCjw8L1R5cGUvRm9udAovU3VidHlwZS9UeXBlMAovRW5jb2RpbmcvSWRlbnRpdHktSAovRGVzY2VuZGFudEZvbnRzIFsyMiAwIFJdCi9Ub1VuaWNvZGUgMjMgMCBSCi9CYXNlRm9udC9HRkVEQ0IrVGltZXNOZXdSb21hblBTTVQKPj4KZW5kb2JqCjIzIDAgb2JqCjw8L0xlbmd0aCAyNCAwIFIKL0ZpbHRlciAvRmxhdGVEZWNvZGUKPj4Kc3RyZWFtCnjaXZHdaoQwEIXv8xTTi8L2wvrvdkGExVLqRdtlbR9Ak9EKNQlRL3z7xoxsoYEEPmbOyeTk/u5Se2ehWvTixwCuOKnFcPTKt0Yzv6yeKznM4F+M4jXO0A1SmL0HWuwHycIIxMDnndzJx11cr9OMYyU7xfIc/KstTrNZ4eBufGD+hxFoBtnD4ausLdeL1j84opwhYEUBAjtrZGd5b0YE/yxeFfds61/hc9UIkeOQZuBK4KQbjqaRPbI8sKuA/MWugqEU/+phTLK249+N2drD2LYHQRwUjhKikCgliohORBkRJzoRCaLGUUQuCblE5JKQi5VvlMaOkidHWUpEnhl5pqQ7ki4l3TF2z9rn3x64xX8LjS/G2DzdH7nEtqwGibdv1EpvKrd/Ad5FlVoKZW5kc3RyZWFtCmVuZG9iagoyNCAwIG9iagoyOTgKZW5kb2JqCjIyIDAgb2JqCjw8L1R5cGUvRm9udAovU3VidHlwZS9DSURGb250VHlwZTIKL0NJRFN5c3RlbUluZm8gPDwKL1JlZ2lzdHJ5IChBZG9iZSkKL09yZGVyaW5nICgpCi9TdXBwbGVtZW50IDAgPj4KL0ZvbnREZXNjcmlwdG9yIDI1IDAgUgovVyBbCjBbNzc3LjgzMjAzMTI1XTE5WzUwMC4wIDUwMCA1MDBdMjVbNTAwLjBdMjhbNTAwLjAgMjc3LjgzMl0zNls3MjIuMTY3OTY4NzUgNjY2Ljk5Ml01NFs1NTYuMTUyMzQzNzVdNzJbNDQzLjg0NzY1NjI1XTc2WzI3Ny44MzIwMzEyNV04NVszMzMuMDA3ODEyNSAzODkuMTZdCl0KL0Jhc2VGb250L0dGRURDQitUaW1lc05ld1JvbWFuUFNNVAo+PgplbmRvYmoKMjUgMCBvYmoKPDwvVHlwZS9Gb250RGVzY3JpcHRvcgovRm9udE5hbWUgL0dGRURDQitUaW1lc05ld1JvbWFuUFNNVAovQXNjZW50IDY5My4zNTkKL0Rlc2NlbnQgLTIxNS44MgovQ2FwSGVpZ2h0IDY2Mi4xMDkKL0ZsYWdzIDQKL0ZvbnRCQm94IFstNTY4LjM1OSAtMzA2LjY0MSAyMDAwIDEwMDYuODM2XQovSXRhbGljQW5nbGUgMAovU3RlbVYgMTAwCi9TdGVtSCA1MAovWEhlaWdodCA0NDcuMjY2Ci9Gb250RmlsZTIgMjYgMCBSCj4+CmVuZG9iagoyNiAwIG9iago8PC9MZW5ndGggMjcgMCBSCi9MZW5ndGgxIDI4IDAgUgovRmlsdGVyIC9GbGF0ZURlY29kZQo+PgpzdHJlYW0KeNrsvQl4U0X3Pz73TuYmaW7WbkmXLE3SLWmbrjSl0HRlpywFWqR2o+zQUsoqSEGg7CAgslMXFAUklK2ASEVElFVFBJVFREWhsooiAr9zJ6Hi+77f7fn//t/3+T/PPzjnnFnuLGfO+cyZ27QiBiEUgETASjvk5OYNVA3ujhAzAiF2XefeBXkjo4dyCIl4aKXvkd21oOjzad9B3g75lA69+2Tt43sEQH4gQsE1g8vGVCMtkiJkOAv1qsEjJg5a8/m23pC/Co+HDKoePPKDN0JhqPYihLj4nN6dOiyL/vAeQjmpCAVOrq6prHb+cESO0DM7EFLmjqiqKGPmmWCsYX8ilFw6pLJs4IVOWy4g1DBAGL9iXK3xkePCTcgvQ0j8VXXVmNp9fW5dRmhjNULzHnQt6N3RFkXCEZME65E/MwQ60NwImIyYzCPwvKViZFn12kF51yB/HaGw7sMra0a9MX7zp4gZmI6Q38AOPfJ7Fz9qehkxExoQeuv2yLIJ1X42bgtiw2A8ZBxVNrJydp8O5ZCH+frsHTKydkJqDbsfsTEwfvKA/N5xCb59CisRW34M2pciQdegSeYYcxqxqDPoeD5i2AXsSoTZVewqkFezq0Few64BeS27DuT17E2Qb7G/g3wfqxGDNViDMPbFeSB3wF1A7oqfB3kqnopYXIfvgvwr/hPkh6IxiBHVimoRFo0VTQR5kmgSyM+JXgR5iWgpyMtEy0B+SfQSyMuJHTEkhiQgTBJJIshJpC3I6VwOYrhcDsbiunLdQO7O9QO5kCsEuYh7BuQBXC3IY7mxII/jxoM8gZuJWG4WVw/ybG4OyHPFryNGvEG8AWHxG+KdIO+SZCJWkiVZg7BkreQXxEhuSO6C/KsUepYWSccjLJ0gkyJG5iOTIyxTyCJBjpIlgpwkexPkjTI3yNtk74N8UHYI5A9lR0E+JjuOWNkJ2VWQf5Jdh/IW2W2Q78h+Bfme7B7Iv8l+A/l32X2Q/5A9RphH/EHE8B/wh0H+iL8F8m3+DmL5u3IlYuQquRZhuU7eF3YSLJjuJ4tMVMMe3Xq06tUnrKsXrKhAArqSFEpgRZL+kmdBLpNUAB0kqQY6TjIR6CQJWKVkqmQa0OmS6VDyguQFkGdIZoFcL5kD8lzJPJAXg64ELd326oQFbdhAtsviYC0OmYOu92eQr8mu0bUcAvoh/yGs6DCsS1iFP9AAeQCsJVAeCLJWWJd3PUxZTVk5WCl4PXwIexMHiwaLhoiGeuq7sT8ksAiD/WcR0hXyxoKhIyvHGJ98HsMHZTx+VNCtey+HA6FZyNuvD1rHvI0I7d1YMbFmBCoYXFM5HD07pLK8Bg0bUVY7Ck2AVkyfXjlGpEcI+hHDc1IkQ2rki+RCDsok0JsPzE+JNMgPKSAv7IRQg1olBnbliczCSrDQb9eCjkZ4xlMv8tYRpEL+FRUjq1EdpbMonU/pckrXUbpx4Iihg1HjoKGjylATpe8NHTW0Fh2i9JOhY6pGoFOUnoGGZegbSi8Dgo1AVyn9ZWTlwKHoLqV/1EA1gyjlqH7+op59YKlliWB+T5f8JTGwcoFKn6I+T1HJU1T+FBVT6ulH9hTlvVSNLMiOklA6ykFdUQEagAaiEagWTUYz0Hy0DK1BryOOEdrO9ngAo/Fw7nmP9Uj0kGeAW2A1wKWfePI+DoECb6DzZXz2evkRD1fxHu7bAO2BB4Z4uDbL87wW0FEYV/u2N/+edxUaSGF0bCVohoVZd4OzIE2cRnMa6pvoKd9kqVeKqD/6U78LoH6nox4XQn0tlHqZkXpZDPWveOpZSdSnkqlPpVBvSqXe5KR+lAF4OUywKCaMTcJ5okIUgtJQFuB8L9QflaNhqAZNQtNBc4vRCtSANiI32oXeQ4fRCXQGXUBX0HV0F/3JiBhevAsQcrN4i3g35e+ImyjfKt5DuVu8F/gWkPZRvkX8LuXviPdTvlX8HuVu8QHEAm+G3DvQ+n3Kt4gPUv6O+APKt4oPUe4Wfwit3xED9kHZZvFHlG8RH6H8HfHHlG8Vf0K5W3wUWm8VH4OcG1ofp3yL+ATl74hPUr5VfIpyt/hTaO3+B40MQdXg83X/LY18Rle+Wfy5VzOnvZr5wquZM17NfAnjbBaf9ernnFcvX3n18rVXL994NXLeq5ELXo1c9Grkklcj31KNXPZq5DuvRq54NfK9VyM/eDXyI9XIVa9GfvJq5GevRq55NXLdq5GW/0Ijy9E69AZ65z/UyC9ejdzwauSmVyO3vBq57dXIHaqRu16N/Oq1mHtezfzm1czvXs3cpxbzh1c/D7z6+dOrl4devTzyauSxRyMANFQjEsajEQnr0YgECxqRiDwakRCPRiScRyMSsUcjEolHIxLp/0Ajh9AxdBp9Axr5Gd1GfzAs4yPx8WhEIvNoRMJ7NCKRezQiUXg0IlEKGpGoPBqRqD0akWg8GpH4ejQi8fNoROIvaEQS4NGIJNCjEYnWYzESnUczkiCPZiTBgsVIQjz6kYR69aP36sfg1YtVWKnE6NWLyauXMK9ezF69WDx6+R9r5HqrRsK9GonwaiTSq5Eor0aivRqxUY3YvRqJ8Wok1quROK9GHF6NxFONJHg1kujVSJJXI8lejaR4NdKGaiTVqxGnVyNpXo209VpMulcz7ajFtPdqJsOrGZdXM5kezQCyM8K86Qm0BE4CHo2CI0ACp0EICkcO0FcO6o4K+c8A6bMlPUVL+M+90lL+NJV6QdkXXmkpfwakXNruS6+0lD9LJaHdOa+0FMYJghMyFqXCfnRFfSGmHwan4/NoNv9V60hft470TetI51tHutA60sXWkS61jvTtk5H4n0HqIMmGsmteaSl/nUq5UNbilf6zGV1undF3rTO60jqj71tn9EPrjH5sndHV1hn91DqjX1pndKN1RjdbZ3SrdUbg+0wsEwsBTBAbBHcXM2umZzFEbvJEGgVAtMzUId0/zxmtgvjiHdSEPgM7/h0smGcCGCMTzSQx7ZmOzDghcpMdRCzcmATpg1bp0BOJhaifXUGlE63SyVbpVKv0KZWE6JBnPxNk9jugy2nd562tTrdKX1AJwyoUyI89Q58QZrKAFWbxEm3z5VNtAlhhTstZiLuh5XL2bGtP51qlr1qlr1ulb1ql863ShVbpYqt0iUoE9t8PbD4MRbJwPsOdcQUL5zO7DvhH0GItewToOvbb1ucue9ctZheyi2GPGtg3oP1GdjPyYd9h30FK1s1uQyp2O7sDadhd7F7oH9No1A8JMZyLxloqITqFZ1+Bik3sJuhzB7TH7H64/YqE3WaXgU4Qvc8Kew9IT2NZH2T23nVD6S1XD30cQAaZFO54GbI9smba/yjYlac9GeaNO0Cfv1GpY6vUqVXq3Cp1oZKgFw3Swj3CQp+8TZ+6Q5+4S1v/SlveE5CEvQ1PCCuE84Kr52axws0AY7ps7IPh7oB5uBqynhb4Jy4UC1bOcAbOJDzHFKK38M/YiCOxHcfiBJyCp+MZeBaejefihXgxXoaX41V4HX4Vv4HfxpvxO9iNG/EuvBe/hw/iw/gTfAJ/hs/gr/AFfBn/AH1dx7/gm/g2iSR20o5kkEySTXJJB9KJdCH5pDfpR54hJaSCDCbDSRUZQ8aT58hUMo28QGaSejKHzCMLyCLyIllKXiIvk5VkNVlL1pNXyAbyFtlCtpGdZDfZS94lzeQQOUKOkVPkM3KafEm+IZfIFXKVXCc3yV3yO/mTQ5yIk3A8p+I0nB+n5YI4PWfmrFwEF8XZuBgujovnErlkzsm15TK4TC6bK+bKuEpujKxRtkO2i2d5jvfhFbyGD+CDeD0fxofzkbydd/BJfCqfzrv4HL4j35XvwRfwhfwAvpQfyA/hh/EjQMMbsQQLoYUBG2APInAEYrEN22APYnAM7HU8jkcEJ+NkxOFpeBoS4xfwC0iCZ+KZSIrrcT3ywXPwHCTDC/ACxONFeBGS46Wwewr8En4JKfFKvBKp8Fq8FqnxK/gVpMEb8Abki9/CbyE/vAlvQv54C96CAvBWvBUF4m14G9LinXgn0uE9eA8KwvvxfhSM38fvoxD8If4QheKP8cdIj4/j48iAP8WfIiP+An+BTPgcPofC8Hl8Hpnxt/hbsMzv8ffIin/CP6FwfA1fQxG4BbegSHwD30BR+Ba+haLBAiKRDazAjuwknaSjGNKetEexxEVcKI5kkSzkIDkkB8WTPJKHEkhH0hElks6kM0oi3Ul3lEx6kV4ohfQlfVEb0p/0R6nkWfIscpJyUo7SyCAyCLUlw+Dmkk5GkVGoHakhNag9GUfGoQwyiUxCLvI8eR5lkjpSB5f+6WQ6yiYzyAyUQ2aRWSiXzCazUR6ZS+aiDmQ+mY86koVkIepEFpPFqDNZQpagLmQZWYa6kuVkOepGVpAVqDtZRVahfLKGrEE9yDqyDvUkDaQB9SKvk9dRb7KRbEQFZDPZjPoQN3GjvmQH2YH6kV1kFyoEy92HisgBcgA9Qz4gH6AB5CPyESomR8lR9Cw5SU6iEvIp+RSVks/J56gM7PpLVE6+Jl+jCnKRXEQDyXfkO1RJfiQ/okHkGrmGBpMb5AYaQu6QO2go+Y38hoaRB+QBGk4ek8doBIc5jEZyYk6MRnEyToaqOCWnRNWcmlOj0Zwv54tquEAuEI3hdJwO1XKhXCgay4VxYWgcZ+EsaDwXzoWjCVwkF4kmctFcNJrE2Tk7eo6L5WLRZM7BOdAULoFLQM9zSVwSmsqlcqmojkvj0tA0rj3XHk3nXJwLvcBlcVloBjeAG4BmcqVcKZrFDeQGonquhqtBs2XbZNvQHNl22XY0V7ZbthvN4+EIRfN5whO0gJfyUrSQl/NytIhX82q0mPfn/dGLvI7XoSV8KB+KlvIm3oSW8Vbeil7iI/gItJy38Tb0Mh/Hx6EVfCKfiFbybfg2aBXflm+LVvMZfAZaw2fz2Wgt34HvgNbxXfguaD2fz+ejBr433xu9wvfj+6FX+Wf4Z9BrfAlfgl7nK/gKtIEfzA9Gb/BD+aHoTX44PxzufyzErmOwCUfhOJyI7+B5+EX8Ml6N1+PX8Jt4O96N9+ED4G0f4qP4JP4cf4m/xhfxd/hHwX9IFL5Dokg0nke6kh6kgBSSAaSUDCRDyAhSTWrJBDKZvEreIG+Td0gjWFQTiSb7yfvkQ/IxOY4/B/4FOUfOk2/J9+Qn0kJukV/JffKQYzjCSTk5/pF05fyxiQvmhnMppACkZ7lybhD5VrYTDggxL+OVvC8fyAfzBt7Mx/DxfDLv5NvxmXwu34nvxvfk+/BFfDFfxlfyI2GtNRTZEEU2hmIaSzENU0wTUewiFLU4ildiilcSildSilc+FK9kFJd4iktyiksKiktKiksqiktqiksaiku+FJf8KC75U1wKoLgUSHFJS3FJR3EpiOJSMEWkEIpIoRSR9BSRDBRtjBRtTBRtwijamCnaWCjaWCnahFO0iaBoE0nRJoqiTTRFGxtFGztFmxiKA7EUB+IoDjgoDsRTHEigOJBIcSCJ4kAyxYE2FAdSKQ44KQ6kURxoS3EgneJAO4oD7SkOZFAccFEcyKQ4kEVxIJviQA7FgVyKA3kUBzpQHOhIcaATxYHOFAe6UBzoSnGgG8WB7hQH8ikO9IAIwYB6Uo/uRX25N/XlAuq/faj/9qX+24/6byH12SLqs/2pzz5DfXYA9dli6rPPUp8toT5bSn22jPpsOfXTCuqnA6mfVlI/HUT9dDD10yHUT4dSPx1G/XQ49dMR1E9HUj8dRf20ivppNfXT0dQ3a8Bef0DVOAxHYwdOwnfxfLwEr8BrcAN+HW/EO3ATfhc340P4CD6GT+HT+Cz+Bl/CV/BViGaug2/eBd+0gW92Iz1JH1JEikkZqSRDyUgymowlE8kU8hp5k2wiW8l2sofYyHvkIDlMPiEn8GngZ8hX5AK5TH4gP5NfyG1yj/xBHnEsx3E+nAJfJd24ABzGhXAjuBTwyxKughssa+JFvITneRXvx2v5EN7IW/hYPoFP4dP49nwWn8d35rvzvfi+fH/+Wb6cH8SPglVW/f9e+T/2SsEfE6k/JlF/TKH+2Ib6Yyr1Ryf1xzTqj22pP6ZTf2xH/bE99ccM6o8u6o+Z1B+zqD9mU3/Mof6YS/0xj/pjB+qPHak/dqL+2Jn6Yxfqj12pP3aj/tid+mM+9cce1B97Uk/sRT2xN/XEAuqJfagP9qU+2I/6YCH1wSLqg/2pDz5DfXAA9cFi6oPPUh8soT5YSn2wjPpgOfXBCuqDA6kPVlIfHER9cDD1wSHUB4dSHxxGfXA49cER1AdHUh8cRX2wCu7NcF+FW00pehVtRrtQM/oEnUYX0FV0G/1J33/QOw+KhptTCkrHv4LtTse/AZ2B7wOdjR8AXcjNRixpx00AmsFNAprJTQaa/S96uEd7+J328Aft4U/awxzaw0Taw3O0hym0B7iDcc8LLag0tVWqa5WmtUrTW6UXWqUZrdLMJxJ/u1W6QyW4tcOpfwkh8pA8Qiycz3AbhTMaLitwTvsgCZyvg4Sf+aDO9N1QOEqiN32V7Bj4LzyJf34igT0I7w+OQ+4O3NXO03YKPBW8Heo8HP9M74PCHQLR2wADT14UboD0pw8Seq/+EW6Tm4W3G2yD556IvpApZYp/+pmEMCfhp05hyA76dXnfQBylN+ZjrW8SroC0mkrft0o/PJG48ULr//QGjuhPiyTQRo2Yx49BZpkQ0FcIEcrFqNs2ltnHvgdji9kDjYiImtj3dmDkIxaEnQzSSThyAOqFdzlRSMoMZ55FWpvqXvrD9O6qu+ndHqajDJBVfwKJd5jUJrUVCBMiQn8acfOfLoIeIKOoWfgp9+OreDcZAiu2oL2NZRJjE8M1EuIvMLk8qIlRujTSIBTuCmdd4aXhDeGXwkXhaqFYUQIGPxUtQg2gMJ11L6NnGJgEjF/craW7qnj0vW4tKKMloyXekT3R1ZWxmC1hFpZjGcywnNgaEhwarA/GnG+40ioL1+oCdSxnEqnLkYELKmf8FCDBjbScsTDGciZYAkSj8i9HOh8gNvgwAommKTp6mm+Spk1KYkJggNqP5cxhEeFtVIEBiQkpbVLUSRHhEeHmMDHHdp5f2790zeTVsz8vPzht5KFc5+iUWn2sw+KMSstJ7pjErrvK5PfKXP/ho63XH+166fv3f3t0ddtLZTWbGefV1WMcpna9H62B/b0JW8SBxgLQyy4/l7ZU26C9pBUhrUvLjkOzEKvI9GWGMpmwKw1gRZjKEpDNCDG/IyUzFAVACWJuuxSMUslKWYZIJTyL0V7mN2jeyaVRKJQudbJDOVW5WNmgFCl1gXtZC3PFq1xbejdVyxWVsMMZ6WqNk1E70a8tfzK/2mzxDlTMjC72tSaq/QICAv1Nye3ZZEEBwvpvMp1NvukDHrGlqQE+YmuQNUv00SsP6mtS9azVyobGT2K/WRZt1BuEn9rZYY2bYI16ZohrulgrcwZqQ9olaV1AdAJR6gMCosTp4k7it8Scy/iMqL/kmcD+2uGSWnWtZo1srWKlerNss+Jj8nHgEe25wHPaS8b7ovuB/v5MqEhHgv11AbrAUK1YGijTykKTdB10cwIXGcVaHcsGBgFqQyyvYwmnDQzw9xP7iuRNMA2p1OXHZ9RJGWkTTnTxKhK0SMes123Vsbq9OBEUt2A7w/L6JmaBS464y/m+Jb5VvlN9Rb5NjNjlK7y2CkJGl7HOiEuNDUbWqNvH3AdfkzMul18JW8VOZRexB9iT7EX2BithdYa9zMK/7PlKuseii7vdLW5RgVmntzwsHp2e8XD0No7NLijcvUjKHJCelLKoeHSR7YpaE+ikO6NxOlmVp8mOKboFOqgvUqTXq8iUQ4pD8Q5mdE0x7BgYMbIx2JSMUHISbBUnNqeAMQuL58Ss2JSQktIGbyr58xJTxhjXjRq4PtyqO7l6w3lH5zfut2fKR/TLC2LIowdWJotZ8da0N8aO3nP49OLBg1/d+ehmqioe4iNUCF6+DfZTiyLRn67osdJxPuMV06XnrD9ZOQ4zU/Ak0aSAmYGidEkkR7BZF6njsLFEwkiamOxdxnAmPFzJgGa3axERAGK7Us6AubqQWYAHWRCKdkWzrujS6IboS9GiaN1epj0KFqqQr8rX6Ovwdfku9m3wFfvqov6CiT+Luz284sWJu+kCUqS3aJxxxS01oD1GUKFXcTK40AmKozhiD7FKNaEh+hCWU1vl4VapuZwxqILLkUkBksUnvJwJ0RjLURgPBD3BCVv0tGnUNRh/BRY/0a2AE+okjSUlkeH8/QIoYHg2AC+f8eZrwy2LX5x3bPDkY/PK3lvCKH8f/vCYpkNeYqd+c2ZPCe9Hhljl+a9+NKfikvvt+W8P2M6E7mI6Pip8mFPfu/TbrLjXV2z6wwia7/n4Ct4Img9EEQzvSnwu4hz5MuxchGiICCJqySTpeH6CfKLveOM8yQu+PlLJoii2rYREaE0RWoL1VhESk71MBdIyrh0RPcSMGPbDJY2zVlnBZ5FeAGkFgZ2ZvyMwEMm1gt6DGOVupFFpjBqsaWIqYQ+iXFF1UdgVVRrVEHUpShTFCDtngmYunwM+rI8uUtiTq63QfYUa+sMrYOQqQG/PlqjutoAxqz0743TSrYgOtkjUfLjKGhJuDjfITeUoVCkAtgQko0wPqK0GEia1Pr0RNtu0abAPqDgwOSVF0wb2IDw5yQPd/n4s7AkjbIGwB/5+dENGTL/0adTaqYuODXru8Jvjl1w4/Mp7bKIma2K3ollFmSWxz4dY2bGMZWvl+d2N896au+nB5UcTpw1j90zvXvbthIZ1n4/va4ddcD++wizGbiSDfcjahnVNjNUVKh+csljXAMeOC4l5MGOlyx+7pEmL/Rv8Wf93GSt4y2cMoudq8V3q9fQwY4ptjGA/nqmn+D4lM6bYzMxYSPa4zCyBYzfNQnrom+WRsoQ32So4691kOApBBla7jRXM3KVhDHpWH4rAtlGogQEL93sPX4brxWW4wlyGS8tlV6CEDdFjpSQkIBQZqpk6hmUYiZKVoLgMYZuOnzoeFyfskaql5ZfrTJzno5pSf+iQClK8I9gVLFEolXKVj15q6GHi/JW+qiB1UHBwiDaUMzU9bm60Jgtsu6MwiXJbLOWNUZ5iY7inOEjvKQ6kxY3+lLleVvkmyZUy6Nyp7KzMU3XS55uKlP1UffwK9cOUg1VD9ONUdaJ6xVxlvapeM0c/27BauVq1Ur1av0e5R7U/aI/+qPIT1ZHQT/RfK8+qrimvqq7q7yt/V90Pva+3S5VdglkDYAcoCYXq9SFShU+wNCAkMDhAwoqDJf5qv2D/CXqlyqjSh4SEqVV+6mo1o1YpFYom9mOXmtX7sazeELoBIY/impidLl6iUmL/gACJRCoJaWL+cEmV8Ay7QeFSN7GO7fl6Rt/EXncpjC5FD8VNBVa8aRw+l9qDLuhhcYs2SNWiKhZOAxX8A3q3OF31ML1eEWsjU1SH6osVsVpbPWC9TYtULYyq+Z9pvWrKoXRxOvwnnAbFticfpqa4iDGJKSzBMQ5xTBsmkfGc6SngIREyFr/18M6AsLblj/r00SW2Z86bmbPO4t4Pf+rpjBz1w3Xm8Jn8CEOc2GpVah1LRQMerJjdk1itoliTvYSRs5aH3wiRZhhCoh9IV7hR2FAqO8Xl6I/66+eg2fo5iSuD1kZsDtoc8VPQzxE/xvGpaFLExMRVCSsTN1jeTjwbdDbibKSPKK2J/XG7cnBKmmAVIWFJAnd95x+YlOgy2YHo9EkJLnMkkODQpBxLjnVO0DnmjOWrxO+tYpGFscoTVNifCw7y0wdYAiL9HbEJuZbOSf2YQl3/iOWsWoVUaX2Y/pbStOq0urSGNEmQIyihB8IqcZBFH6mLE3Es1gfq8xNnW1ZZziWKjWmutB5pFWwFLiVwZRSXOsZxY4LGBFfray1jIiZFzuBmBc/SL0qsS/sk7qu4a5Y/LLoiidIQLDWFqQzBASZzogVhkR0l2wwWHBaVak/EsWGRycnSgKjIwMAANjZSsJTFcB4KZp+WTFmWwOq2Z2QmCdnt2XmUu/ygvGtJCOOjd4SwIX1ENkOqPV6oUOUma1yiBhHcDxpEl0RYJBT6yNVJSMQYRYyoifnUZbVzvr5sHzsPASJQuRxoGNiyUsX2URqFrHKdM+1d5lNkQmWMFjDK1v2uDSLDFrAdiExsxaOzC/egeBzzUzBlLUU2VXq6YKE1LdTAajzwDgnwPK6FBiyQPAevEEkCwGfGJZkjtXpGHBSsC2Y5LtwCx05ieKQ2PJGJE8cnMmZ9eCJOYuITcURwVCLjILGJyBoaloj0CTg5Ec55Vbot/SnoF45hgP/i0UxNTQ2qGd0ayCMhDAoQjgCOM5uSExPapNC41WxONsHJIJRbA4TTwHM+i9Xeo5oGS7hxQV5Z3cXvH9Yl9rEGhkZ0S2Q7v16xfN3kh89ZS5xLlnY/uHdgj9rRO9/re3BR+8Jgdoc+a8DMyj19rCnmGjzieZPdqrXsHj/oFaVYnDG92/iNAQ+qgl+bkL+kQESEWLju8bciAlidyvZz6TQv2Rklo2RlGClFkSiK2PKZfFaqTmti8lynUlJTgnCwqERboisJKgnmiJwoUHRzmqhWViuvVYxTVuurDdVx1Y45klmyenm9Yoay3rZRtDFRpZEnypPkyaGJoUmhyXFMHBsjMuqNhqioGHDt9myGyKFz6B0GuIQktUvuKO8YXSDrK++n6hvV1wZnhYENTjQkB6cUaAt0BUFFCQMSByQNSB6Q0r+NAstkUb6y4CizzJjWNsqRVqOp8Z1jWSFeEbfSsTGuOfL96MO25rSbaX7dJanBqIoN3sqcBHScyjDMXtSEu7jkyavi4a5WZQjW6/eGCiVJulV+cPFK5xV+PK+w8dEKUbiUMji9HyLERcZjc6SflN3MuPRhSQDZgsMwZpcqTn1AzV5UM0b1VvVFNQaQrd9t2Ky3qYSoHhoY1scyB2JvxD6OxbGuDsmu2JOQwSjWGOuIbY4Vxb7L5CEnk0cNXghWim2ja7q11NwVgvGahzXOOJvnkKZW7Q0iBTRWABoDBF+/C5DbcreFSsWMajTI1NBTLA6xb2S4zC5NRFFKsG6LLxCxA7I+MXwikvF2W4QqOpFRKqKirRpzIpLEcYkMmK8A/B7CPAluilFNcXahS1ohGyQfrKqwiYqLIPKssaHRqDh7QKGLl2mVTpFD6UyEJHhAEaM2x7LeiCdQz9JwIsJj22Z1op712HpEuCVcCDKEUEm42eJNVk3x5gFDZtva//TevC433m2bZPggSBcKkB9UuHPElBfbpEU8en1p10tbRkxMDQwy+ZDhj2z1Dc9O7dk+scuUQSOX9Vx1UUoy9HHMp0teLJ3RP2GQXf9B7fyCJZ8n6wxxQpTSFWLX3hA1+aFQPMUbpURKAvz8ES8AEVJQpqDwpPB3wB3LiBzC91+Frx8Aqu3w9YNWAryp1WqQkCzYqhYjsQouNUK18LQg7BTaiQEHz9AnQPhkt0YDQrxMBvtpsx2y2YppJAq8uLiFAX7e1hx3vBlCGs8lwRXqX4cakBthYQou4bsBwiQ8I0qEQVwWlYrroxIbxW4xRuJScZ24QSwSLxG9KmoEEIahxLC0psd3XeFyOdfHz8+gh3UKIqxWydHVAlMECEUKhUGvpvM5b7M1UwmCL5hr8SEwygRP1FxcfFwIuXSaEm2xrhSV+p3BRGcMcQZCCnCFOA0U+LM7J0kM2fLiFCG7PTIyiRb3jo5NCuZ00kLfZwNK4Gb9TJCYwVJOLJXwxL8TN4edz9Xzc1UzQ19jN2l3+p5mzym/Ut1l72BfDRx7kmpY3Rzp++IjyptiiYgRy2ewWLr38SXEPb7k6pwizWM7SPMNBWyBtJytYef4ztGt9H1d+rpPk2Sn1O3zEfsje4m/6+MnOSVmkPiUmB0tcEF3i0FpbriVThH5IUeAvzBVX41TU+I/1X+9/0V/kb9/8OfCGfb4VKOfE9jVRl+BnXV11DgFHQ8IZoQdER+TBEQGO5UBTFXA1IBFATjgrp9fnYRxSBZLWIdkkeSiBKskLgmsROKWXJJwkrcV/iI0R7ArbHdpHAohIsNIoVIYFfimglEIM5GCLhXZ+uwuFB0AG2q6PRwNEVnxaLirq1rgWKRBfI1gUrYaNWxRdmFjlT9TXGQTXpYBnoyucQoBPkpNRXBXzC7cwSGGZUcXgft6PqgGXHgPEsNoMrOTd8U45ZAkQhwQ6RR7GCewYE8u2FPnzfl4cj6enJTmXAqp01+lc+qMaqccEhJORGR76lNUVOTLeXw+EI7HMDY5SSPcYK2mcA9KfMUMHFjff2aMwf+TFRuu3dq16vDDemYjUekqUnq/wLY9VltbMcFvzrcMc+4aIz76dlqhJdU1DVSZDk4uJgvhVhTGdvL49x5kgSmFCh6tkUsEJjdpVeCnJq0Qiph8tVja9PiXHUJ0AsKlHUITqeC5QjUIJ3YJraVyLXgSbQXCZdpKKzQXWoFwZqfQSmtsEi41+aYq01QTNoVVwWlbyjGcS2glaHG30AEXxvnCBecM+P7xYtV5j/vbbMc9VHXoMKCwTXiZYnuCBXKjRvB1E6VCPzu6dPEKmZkewaVr04br4+IYxDVwrDAoQkZTmNhXWN49V4jwpFRqMctZQZKzguvLKRoIK7u5QygF4d4OoUIo2S3UabUWswcWbMcheXAB5n7+eMbxYmpDwjRtgAmLLUyppdqy2NJguWkhRksPC+sSiEUAgYSEJMpT0zw8xuHhZivlrlhdUJI2Su/bOUwepdd0NpsidJlGvSmH1/G+i2EpToTCeLGvxmcxnKtOLNhadrLAXMqMZDyc5+U6uUXrsjm1QllQSlrSYi3TQ8uUaqu1i7UN2ptaom00N75GbzrCtFuECw7Ely019KUjuBAsTdX60tFz9EFYV8zUFBX97XIsvIdMhDuLELk9eREZYWWiotu2jY5Ob/u8Lj7zUXZ2bLBUrA8KiVQwfmShUJEeHd32kemhsa8zxGIJSu/DlL1kN+qUlmrPb0qwu/FWFMnsfHImRbuooRgC1REiwXYitAZGTa1XTfNqjueBGgSbFPIGYeeEahB+cakFWzT4CSeOQSF0BKV/umS0IaPC2gDdPrh/a1E4GKsiP6IqYmoEjogUa3ksRhnHYXeLW1QPhUPA6bFMeijYmgXLVB1SgWW2GqZZ6C4cnq2STpWyUuhAy8FMqV2pRYJNCXP8Y4eQB+Fnal2CsFuoMxiio7zWdZ72D5Z1/HgxWJfnlUywq8rIGpUJbILSxbqU00ViVzRTEs0YovTaiDB1lD5wljkiwpgZro/IQT6yaLWfUcWItMIrVaeKZ/giDOeiNtCnhGPAMbhYQzQTjdQWg8FgZOqMi40sMqqMbmOz8ZSRGEuj3hjlCcJG16R3g1uvqubKaI95qFpqWorV3jdF6CkzgYC/GOzD3/P+TTAR4bW8WA1hj8dI4JYrmMkTK+k6ZmKbjkkWcz9/jX+Mw1ee1f6RLS9M50Pk5iBDhA/jj7eeOJFtj0jJ9Yt69lGnrhHBFoslQGVW92AqGtqFCOYC9jLw8RX2C7CXeFGS114iEqm9JLpkMrYPy1B8Yyi+McrgIEkEL5RHmJQCYAl1SiEqSBDqlfFiSYTSJNLYCDORMCMIQ6xxECpHi3Xj9UyFntFbjUFMaVB1EBukgdgFooGW4uI44MCKIRrNEEwEoOv46eOq0yCBcbRaR4JJGSERRQfoNbGEjY4Xe7rRaboQZjh5jrDEGi3O0TMD9bV6Vm/VyBhhhrddQYK1KJWJCUEShSBKIjQCi4hITPAAkO2Qhx8S4pNiIakOHSrOUB0SXug5YVKC6URJ7To7q9HEumROe6TMqfUr4vuHr1YtsxAfsU+kT1RpYnViXSKnTGxijK56iFeOyo8qDlkOWb80n7Gcs/8g+sH8g+Unu0yTYS+2j4qZYl/ELGIX4Tr/uqC64LqQOTGLYuXCzckHS3kuxMd+JOxjsyQEB/hpQgJCdVHB9pXSlT6rjUvNSy0yjU0eae9sz08sSZwQNcE+S7HRvDXxKv4hhI+SxOvRflbPGJg4+hLH1oj2xzYxQS51tFav2x+sDzIEMaogI2hOqNTtDxAqwzQawHKZSBlBGdEzH6HYuOh4hASlBj2v02mbcJ7LLyBOUCx7TMMwmpOmi6YbcCw1YT+XrFrJlCqrlYuVWNnEpLh0EUG6WIOEkdjXRzClEdURdRHYGOGIYCP2QgycwBi3dXniHML9hMYgD4Vo47EJog1nHAQRjY8ZEIV45Mpd+qJVwNgrT11c4A7hYzGbLXKZn1wue3KNKfLcY4pr/naTAdH7sjzWKJUnIZvnZXlIZJTBqFJzYoPaFMJwUZIQJLweQ+JIEsLQQMPmuZAL95UH4nuqe+oHkXBfYWroZaXQpVvPrGfX4/WyVfLF/ouDFgcvDlkZ9rJ5fQwPlxobMxrB4QDNZHHmOMs8+2rLajspLhIuOepIo84pjdQ5GZePk4UU7Al8gujZ6+OMhSI7TVInr9JrMhRGgcBBCrESZTqnxRM+mj2MB7bL12nX+nr60nj6UmpgCA0MoXHajRrhmZsQPkAzpROr5DCOXOjgpksjh3Hk0AaSVk3T34Ksf/qAboooXKnNra+jAwMDvJczACi4mgV4X0NYIp6+mLGLTeHjB+T1NRpKlhzdP7ZghMk/UG4yhawrz+1X9uhCTMzq51K6JapVGh5vfXRk6bDOMamRUbEdKl6dslLvE8R0mL+wpzP32cVpzn6jVwQqFVpXVp8CV0b7dult05ypAJBJiQnxjrjYGLstOioyItxqMYeZjAZ9aEhwkE4bGODnqxFee8p5mY9UIuaICLMMsuea80qN7vBStyjc3LFjjJA3l0FB2VMFpW4jFOX9vY3bWEqbGf/e0gUtB/1DS5enpau1JaMypqP0GLsx12x0H88xG5uY/j0LQV6QYy4yuluo3I3Ki6ksB9lkggeMudohOUY3U2rMdeeNGzI3tzQHutsm88k2Z1f6xNjRNh8ZiDKQ3IHm6m1MYHuGCmxgbto2FknkMCl3kDkn160z5wgzcGNrbtlAd4+ehbk5wSZTUYzdzWRXmMvdyJzlVtpoE5RNh3Fz2W4xHcY4VFgNmmfcZm+eO79JhcpLbfxA88CyAYVuXFYkjKG2wbg57sBJV7R/ZaFzTXZh/dO1wXhurnaoUcjOnVtvdDf0LHy61iTQoiLow81a80rn5sHA80GFXXobYSx2ZlGhm5kJAxqFdQhr8qyu0pwrlJQOM7ql5izzkLnDSmFjgua6Ua+JpsagINceuPQF5RrnFhSaTe6MYHNRWU7INj80t9fE7TqXUff3mhj7NpXao9ZtCqVX4OVPC5WtdVSizQWpS69WvTLCjMydwBzcxgojzKTQDGtKFUhlKppbkQrN4FPEwFPugbAfQ93S7NK5qjQoVwnPu4lVZTbO/RXB/ptbrv+9pMxbwllVvyJBFKyk1dCg/onsttnc0dGCgYizYUdhju1pPjnGPq6JdZurVUZgoD7UA3RbVpQWB8o3mYTtndfkQuWQcdf1LPTkjag8uBG54mxFbrZUqGl+UuPfR6ipe1LT+nipGex4B/1tDH+3JLz1P6UqwDd3SJqbCfhPqis99V16m7v07F9ozJ1b6tVtl4K/5Tz1qa11XonxVIDC3SIraKqTGUyvV/9CoQD+I9Y8c+7Q0o7gajBHt292IQ5mizwSG4xpV2C/A1p7FjKFvNCXyMpR+x/YJJaAAdMSxpjnVpV29NAiH5Ppv/kQwLLwFGV/PeZdkzvN9vd827/l/zY9fi6GCYvC2S4F/efO9flbXR6A1dy5eWZj3tzSuWVNj+vKzUaVee4eXIgL51bnlj7Z/qbHe+cFu/PmF8EihjBpYNosytpmZmb33OZiZvfuX7hHBTfE2QWFjSzDZpdmFW2zQF3hHiNCLlrKCqVCoZAxChnUhQGvaGQltH3wHhdCdbRWRAtovqKJQbRM8qSMQRVNrKdM9aSMhTKRp8xFy4SPgBRw4j9tA9SximLo14s8v8/t+e3+wCHA/TzFgaWO6YEDOGn0rI6zfpMzYrZhemA3KOrEMky8zCHliE2B2SCCHGWcj41jRMz0Niwjaujt6OmwP1US8qq+LgSl03/5qByNQVVoBKpEtZDaC/8cpqc6E/ktDIid0fXgI03SI7/Y1Mu1k2ac5U40TNfEO6aLYEa4awMcUyzrE7tJ/U2PxwPWHm1+8nQoTKU63uaI4nAfkcw3LLuqemLN0MFDao2RFVHGeKezjbHb0IqaqjFVg2qN2VU11bHxekeIp7H/32uqaspqh1aNijc5DEI99tX+Vd+rqqrWmDm2dkhVzdDaiQ59oNzRxpGaAJ/EeEdC/0B5fAJkk6EQPv0dE6muoBMObhK9430daiEj8fXpVzZmyNBRg2thGJVDIRSKfcW9KgeOrBo18MnEfP6jiZkdJs/Egp6uH1hp7D108Cjo1dgjO9MxnQlzyFs3kGEIwtMZJYJyH3Y6w6DdE6ecKd6e69yYtDn+q/vW5E7jmx8Y1n2UO/rGp3lXT8//YHjXXuV3V7IfdDvbaUScpX3lgRPm3bKOu6eOPZ+7/+1Fih4fWm23G36Umw2fZlr+KF95Upe7YWlnw8rj2+PCPugcM7nqnL++7Xynynl+f9TdQW1jmITHjyI6vrFzBFO/5sHexoqp0+8PaJg2Y+ZC9+2mZa+dTH2jx8zAiPru5x33ULu7h++3m/berJYRzjdjk+7tiN3qM6X8xQmD1qwYI5+19fahO8Y9+ZoFFUft5xJydb/s67y8bY/e2hODek58e0v9kb7t10/vMXsU2Zb8/nOW/b0GtVvZ/Zjt+cRRMzpwn6471XkWO2oWer25/mJvFoPhvzbtD8e03xy+oM5Qq4h3+HASMF1CxBg7pr0qlDKiaasc016uUz1zqvrG0Jp15p7P+zV2W/j46Cs1//v2Nl2J3kfz0tNnqz9tf6/i+kWXQynM0ZdhHouIAwNzhAoFClGAyO9Y6IlxqPqZrbe+OtR9Vc+c2NdyKm46ZEK1UiREe7Oech0sWMRzm955vnP47RPvdq99tTCiNnrs9lkPN3VdNgF1++mTa9pvhn6oeHXyHTb78Cf1x37vfezg+v19q25W5LyVg35ZfmTVFyFNsvU6+bIvv9JviZpyo+WNMZsXXXAubLdi2LupIz+bvdX88OJPZ4ZKX5y9/9G3aF/Snd8m31fBDfZa1PKlWcMjR+9OXXRJLP+4eMjx/XWZwwdt3Ld738KkT25j1eRJv352Kevic4++/Xbzo3sXv5Bvrz6z5Lv8XamvTo453e7rJFl5G3b9tGHmOfcGVCxy99/n/LJ0fp8ZQYm/tl3RMJ1/tWTedvvuVzYc3fSVcdcBh26m0U8e/W6vu5mXnnV8tyRyaP371ZfvvLnpRF1WzTgFYMwkwJhyL8aUMSfbUyxUPu1HBHDm3+jVAuA4AWPaJCQkORKcAuDEOxJbs45pL/y/Mjc5NRwwXVG3/B69njTH/0Hz/xJ79jvmPMit2dh7+Lo5+cjc/N7p0Hbbilypd8a8OD38h+Ua1PtcyHRF+onQfft/y1rw8uk/U4Ou7Ln/3fXPy/CBhs/PjO02IO+tlmdvfnZ56DNBY37eHrJAdDwqp2FgUZx+RfGojzZpndMrD7357qaxs3U/17/sF759avi410+nOmd8tz38C+1920+ffRzQv8B0++UF9bOiHt3tZP9h3u+ijCnHjy9fMks+Gl8+9YjPSn78ZVPG+YW5PlPufdllyzM3x9WEjjdPmZN8KKS4sQfu0mGk+M0+s1dwdW9M21LQ/ey0M38cyGqOf6+PfOUXvTtpHNe+3zB78rOHJvX3q5fsaDO04VqCZb7k2v3Tfnsv/Xn859f9vdjzu2Par/8ae/7y4tQJZMyR4ITVJUtm9dk6Z+/hldtqF9LtC1UKXg+OLK6juBFqFmkdAXX/2u1zhAYGUTtHW4ezoU1D8qzEIbW11WlxcRU1I2JHPtnD2IqqkXHVw4cKpXHVNVUDx1bUjonL7g2GFwtFjo5PZsgwonRHmiP1Sd7BzrJ7Oxw/fvy/6rCy5qmeav/BoSj6ROIXNvnKbz1SV2WNO5u9qelw1h+WyqR3xrpHOxYu3/XCHzVXHh1v82Na9YqeRsXe0Ts+vvvFlblXI6vHfNHy7cHnfrnVN6l/3fRrqi9r8M+a7tfPy+c/l5PPl419OGqN+PwJW3+t3OkuffjVY9Hb7Gtn/1j42r797w8raBtfcsU+6uitbtEht/Xjnpu19XD9mW3RLZuPKZqvrJ969eTVGTUF07Wjoo+se2lHkP79qqVfl7/xfpfhWz5uabfku8a4TZPGOwcPQ89NX4tVFype6hSedeGlsPfrZaf8Xiv5ZkxCTYr+8ZGoDy298gd1/Dg09K0Pw51De3R/8/pBbkRsTfAt01cjLR3rpvm7Jq8/VpvaOR/QZy2gz0wP+qiGyVbmNyPrJvXXuYbCSYNf/UcM+vfEOikAPimOeEdSUhsBepyQ/TfEOvSPVdWWjaz+78Y637QZ9WDrkazOo7VHTnRs37v5j01+e+0J+zT5vY680NI+8Vyn+CWRu14ceMnQY8beg10+nUp+vzH2vXkfbfzinaHVgyZEDLq6a/eNmXuO//L2Q83rsqKwqLiTrnN9RcHjdo4cOLJzwdfnb104sP6Fj+ouTu3Ktln2a/M6SV/9kA7HzzWPGxA3ZZdVtKPvM8NCKh7XTU7/5QuRtZtzfK24+OCAs7Pa2Md+rPhZ75ROHvdo7YhRky5db7/o5XWjFSXR+dry0oR1n73Q3RY2YEjuvAtxM1Q9Gu/vDFow4hfrat/fj6q+nKm4O33cmJTDL0169Vgpd524ZyXu/n3ZMzMyZxTOXDbKbbB3PFa1JvvSsKtTwxcO9+DNdCYSNGL5V4gj+f9GtKPipN6bhT9DX1g9BZRVV7tnvLwnaVOXWYveXfPz5raZ2YdPOXStD/ixIl7vg3qjsXALyUaZf4+E/imM+hcAtaybOv7g5B771AtfKRMzivnVuQtujCnYnyElMY+bevaeGdLifHH3a31lF+bvahv86YPNb368e1tPU3CVZOjzw/GrYXktI3aMnBzWlPf5jDsLlO+J56a8f+35n6qLc9cv+ezYifMLm789EH188vWP30n4on7P0YpDKZ9qTQfGXWi7anvwmHWm2Wd37NAUzL+75mBl51WR4WtK5yrbfuRbOaHjvpNbXkjLd5cXXnD89JMz9Ls5t79yTrvva5o/sK6CEy2/vYrNjnsub/bex+y5yvudL3yFa5duJ6P4Y2u/iSyb3PFW4Bq1KZUNqd/Mfbg8oel71+He7fa/NefC1UFtFtwNW77mmHt8Qc+0MzU5jeZ7AFBvA0AteRIekVcdNDyS/PvCo38CAgGjUiEaSgZoio9PFjAq0ZONF7KOadv/N8KjCIfVk9WPyh5aPaSyxpjTO9eY27t7WmpyTmJMoiM5OyY5Kzsv3uowe9YU8vc1xfQWFmXsXVkzbmhF5X8JbzdFMY3Lm4OmDbZuCy/f7tvlhGNvsyb1z2mVSeJDKY2WIffEombxy3d333pOX27PO9fl9Z5Juz8f0dK/7Y4XXunQTi2JTR6e+8PB9PnsIPYt7dBrnVsi7L+kj3/m9dPVK7v0m6E6tTXm9zmhP/wctePHk+u48jdrCg62PXwyo+lbd6FqxPcbvvzg4Ng2++/O/Hba1cizwbduv3Nr+mtnvsSvrvef8aDdH5u+3ZVwpIEdeOeHx0HhoyW95/qzt1+IGNdp+ug3b2xJmHD4yxEB+WGVL5d3y4t7bN468/ob1fvx0a/OJpAPbYtdu9Z9YZ81YvdR34QpCw4//05gXMKfg/aFunP7/L7lj5jBLwyOWjrjs/6vmJ8Op/4ChKsv3/vtxvxbPwz9rmhI999WzJ10fnXs3yKlf4kY/08ipdox1RVl/1cipSc91f5rsP5b/Mc1/yu0kmeML3kx/b0Nya9/TcgMQ9/bN1a+8ZFkQdz24xmjv5g1ebzh/LXAxv2Tv7u/8rZPbsctfvuG2m+3H1xecPuXqRHqJc7rJ87Vd5/9W2kH83MR/i7J+gPyeNH0s8m7+DXo83lvTyj7cOfszLXtU74pfD1iddpX+7livzcalV3fX5g+73b5yt8HtXxxJyTSnfD1J/HSdx+EDcnr+sfnY8J+jFoYhh70PcC9M63Bf2/S/ciFhs7l5JU5v07r8JP8RcmXhW0X6YdLh77V3HFyn+kZJSg1ew13LONs3IH8MdJ2D/c+e/ej620ODixr6Ha6XfWxZ9y+094//Vp80P6BZ5Z/Nikj+pm83tL04/h+RhE6Nqd3WTwNp0QrWYZxTKv/N17Z/naR/OtVV8O0I8Lp5N02KY7nn36PBuP+lZPFKxxP1/oDarQ+KIoHU9/SeeL3hxft7awrF0dc+sG+MlGqbXEMeeoRPr6/o7Ahts6OCtBQNBJVojHIiLoDHw+8F6qCsjI0CuROqBakEdCq4pXwOst/aKu1E6urBteUVQ+ZaPwHbBJNB+sbYtv6e97ZuLk3d5GKNSZx54Ptj549lHsqYXqyZDnjc/uzDSXxWyXH/bs5H97Kqx/9sGB96tVfv7m6pezB+zdWTd05qmT1rQ+G8yt/y1jwru8no3XtZk+/u7mnOf+ztafaRb55OX/MwbGBNUu/+3H8C+PefdVgZL+x8cVjDKfqttzo/NJp9oZqUO7lzScuTH8w8uGU0Dt7+ma+pew08OSfb97+dsmL483Gr4eExIeNGPLGLvfFHWe+m3vsytG1n2fsG/lK/Q8ft4mdl6r5KlP+0ThRm0/VX9s+PdI0FCeu2duh2/Dva3+d8qDd1nxGnh7wjrY93scMeOHrW398xMwhrwxdXpIUOfx6dfjHZzrsi6nNWPvKdNbgmM4G/7VPXPx0lociyf+6Qf7jIfm3o1vsNciGYof2aWuU/fXql4ExW2tIvBLOVIfDmZAUn5qckpza/5+MccXGlnbfRFt+nfHFha7ijTNODdz52rJ/QCjBRKob2m0v++DE0Tmbftt54/cPJG8rbtzfnnVs0eP5IX8u/rD/W1vbzn/p4tzLR5bs/7bpfZMs9vzrPQfEmXeeK/2tPubT+GlxzkGnN+xo6fXRud3iOe5FCeJXQpo79Ikb0P4Z9dxLkVM+/2jgDfm+PmdG9ZyXdP756ymfvvCWyD26w5BQXB6p/61i3In+++L++ODk6fafv2PDk+bWl43aiz5/8+cvZ52873gt+dT32uqQI5ODJscFfCitC3Q7O8UavtJzW1/KnX9lT0pBRtqje2sffZz+3ezVm3NOhCnWkozrH41NuFz7/Af7jb9sPXon73K1vr2jR3vVwrT3BjfPvTM2pubt5mb5zgVsU+Rz7l7jvx5SPHIPKsDXt+NoQ0amP76CSvFPaD3+Hl2EJEIqKFGBlAGpGuTHkMjjZvzt9tzcBFcTcFss5Y2RUQl7hIrGoJCE/fhbdjOKQAYouNgYEExrLjRmZXmFlFSPsD06JuFipg++gG5AYvEFfBFFep7aHhmbcDNTDgUMfh7BEYMMqAGfR276S9Uu/NV2S3jC+gP4GNR/gj9GA+ljHzfK1QnQ4Ud4N9IgA96Fd3prdm5XqBNQ5hi8ADGoGegpSJcg3YQkQlX4TTQV0iJIWyGJkBKoAVIcpHyhhP79pht4AzyvBBoHqQrSIkgiUOHbUD5coHgjHobC4Nn5eBnyBz4PL6X8deBBwF+Fcj3wVyAv8PXe/GrgQv0qb/lKyAcAX+HlL0N5MPDlkBf4S978ODyWPlfr5Q14TKPeoMrUQ70RkgMSBmkZSMtAdcuErxsDZfALeAQdaRvwBOAjPRzUNaXRZKZ7NGV7oC6hAVQ6BVQ/BTQ3BTQ3BYmgavKTNpM9bWLwZGgzGdpMhjaTQSsOPAbGGyN8sxmoCpIREga9jwG9C+VuoM2QTtHyGUAXQ2oQcng86DEKZjUHD2uMNICRDd7udCVk7MODhD8chwdt14UmLPorJ/URDBG4wsuVQttKWlu5XcoLpZXbg0I9HFoNz1TgCvQcJBb5AbVASoKUA0mEKxotcYa9uDsaKUEuhWEqOxVPFU0lIkcOozmAE1APCQKT1OAYlA4Nogwl6UybUmm1tE6KVVKj1CF1SXtISRWeihdhbMBxOAPn4xJMhC+DiNMShS+DdODSEhfLGmRuWbPslIy4uWbuFHeJu8kRI+fgXFwPrpSr5uq4xVwDJ13MLRazpbJqWZ0Mq2RGmUPmkvWQEYOYacicicuFn5sBVUGqhrQYkgh0XALlRvwspBLYjRJQxbPC7/MDRZBTQToF8iXgBHJKaAfhPKRTkC5BEn7BX0lrekAqhVTtreVaa548I7S/KdRAioBaBZQKf7HgEtCbggSpM+TkkJNDTg6tTrF/wgxVQI2QekDCtOwSJLAaoE/qHN76Ukgcrb9J2zypcwnPsn+6yiKaoxh3FNMQxSyOYlzpGZkJrjAgGo2mxFxiLYks2SCqMldZqyKrNojyzfnW/Mj8DaIMc4Y1IzJjgyjOHGeNi4zbIDKYDVZDpGGDaFHXrV0PdD3ZVVTStarr1K64jfDd1kabI4HyMKvAdzbqghLaKDPbslthOSVA10O6CAkjA9A4SBmQqiCJ2K1ADewWKN0CpVtQPqQSSASe2CLAC1CDt04oX0/rBEmoZ/9Wj2HhmxvTEvMzOwPklkBaDwlD35uhfjNt7ZG20nI30Eu0PN/bvoGWG4A+eQYDwPWnMNcf3K8/gH9/VAKpGhJBJ3E/OBz6CT0DNUCqhrQVkgj3h3/9cD92C/zbzG7Gdpc83t+AAgLgjNeoJapMFcuDDciZjZSuoHQOpRmUWlyKzvJ7neXvdZbP6iyPAIGNRJlQsYxSk0uWKd+RKc/PlEdlyqG3QGRCctafUk6gzDVKu1Nqd/mZ5PdN8jsm+S2TfK1JPtokb2cSngsB35WzfpTKBMosp7QzpeEumUF+2CDvZ5C3Mcgz5cw6BkZHWZTqKQ0WKHN7hzJHiaT7mNsoB3piGtOjDE0soox53JieCexRY3oHYA8b09cB+6MxfanhXeY+Q4805l6j5Yoh05+5y3QSCfk7Xn6L6YQ2Ab8JfDDwN1A6YwX+emP6NKH9a/D8Ksi/isIkQvtXUA/63HqmEy1f631uTaO9HEZd3WifCKOuQnY66suN9itQurTRPgfYkkb7CGCLGq3CBIc1pkcbMtXMYGRhhbYVyMoKM+nqHbEj9DwCeAfPw7mNduGpHGGAJia70RwPLEKY5buMGfWgwxkazXSRochMuwhBZjrpYGSlXMEo6eTlKIxySaN5GvTC7bBeMfyWvk9YOPqVUTauM3z3LqyvL2QvM50aNxk+3SOoq9Fw0t7EWHcZTpj3GT60NDF9Gw3N9iYJVBywN7HMTsM2ULIb2rLMLsNW+2DDFjOt3WCGWtjq9ekxhtXm/oaVVsg3GqbZ3xWmgUbCivtCdZG9vaFr+iZDnrWJgWpXuvDr2D6GNHONwQnFqU1Mp+2bDPGWJmEqDuhj0y5DNIwYbqZT6dNmL5uMxMxYl11cKy4X9xX3FLcVJ4pjxEZxqDhE7CfRSFQShYSX+EgkEk4ikrASJPFrenzJZRO+DuHHqehf8xcJVERlFfvXX+5HLCMR/u8fbl/che3SO4txa7qgLgVZ7ja2Lk3ix73cqbYubkmPZwq3MczCIsi52dlNDCooBAMVimYGC9/92oMYJm7mgmCBT565oKiI6eJurkBdyo3ue71hHT49+7uJOUuLAsZlaDM07dXOvJx/QUq99KkvJmr/9jVFbah7eZfehe63Q4vcCYLwOLSoi7uD8K2xPexotio3Zw9bLbCiwj3MJHZ0bi+hnJmUU9TaDIWx1dAMpQtMaLYdhQnNUBiznTbrSpuBmYbl5mwLC/M0Osh0EhqB+RykjQZ7+rLAENBXD4FBM1aPLLQvC6sXmoE9eDpTPt0Zjxgl7UzJI9pZiNBom9UKTexWocm2NlZosM3ahlZv+qvabPVMpwhZ6ThWpoiOwzB/tYn0tAEr8LZhJdDG9n/zU5n1P2jMbC/7ZmCF8N29UnNuJaRS97xxQ7TuunKjcdvAb7xf6gsvLa8YIvCySvc35soc90BzjnFbWcW/qK4QqsvMOdtQRW5B4bYKV2VOY5nr/7D33nFOG2+/qEa9mRZ6SCCQEAJksYolORBY27KAkISEEiCFZHcxsGHZJVsgvffee++9995777333nvYM7a/EhP/eN9zzr3nns/9Yy20z0gazXc087R5NCMaiqMawgU3XbpfYca/sI5IsAr7raWw/cqFFcpYl85Yy+UZ5cuXlrFmlLFmlLEurb+0gjVjVp7M2Gb+DSqXL88CrtCbeEOn8rDLuhssyA/ss2JyRTgmbjB433XvFDlqtoxxC643R+WvT9G9fGnT3Ka58iUqneVLvcqzM3Fp8L4TN1j3TnI5LvWhp/uOynPjuMHF5jD519HR0Vneu7rG0b+dXYMr5zqp0G4we8b1UXku2aTrJxWvr98lXFBZudKFX2F+fZ/7Jj03iW+btN+k4yadN+m6SVJX1wJ6ut99I58bye88sm3kfiOPG3neyOtGyuULO86/tX7SeSO/Gyl0UW4infRXDCuYXZTSf+XDzq6O8o+jAB10r8KN6xpXmJ8byTVRb5eUv5fLrUP3UXR36D6b7hL3EP37Et0/ovtP5e/pcgfRvyfR/SK631T5wu6mwqbFwc1hGXHBuLLSGSzYN6UzdnA7pQ2Lq3T29lVa3LpKJ+XswZTeOMXRc72p4024O+nfJ+n+Jt2/pPufdJcEW7ArhXdhGVoH1zGO0OqX5013lv90jOusLFUj5ebu7Bg3jivvZQanPVCeQE3+zfcc6ejiaFPQDqGEZqqc7Sjf1lWm8a98gUt+K//P7ZTdyv+nEyfu+O9denXNrtBj5ev/etc7OS51+v/7vc+J/2f2/u3/3geN+Z/vQ+aX/7+vnr1n79l79p69Z+/Ze/aevWfv2Xv2nr1n79l79p69Z+/Ze/aevWfv2Xv2nr1n79l79p69Z+/Ze/aevWfv2Xv2nr1n79l79p69Z+/Ze/aevWfv2Xv2nr1n79n/f7yXvw4u9f36j3PfuHjn3pN+UYeolQVXF3603oNl+viDzml/df5zdB9O7UUPNXxPnJOOpfuW3HC6D6t8OYPr/oDuH9P989VbdP8tLeNGrd61+31hHZr5GuwctxF3KncetyH3PbG4B7n7uS24S7kctw13MjeVe467juvF7UGe4kRuFBdyl3MbkeEcz0XcICJxZ3BvcDty7dwn3PvcGG4G9y7pR8spciu4gVy2+wv6dwZ3ePcdNJfOFbhruTtJC5nNTaDpafx4Mo4iH9d9PzeIG9P9TPfr9Ogc7hOyYfcN3DSa+pTry23M7cedwPXjduWe7P6b1nRDrpG7jOxNvuA24HbhjhJd8cjuZdxE7hbuFTKDprbi9pBe127hWuhdF5FB5P7u97o/4+4VCVeiJR3IHU5rfCN3P18nFKTzuRHcaG5zbmuugV7di3uDrEMsob574+589xn07GXcj/w4/lFBofUYx03nduaO4S6grfEq9zH3CzFIhpxDrqLbC+Rb6XVatxlcF7cntz+t+aX03qu5O4hFLH4QP4i21iBuE24uvXYcdwnFv4l7nswgC8j95AHhEim9ekp3/+4B3Z91d3Njufm0hudxD1CMn0ma5qEIwkihU1xf7JTsfw6gT7iIO5t7nnuB1uNd2u6/cL+TsXT7gN+X3697Xvfl3Z+UPzLEDecCbltue66NW8mt4i6kvfog9zD3A/mL12jO58RHpD2l77tPpG07msvTus+kuWfTso+ivXQjdzvdXqVP2ZeMoE8RkK3JLLKEHEdOJbeTN8gbvMxvwO/GfylcLzwlvC16ktS9GS1pYPkLK5RL5nFLaQ/sS1v7RPq8l3OPcE+QAWQ02ZQ+0av0/l/5iXxIt4v45/h3hUOE48S/pUNXv7/6q9V/dR/JKZTLptJ26OKupK3wHRlI67AJ2ZV0kI9ozY/nbxZ6CX2EUUJGyAlzhAXC4cLJwuPCs2K7eJX4pjRdapCuUhpWt65+oXtG98GVdeMyrdfG3HjO5XzKP4spNy2j9VtBt3Zub+4A7kjuWMovJ3Lnc1fR576Pe4J7hXuH+5r2AEc2oHVupujLKdcdQo6l2xnkavIAeYQ8QT4gv5Y3fiTdxvAeP4Uv8BG/hD+Ebifzz/Ov8p8Lw4QmYT9hf7qdK9wqvCFyoih2SzbdpklHSZfJTyljlGlKo/r039/8M/afBf+8u5pbPXT1DqtPXf3A6s+6t+veg9Z/I25Tro7W9DBayzMoD15CtyspJ97KPco9zb1WqeuPhCcS5fjBZBTlhvG016aQqWQ63bYi29JtLt3mke3p1kAayVK67Uf2JweSg8jB5BhySmU7nT7bJeQKcivdbiN30u0V8h75lHxJfuQpE/MC5eaN+I35CXyWPmmBn8rP5GfRbQnfRrcVfDu/kvbQZfxN/B38q8I6wkbCpkKDsJtwhnCt8KDwsvCHyIvjxQniJHE7cYl4kPic+IL4uviXNFwqSkulc6UH5XVlV54r7yqfLl8nfy7/rcjKNkqjsrfystKtbkS11WP0uW/h2N8E+TnSIfUXd+ffo3IxWFghHUbm0haT+TlCi3Cs8KK0mHwvjCBvkiOFZmFZ90VCxP8utJHt+PvISGG4tJmwmDua6yZX8R/wP/OfiQPIHP4LMkY8gdzGtwkFXq7o1ZfEAeJB0uccx7/GbcbvQ+7nHxEOEg7qvofbTDqXvCedy7/AjRDf59fh3qNSfRh/Gr3pWb6ZP4qbL7rSX1wzbfcrpN1pe0/mDydjhZfFc7lPhFH8T+R7cirVGs+QLcQN+YV8llxFNe4/ZH3uG7Ibt4KcwtWTu8g75HaOkMuFy8iWvEl763o+RXyq8J8RNiAvCzq3oPKfSozmB5Bt+O/5ucLd8vNChhCqJV7k9iQCSVPeiX+ruVYqASfzG1OdVqTa5CVic4O506i+/3n13WWNLb0uHUX57AJhPDeLS3M78U9xm1HZ+IRu87lDOZu7k/Lg4VyaP53bu3t/sojq/a2o/uS528mu3ARiUG05iNZtP2ovBvIjqS7cmaL+TvX/k1TrzyDfcqvICCpZ93NjxPKVo8Ui1Uy7UP17FN0WcTvRo7O5E+VbpJe4mWQQx4kjVp9LufxtbiG1OR9R/KHcJFq/7bkLxPG01uWv5+1G7zh79TSunm6Hck8RntuH1nkylfNtxGlU857avSt9wmZqo7akNvEJrrn7NK5A+25W90HdR3E7d1/QvSO3hJvdfTnVvyu7b+Q87jBpAb+dNE50qY59gjxM7dFb5Ciqt6dxb1J9tBEZzH1Jt2tp/SdLd3FHiq9R3Tml++juV7gBtD1G0hZqpFb0Y2459y1tt2nC/Zyzemv+hu5IWEEt1Hvctt2XdQ8nOre0u4Vq3ru5SxSJ6p79ufWlSyjvHiUu5tO0vptwA8kEenZH6TyOq3wDg/66N6CttJZfah7VAAIROYG2vER1nkKtgEbb3eBMLkVteG+uD+2bftw6XH9ay4HUJg3mhtDWXJcbxq1X0dwjqFUdSfX3hrQOo6nGHENrMJbyyfiK/plAucGi7e9QPZqhbeRTC5Ol7TyR9sfmtLWn0NbPUVtSoPq7SPtqKm2t6bQVZtBW34ra05nUo9iW8tRsbg61hdtRKzGfcu723A7Ug9iJ9u7OlAsaaLs10ecrUR5dQq1IM3T1csq1bVRf70Y1dgfXSW1D2artzu1BZWcvyt37UGuzH22pA6iNP4g7mDuE8sFhlEuPoLr9KCrfx1ANfxx3fEXLn0T9mlO4U6n3cjrtpzOJTLnnHO5colD9fwG1lBdxF1P9Sm04UbkrqL65iuqda6m2vZ67oWK7b6Ya6FbuNmop7qCycBd3N9G4e6nVuJ9a7Qe5h6iVfYTq5ce4xymnPck9RXn3Ge5ZKtVlm/0S9zK1La9Snf069Yne5N6ifP0O5bH3KG9+wH1I+ftjyi+fcp9xn3NfUA77imr2bygPfcd9z/3A/cj9xP1MLf6v3G9Uov7g/uT+4v7m/qEy3U0tlU59EpOkyp+YIX2o5e5H/Zn+1O4OrFiFIWQoWZcMI+uR8v/QN4LatZHUUmxIeXk02ZiMoRZ2LBlH7campI5MoDbPIjZxiEu9HI/qmoBkyWZkIplENieTqWWpJzmSJwUSkiKJqJ2ZRu3MFtSn2ZJam63JTLINtTizyGwyh1qd7ajdmU89me3JDmRHshNZSHYmu1SsUBNZREpkMfUsllZs7DLqHS4nraSNrCC7kXZq8TtJF1lJVpHdyR5kT7IXtcH7kH0rlusA2K5DyKHkMHI4OYIcSY4iR1PteCz1U44nJ5ATyUnkZGrVTiWnVSzbmeQscjb12c4l55HzyQXkQnIRuZjau0vJZeRyavWupL7W1eQaci25jlxPbiA3kpvIzeSWii28ndxBreFd5G5yD7mX3Ff23MiD5CHyMPUDHiWPkcepN/AkeYo8TZ4hz5LnyPPUK3yRvERephb0VfIaeZ16PW+St8jbVJe/S23q+9R3+JB8RD4mn1D7+hn5nHxBrexX5GvyDfmWfEetwg/kR/IT+Zn8Qj2M38jv5A/yJ/mL/E3+IatJN7XFhOepPRZ5ifpiCq9Sr07nDd7kU3wvvjffh+/L9+PX4fvzA/iB1AM9jx/MD+GH8uvyw/j1+PX54fwI6sGN5EfxG1KLPpo7jVr1Mfwm/Fjq8Y7nN+XrqI1P8xZv8w7v8hnq2/h8QK3+ZtRzm8Rvzk+mvk49n+Pz1AsI+SL1eqby0/jp/Bb8DH5Lfit+a+oZbMNvS32D2fwcfi6/HT+Pn88v4Lfnd+B35Heilm5nfhe+gW/km/hFfIlfTH2IpdRe7sov41v45XxrxZ/YjXoUHXwn30X9ilX87vwe/J78Xvze/D5lX5ffnz+AP5A/iD+YeluH8ofxh/NH8EfyR/FH88fwx/LHUU/xBP5E/iT+ZO4s/hT+VP40/nT+DP5M/iz+bP4c/lz+PP58/gL+QuqFXsxfwl9K/ZbL+Sv4K/mr+Kv5a/hr+ev46/kb+BupN3Mzfwt/K38bfzv1a+7k7+Lv5u/h7+Xv4+/nH+Af5B/iH+Yf4R/lH+Mf55/gn+Sf4p/mn+Gfpb7t8/wL/Iv8S/zL/CvUF3yNf51/g3+Tf4t/m3+Hf5d/j3+f+hwf8h/xH/Of8J/yn/Gf81/wX/Jf8V/z3/Df8t9RW/4D/yP/E/VLfuF/5X/jf+f/4P/k/+L/5v/hV/PdAicQgRcEQRQkQRYUQRU0QRcMwRRS1EfuTb3kvkI/6of1FwYIA4VBwmBhiDBUWJf6pOsJ6wvDhRHCBnRsMUrYkHpqo4WNhTHCJsJYYZwwnvptdcIEIS1Ygi04gkt9bU/whUDICpsJE4VJwubCZGGKUE898LxQEEKhKETCVGGaMF3YQpghbClsJWwtzBS2EbYVZgmzqZc+V9hOmCfMp9769sIOwo7CTsJCYWdhF+odNlL/eJFQ4u4RFgtLhKXUR9tVWEY9t+VCq9AmrKDeY7vQUf7eo7BSWCXsLuwh7CnsJewt7CPsW/GrDxAOpJ7YwXQUcahwGB0LHCEcKRwlHC0cQ32/44TjhROEE4WT6AjhFOFU4TThdOqLnimcJZwtnEP98fOE84ULhAuFi4SLhUuES4XLhMuFK4QrhauEq4VrqM96HR3f3CDcKNwk3CzcQr3324TbhTuEO4W7hLuFe4R7hfuE+4UHqGf7kPCw8IjwqPAYHYc8ITxJx0RPC88IzwrPCc8LLwgvCi9R3/cV4VXhNeF14Q3hTeEt4W3hnfIXQIX3hQ+ED4WPhI+FT4RPhc+Ez4UvhC+Fr4SvhW+Eb4XvhO+FH4QfhZ+En4VfhF+F34TfhT+EP4W/hL+Ff4TVQjcdTRDqUwt0TCGJsqiIqqiJumiIppgSe4m9xT5iX7GfuI7Yn/qvA8VB4mBxiDhUXFccJq5HR5TDxRHiBuJIcZS4obiROFrcWBwjbiKOFcdRL31TsY566mnREm3RoePsjOiJvhiIWXEzcSL14DcXJ4tTxHoxJ+bFghiKRTESp4rTxOniFuIMcUtxK3Frcaa4jbitOEucLc4R51Kff544X1wgbi/uIO4o7iQuFHcWdxEbxEaxSVwklsTFdEywVGwWdxWXiS3icrFVbBNXiLvRcV2H2Cl2iSvFVeLu4h7inuJe4t7iPuK+4n7i/uIB4oF0JHGweIh4qHiYeLh4hHikeJR4tHiMeKx4nHi8eIJ4oniSeLJ4iniqeJp4uniGeKZ4lni2eI54rnieeL54gXiheJF4sXiJeKl4mXi5eIV4JR1HXi1eI14rXideL94g3ijeJN4s3iLeKt4m3i7eId4p3iXeLd4j3iveJ94vPiA+KD4kPiw+Ij4qPiY+Lj4hPik+JT4tPiM+S8c3z9MRzoviS+LL4iviq+JrdLTzhvim+Jb4tviO+K74nvi++IH4ofiR+LH4ifip+Jn4ufiF+KX4lfi1+I34rfid+L34g/ij+JP4s/iL+Kv4m/i7+If4p/iX+Lf4j7iajiM5iUi8JEiiJEmypEiqpEm6ZEimlJJ6Sb2lPlJfqZ+0jtRfGiANlAZJg6Uh0lBpXWmYtJ60Ph13jZA2kEZKo6QNpY2k0dLG0hhpE2msNE4aL20q1UkTpLRk0ZGqI7lSRvIkXwqkrLSZNFGaJG0uTZamSPVSTspLBSmkI7hImkrHtNOlLaQZ0pbSVtLW0kxpG2lbaZY0W5ojzZW2k+ZJ86UF0vbSDtKO0k7SQmlnaRc6Wm+UmqRFUklaLC2ho8BmaVdpmdQiLZdapTZphbSb1C51SJ1Sl7RSWiXtLu0h7SntJe0t7SPtK+0n7S8dIB0oHSQdLB0iHSodJh0uHSEdScfVR0vHSMdKx0nHSydIJ0onSSdLp0inSqdJp0tnSGdKZ0lnS+fQ8eZ50vnSBdKF0kXSxdIl0qXSZdLl0hXSldJV0tXSNdK10nXS9dIN0o3STdLN0i3SrdJt0u3SHdKd0l3S3dI90r3SfdL90gPSg9JD0sPSI9Kj0mPS49IT0pPSU9LT0jPSs9Jz0vPSC9KL0kvSy9Ir0qvSa3Rs9Yb0pvSW9Lb0jvSu9J70vvSB9KH0kfSx9In0qfSZ9Ln0hfSl9JX0tfSN9K30nfS99IP0o/ST9LP0i/Sr9Jv0u/SH9Kf0l/S39I+0WuqWOZnIvCzIoizJsqzIqqzJumzIppySe8m95T5yX7mfvI7cXx4gD5QHyYPlIfJQOsoeJq8nry8Pl0fIG8gj5VHyhvJG8mh5Y3mMvIk8Vh4nj5c3levkCXJatmRbduioPCN7si8HclbeTJ4oT5I3lyfLU+R6OSfn5YIcykU5kqfK0+Tp8hbyDHlLeSt5a3mmvI28rTxLni3PoaP67eR58nx5gby9vIO8o7yTvFDeWd5FbpAb5SZ5kVySF8tL5KVyMx39L5Nb5OVyq9wmr5B3k9vlDrlT7pJXyqvk3eU95D3lveS95X3kfeX95P3lA+QD5YPkg+VD5EPlw+TD5SPkI+Wj5KPlY+Rj5ePk4+UT5BPlk+ST5VPkU+XT5NPlM+Qz5bPks+Vz5HPl8+Tz5QvkC+WL5IvlS+RL5cvky+Ur5Cvlq+Sr5Wvka+Xr5OvlG+Qb5Zvkm+Vb5Fvl2+Tb5TvkO+W75Lvle+R75fvk++UH5Aflh+SH5UfkR+XH5MflJ+Qn5afkp+Vn5Gfl5+Tn5RfkF+WX5JflV+RX5dfk1+U35Dflt+S35Xfkd+X35PflD+QP5Y/kj+VP5E/lz+TP5S/kL+Wv5K/lb+Rv5e/k7+Uf5B/ln+Sf5V/kX+Xf5N/lP+Q/5b/kv+V/5NVyt8IpROEVQREVSZEVRVEVTdEVQzGVlNJL6a30Ufoq/ZR1lP7KAGWgMkgZrAxRhirrKsOU9ZT1leHKCGUDZaQyStlQ2UgZrWysjFE2UcYq45TxyqZKnTJBSSuWYiuO4ioZxVN8JVCyymbKRGWSsrkyWZmi1Cs5Ja8UlFApKpEyVZmmTFe2UGYoWypbKVsrM5VtlG2VWcpsZY4yV9lOmafMVxYo2ys7KDsqOykLlZ2VXZQGpVFpUhYpJWWxskRZqjQruyrLlBZludKqtCkrlN2UdqVD6VS6lJXKKmV3ZQ9lT2UvZW9lH2VfZT9lf+UA5UDlIOVg5RDlUOUw5XDlCOVI5SjlaOUY5VjlOOV45QTlROUk5WTlFOVU5TTldOUM5UzlLOVs5RzlXOU85XzlAuVC5SLlYuUS5VLlMuVy5QrlSuUq5WrlGuVa5TrleuUG5UblJuVm5RblVuU25XblDuVO5S7lbuUe5V7lPuV+5QHlQeUh5WHlEeVR5THlceUJ5UnlKeVp5RnlWeU55XnlBeVF5SXlZeUV5VXlNeV15Q3lTeUt5W3lHeVd5T3lfeUD5UPlI+Vj5RPlU+Uz5XPlC+VL5Svla+Ub5VvlO+V75QflR+Un5WflF+VX5Tfld+UP5U/lL+Vv5R9ltdKtcipReVVQRVVSZVVRVVVTddVQTTWl9lJ7q33Uvmo/dR21vzpAHagOUgerQ9Sh6rrqMHU9dX11uDpC3UAdqY5SN1Q3UkerG6tj1E3Useo4dby6qVqnTlDTqqXaqqO6akb1VF8N1Ky6mTpRnaRurk5Wp6j1ak7NqwU1VItqpE5Vp6nT1S3UGeqW6lbq1upMdRt1W3WWOludo85Vt1PnqfPVBer26g7qjupO6kJ1Z3UXtUFtVJvURWpJXawuUZeqzequ6jK1RV2utqpt6gp1N7Vd7VA71S51pbpK3V3dQ91T3UvdW91H3VfdT91fPUA9UD1IPVg9RD1UPUw9XD1CPVI9Sj1aPUY9Vj1OPV49QT1RPUk9WT1FPVU9TT1dPUM9Uz1LPVs9Rz1XPU89X71AvVC9SL1YvUS9VL1MvVy9Qr1SvUq9Wr1GvVa9Tr1evUG9Ub1JvVm9Rb1VvU29Xb1DvVO9S71bvUe9V71PvV99QH1QfUh9WH1EfVR9TH1cfUJ9Un1KfVp9Rn1WfU59Xn1BfVF9SX1ZfUV9VX1NfV19Q31TfUt9W31HfVd9T31f/UD9UP1I/Vj9RP1U/Uz9XP1C/VL9Sv1a/Ub9Vv1O/V79Qf1R/Un9Wf1F/VX9Tf1d/UP9U/1L/Vv9R12tdmucRjReEzRRkzRZUzRV0zRdMzRTS2m9tN5aH62v1k9bR+uvDdAGaoO0wdoQbai2rjZMW09bXxuujdA20EZqo7QNtY200drG2hhtE22sNk4br22q1WkTtLRmabbmaK6W0TzN1wItq22mTdQmaZtrk7UpWr2W0/JaQQu1ohZpU7Vp2nRtC22GtqW2lba1NlPbRttWm6XN1uZoc7XttHnafG2Btr22g7ajtpO2UNtZ20Vr0Bq1Jm2RVtIWa0u0pVqztqu2TGvRlmutWpu2QttNa9c6tE6tS1uprdJ21/bQ9tT20vbW9tH21fbT9tcO0A7UDtIO1g7RDtUO0w7XjtCO1I7SjtaO0Y7VjtOO107QTtRO0k7WTtFO1U7TTtfO0M7UztLO1s7RztXO087XLtAu1C7SLtYu0S7VLtMu167QrtSu0q7WrtGu1a7Trtdu0G7UbtJu1m7RbtVu027X7tDu1O7S7tbu0e7V7tPu1x7QHtQe0h7WHtEe1R7THtee0J7UntKe1p7RntWe057XXtBe1F7SXtZe0V7VXtNe197Q3tTe0t7W3tHe1d7T3tc+0D7UPtI+1j7RPtU+0z7XvtC+1L7Svta+0b7VvtO+137QftR+0n7WftF+1X7Tftf+0P7U/tL+1v7RVmvdOqcTndcFXdQlXdYVXdU1XdcN3dRTei+9t95H76v309fR++sD9IH6IH2wPkQfqq+rD9PX09fXh+sj9A30kfoofUN9I320vrE+Rt9EH6uP08frm+p1+gQ9rVu6rTu6q2d0T/f1QM/qm+kT9Un65vpkfYper+f0vF7QQ72oR/pUfZo+Xd9Cn6FvqW+lb63P1LfRt9Vn6bP1OfpcfTt9nj5fX6Bvr++g76jvpC/Ud9Z30Rv0Rr1JX6SX9MX6En2p3qzvqi/TW/Tleqvepq/Qd9Pb9Q69U+/SV+qr9N31PfQ99b30vfV99H31/fT99QP0A/WD9IP1Q/RD9cP0w/Uj9CP1o/Sj9WP0Y/Xj9OP1E/QT9ZP0k/VT9FP10/TT9TP0M/Wz9LP1c/Rz9fP08/UL9Av1i/SL9Uv0S/XL9Mv1K/Qr9av0q/Vr9Gv16/Tr9Rv0G/Wb9Jv1W/Rb9dv02/U79Dv1u/S79Xv0e/X79Pv1B/QH9Yf0h/VH9Ef1x/TH9Sf0J/Wn9Kf1Z/Rn9ef05/UX9Bf1l/SX9Vf0V/XX9Nf1N/Q39bf0t/V39Hf19/T39Q/0D/WP9I/1T/RP9c/0z/Uv9C/1r/Sv9W/0b/Xv9O/1H/Qf9Z/0n/Vf9F/13/Tf9T/0P/W/9L/1f/TVerfBGcTgDcEQDcmQDcVQDc3QDcMwjZTRy+ht9DH6Gv2MdYz+xgBjoDHIGGwMMYYa6xrDjPWM9Y3hxghjA2OkMcrY0NjIGG1sbIwxNjHGGuOM8camRp0xwUgblmEbjuEaGcMzfCMwssZmxkRjkrG5MdmYYtQbOSNvFIzQKBqRMdWYZkw3tjBmGFsaWxlbGzONbYxtjVnGbGOOMdfYzphnzDcWGNsbOxg7GjsZC42djV2MBqPRaDIWGSVjsbHEWGo0G7say4wWY7nRarQZK4zdjHajw+g0uoyVxipjd2MPY09jL2NvYx9jX2M/Y3/jAONA4yDjYOMQ41DjMONw4wjjSOMo42jjGONY4zjjeOME40TjJONk4xTjVOM043TjDONM4yzjbOMc41zjPON84wLjQuMi42LjEuNS4zLjcuMK40rjKuNq4xrjWuM643rjBuNG4ybjZuMW41bjNuN24w7jTuMu427jHuNe4z7jfuMB40HjIeNh4xHjUeMx43HjCeNJ4ynjaeMZ41njOeN54wXjReMl42XjFeNV4zXjdeMN403jLeNt4x3jXeM9433jA+ND4yPjY+MT41PjM+Nz4wvjS+Mr42vjG+Nb4zvje+MH40fjJ+Nn4xfjV+M343fjD+NP4y/jb+MfY7XRbXImMXlTMEVTMmVTMVVTM3XTME0zZfYye5t9zL5mP3Mds785wBxoDjIHm0PMoea65jBzPXN9c7g5wtzAHGmOMjc0NzJHmxubY8xNzLHmOHO8ualZZ04w06Zl2qZjumbG9EzfDMysuZk50Zxkbm5ONqeY9WbOzJsFMzSLZmRONaeZ080tzBnmluZW5tbmTHMbc1tzljnbnGPONbcz55nzzQXm9uYO5o7mTuZCc2dzF7PBbDSbzEVmyVxsLjGXms3mruYys8VcbraabeYKczez3ewwO80uc6W5ytzd3MPc09zL3Nvcx9zX3M/c3zzAPNA8yDzYPMQ81DzMPNw8wjzSPMo82jzGPNY8zjzePME80TzJPNk8xTzVPM083TzDPNM8yzzbPMc81zzPPN+8wLzQvMi82LzEvNS8zLzcvMK80rzKvNq8xrzWvM683rzBvNG8ybzZvMW81bzNvN28w7zTvMu827zHvNe8z7zffMB80HzIfNh8xHzUfMx83HzCfNJ8ynzafMZ81nzOfN58wXzRfMl82XzFfNV8zXzdfMN803zLfNt8x3zXfM983/zA/ND8yPzY/MT81PzM/Nz8wvzS/Mr82vzG/Nb8zvze/MH80fzJ/Nn8xfzV/M383fzD/NP8y/zb/MdcbXanuBRJ8SkhJaaklJxSUmpKS+kpI2WmUqleqd6pPqm+qX6pdVL9UwNSA1ODUoNTQ1JDU+umhqXWS62fGp4akdogNTI1KrVhaqPU6NTGqTGpTVJjU+NS41ObpupSE1LplJWyU07KTWVSXspPBalsarPUxNSk1OapyakpqfpULpVPFVJhqpiKUlNT01LTU1ukZqS2TG2V2jo1M7VNatvUrNTs1JzU3NR2qXmp+akFqe1TO6R2TO2kdLU2l/8TU9CwT2tb6/KG9mXNrUvaS51d7a3VC/mMsKLZKqdty/Yq1E57YrGrva2SwbKsasZchBt8OdfYXlpZkhsqRMm1LWlrLS1TGqpUDpsa2tta5UUVgjLSShG5SshVrOYqVcmWDU1dnSW5pUq2rJ5sqRBxy0VtnWIL/SNvXb3cWiVbV3O1MjiZNKglz6pmaq+SWdW87VUyu3qyo0Kqd3g2qCPPqWbqrBBpbjttMKmr/LeawweGb8nbV8vZkynHz4MWpKkNy5c3SHOWljobhG2WNksNLSuWNkiLSi2dDUppRUdzCy29o3nJ8gahs6FLWLG0OdXVuqjU3tHU1l5a1NiilXZvamlYXk61dnStKLU3t7XLK0odtDitob29bVVLaXGnUkl1rdArtPK/l1YvLmpb1VpNNbZ1LtWQbVGrmaQaO0p6W3vn0nJ/NLSYza2dFLvUVP4vt4zSbl3NKxtaSq1NJWlpW1dHKUV7uqVtSXNTQ0trW6dezrykvaGlc0WSbOys8E6mynCU2qCFKrVw3nJBA1Bct3HexrGDYwfHGdyfsUBRfsYBRf5MBtQD9UGBl8mC5kDzoDFOCFoEjarUA74HfA/4HvA94HvA94DvAd8Dvgd8D/ge8D2Kv6Kxpa1pmUL7pkyl6lHL4ipt78RxZ8fShkUlqfJXWbSsQrXFzS0tlGvadterqXbak0pne3PDkq4VVdqO40WtVdqyWG5qbm9qKWnNrSsbu+hNneUUznUsb6b81dBUooyxMjkQOrpa5cWl5ZQ1xPIfqWMFBRebWroapaWlBgqxqLmh/J+6Gcu7OsAspV5MmnIzP30LvnlXo7VhRVtHZ3vbiqUleXlza0UeS0301qoqSleb0bLQvDk0ew7NlkOzFSK9bUWptVp/Jbe8oamsDBqq1CiUn6Zr+eKW0u5G05p0VUTTOdC8UsR9pSqVi1UFV6oquKoK80B9YypT6pLaUm2oB9sChWKxHWMac9/SNWlxWmNDu7iU/pGndza3LCrJzRWiTEetmlGr6dVaNVdrNR0KtblKjS2Y0netrZWD2ju+uYyq/1JrS0ProuYmnITOqopa2nIzoJ5QbF0ilKjmm4mqtKEqM6tVaWMaKAOIjG/MZqrSwTzonPKDdpYfdG71QbuqDzoXpXeh9LnV0ruqpc/Fg3bhQecxpa9i0guY9B5r0hLVs0s69FxZg1cUNdWVcVLJFau0oVShxsyOlgYqUJV025q01lBm3pZSc4M8jyo7WrdVVTKvagFWVXPNW9Rcai91NHdoq+KUvKCacY8KSe3WRcspPxVVtVVOTztFsaW5vUErdXTSjqYiotGnLJU1+VKzcyntq2q6w1jcvDJOmx20iNb4QlMbNTQNTU2l1s4+FRPCnJA621rbOlJxdSpHeq5siSpJs1g1RJUDtdhZPatNb0PKnFn5HzKr1825TGZ95vLSkmqmvs00+78QpAqCmKe2SgorBg844vZla0hxxDKENKNhxYoGavyXNy5q4Lfq4rfu4uc3K8Dkt2kWZi1tk2ZXbOSchi4F+EJhabOwTUezOZ3B7Y2L8bHesOYhS+xDluKHbI4fsn/Xv2+tnBQby5VfUrbh4p7lSpcPO8vGXCzfKC2rVL2lWvXWLn73ZioclXoL7Uvb5IphpyoANW6iNaZJqa3caCbbXr1rwM02tsW72BZvS1q8Imlu2gK1QR1QFzQD6oH6oAFoFjQHmgctgBZBq56fWzXhlALXAq4FXAu4FnChMl0LuBZwLeBawLWAawHXCkGBbwEfqtWFanWhWl0b+DbwbeDbwLeBbwPfBr4NfBv4NvBt4NvAt4HvAN8BvgN8B/gO8B3gQ+m6DvAd4DvAd4AP/etC/7oO8B3gO8B3ge8C3wW+C3wX+NDfrgt8F/gu8F3gu8B3ge8C3wW+C3wX+BngZoCbAW4GuBngwhK4GeBmgJsBbga4GeBmgJsBXgZ4WTxvtmr701bsE1TLz+TToBaoDeqAuqAZ0Pg+HzQAzYLmQQugIWgRtFqvTAG4BeAWgFsAbojrIa6HuB7G11GvEPUKUa8Q9QpRrxD1CnOgqF+I+oWoX4j6hahfEfhF4BeBXwR+EfhF4BeBXwR+EfhF4BeBH6HcCOVGKDdCuVHVBU7ncgaer9w2SOfK/cWkA6QL5fbvvSZdiPsjylflndIcaB60ABqCFkGjKnVwX1VOKbVBHVAXNAPqgQagwHeA6wDXAa4DPBc4LnBclO+ifBflVuWPUpTvonwX5bso30X5Lp7LjXGqQ5A0hlJ0LA9aBK32uwe97UGfetCbHvSlB/3hQd49yLsHefcg7x7k3cNo2oPce5B7z8N5D+e9+LwD6oJmQD1QHzQAzYLmQFEvL1SXtOyxYqnvu3ECJYWZ+ASKigAVIUPkIUNgxQk7TjhxIi41yBh4vnKbxCf9OBHEiSwS2XSciAvPxoVn48KzroG2rqPD4/hkXKtsXHgWTeAXTdC6xc2tDclBc2tzZ3KwvLSouXpfkHbihBsnMnECrRx4JihTJD1YUyQ9KBdZzZ4NTNBK9urJXNYEZcqgB2vKoAdryshFOBmx2SM2e8RkLxRMUCZ7mKkc4GHs+PHs+PFsL074cSKIE+igwEnHCStO2HEibjgnLtmJS3bikp24ZCiCQtUgUVpVLIUq41Nqgcalu3GhVdNrp6sqi9I8KETWhsgiypH2cOxBxBEVSCMqkPbifBCJIBPXMRM/fSZ+ei9+elQvigrxibh6XvzMXvzMXlyeF5fnxeX5cXl+3Jp+/Lx+3JqxhAZ+XLIfl+zHJftxyX5cchCXHEtpEEtpEEtpEEtpEMQlB3HJsYgGsYgGsYgGsYgGVZ8hCqGrQyeKL7hyS3NLS8PSyvliAF1m2yYoIwa2g5MOe9LFSZc9mcHJDHsSkmizkmizkmizkmj7OOmzZUA87YAtI2DLCNgyILh2li0jh5M5towcW0aOLSOPk3k2e57NnmezQ5ptVprpAZO9wGYPcTJks4ds9pDNDgVpswrSZhWkXWSzQxPZEfP8TtoEZU9aOGmxJ8EFDssFDrjAcZgq0IM1VaAHa6rggD8cl83ustldNjs4x8mw2TNs9gybHTzlsDzlsDzlsDzlgKccn83us9l9Nju4zWG5zWG5zWG5zQG3OayZcFgz4bBmwgEfOiwfOiwfOiwfuugh12Ky04M12ekBkx1959psdpvNbrPZ0asu26su26su26suetVle9Vle9Vle9VFr7psr7psr7psr7roVZftVZftVZftVRe96rKaIg9JyReZky461GWtu4tuc1kl4aJzXLZzXLZz3Grn9MHTVnRlc0dby79OlO9lTji1OZzaHJnaHJnaHH5tjupTaxV9bqVtK0nZScpJUm6SyiQpL0n5SSpIUtk45aSTVILhJBhOguEkGE6C4SQYToLhJBhOguEmGG6C4SYYboLhJhhuguEmGG6C4SYYboKRSTAyCUYmwcgkGJkEI5NgZBKMTIKRSTAyCYaXYHgJhpdgeAmGl2B4CYaXYHgJhpdgeAmGn2D4CYafYPgJhp9g+AmGn2D4CYafYPgJRpBgBAlGkGAECUaQYAQJRpBgBAlGkGAECUY2wcgmGNkEI5tgZBOMbIKRTTCyCUY2wcjGGFY6naSsJGUnKSdJuUkqk6S8JOUnqSBJJRhWgmElGFaCYSUYVoJhJRhWgmElGFaCYSUYdoKRyLmVyLmVyLmVyLmVyLmVyLmVyLmVyLllZ6WZS9vaW6W2yt+5lb9d5b9xjkSurUSurUSurUSurUSuLSebWtrWtqyhsW1lqalteWN8PpFtK5FtK5FtK5Fti8p25Y3Iv+5NcBLZtqoRBDudy6ttraXOpc3ti7TOVW2VREecKRFsKxFsKxFsKxFsKxFsKxFsKxFsKxFsKxFsKxFsKxFsKxFsKxFsKxFsKxFsKxFsqyzY5ZcilYetvEBhH9u3zUVtnY2llrZV/zqdwCSybSWybSWybSWybSWybSWybSWybSWybSWybSWybSWybSWybQWV0INVzKVBLVAb1AF1QTOgHmh8fwCaBc2B5kELoCFoETSq0jzw88DPAz8P/Dzw88DPAz8P/Dzw88DPAz8P/Dzw88DPAz8P/ALwC8AvAL8A/ALwC8AvAL8A/ALwC8AvAL8A/ALwC8AvAL8A/BD4IfBD4IfAD4EfAj8Efgj8EPgh8EPgh8APgR8CPwR+CPwi8IvALwK/CPwi8IvALwK/CPwi8IvALwK/CPwi8IvALwK/CPwI+BHwI+BFwIuAFwEvAl5UjbpZ1XaltAhajfpZiF5biF5biF5biF5biF5biF5biF5biF5biF5biF5biF5biF5bYaES7XWoqXXSbl1TwwpIlp11mCuF8hXmOF0+xvsAvH/I4v1DFu8bsnjfkMX7hSzeL2TxfiGL9xo53J/D/Tm8d8AMJxfvFVy8V3DxXsHFewUX7w1cvDdw88DD+wMrqJZjx+87EE93i3G8E566xw5jvejfB2u8fS9SqCaso4q+rBHrqJ6nRqp5T6NyUH5B3LUilaTL834MZFtZau9Uy+nFbV3tCAlnpFUNHS0N2qqGlXssbVi+Z4PcsbyhpWVl7zUvzOsa2hsaEfFFRBdveDy84fEwB8rzEfmOI8Q+xmA+O372MdLy2SiKjwGSzwZMfAyDfI89icGOzw52fIxrfHZc42Nc47PDUZ8djvrscNTHiMdnRzw+O+Lx2eGoj7CIz4ZFfDYs4rNhER9hEZ8Ni/hsWMRnwyI+wiI+Gxbx2bCIz4ZFfMQ5fDbi6rMs5LMsFCACEqTZmHCajQmn2ewYeQfsyDtgR94BO/IO0OsBO/IO2JF3wI68A/BDwI68A3bkHbAj7wAj74AdeQfsyDtgR94BGCtgR94BO/IO2JF3AO4K2ABJwAZIAjZAEoDvApbvAvBdwI6nA3BXkGNPgoeCPHsSnBIU2JPghyBkT0JxBOwQPwArBGzIK4sOz7IhL8RE8wHe92TRb1lWWrPonSwrrVn0QZaNeWbR0llWhLMQ4Swrwlk0cpYV4SxaLcu2WhatlmVlMsvKZJaVySzaM8vKZJaVySwrk1m0dJaVySwrk1lWJrPogywrk1lWJrOsTGbRO1k2VJlldXyWDVVm0W9Ztt9y6LccK6g5VlBzrKDmoHdz6MkcK4E5VgJzrATm0Mc5VgJzrATmWAnMofdzrATmWAnMsRKYA1/kWAnMsRKYYyUwB47JsbGvHBv7yrGxrxx4KcfyUg5imfvXSyzwUo7lpRzLSzmWl3LgpRzLSzmWl3IsL+XASzmWl3IsL+VYXsqBl3IsL+VYXsqxvJQDL+VYXsqxvJRjeSkPtsmzbJNn2SbPsk0e+j3P6vc8q9/zrH7Pg7vyLHflWe7Ks9yVB3flWe7Ks9yVZ7krD+7Ks9yVZ7krz3JXHtyVZ7krz3JXnuWuPLgrz3JXnuWuPMtdeXBXnjUHedYc5FlzkAff5dl4eZ6Nl+fZeHkeKi/POih51kHJsw5KHgycZ01IHmyaZ01IHsyYZ5kxzzJjnmXGPJgxzxqXPPRRnnUp8qxLkf/XS1ywXIFluQLLUAWWXQqsOSmgywusOSmgYwusOSmg+wqsOSmgkwqsCiigKwqsCiigwQusjSmgWQtssxbQrAW2WQtopwLbTgWIZoEVzQIrmgVWNAto1gKr5kM0XrjGPEf5IqaLYBqOF0JKQ/YNVQhZDFmbHULiQraRMU7zMD7zwrhYTD3A+MzD+MzD+MzD7CIPs4s8zC7yMLvIw+wiD7OLPMwu8jC7yMPsIg+zizzMLvLix8JoyItHQ5hd5BWBXwRuhG6KWPUdseo7YtV3hA6MWPUdseo7YtV3BImJWImJWImJWImJ4kphSk5stAqs0ixUlSaGs14SqPeSQL2XBPO8JJjnudXpTxUD0Nbe1tTUtg5rKnCuimthapBV1Fc0dDYsrVvVvKiEU9GaVyR+7ZsZv/bNjF/7ZsavfTPj176Z8dk3M/lMzZsZnGByeLU5vNocfm0OvzZHUJsjSHKgl9y6rvZFXTjwKwdMla3aZ2BkycK7fytApCNApCNApCNApCNApCNApCNApCNApCNApCNApCOI4wCYTw9/2woQacG8RisLXMQxrCzwssBDXMNCXMPCpCErCzzEOSzEOSzEOSzEOaxsjIfIDuIeFuIeVg54OeDlgJcDXg54OeDlgJcDXg54OeAhjmIhbmIhbmIhbmJhPqaF+ZgW5mNamI9pIa5iIa5iIa5ixXEVzMu0MC/Tysd4eD7My7QwL9PCvEwL8zKtAvALwC8AvwD8AvALcYQM+AXgF4APzWhBM1phhDiVH0e0quehKS1oSgua0oKmtKApLWhKC5rSgqa0oCktaEoLmtKCprSKqA80plVEfYpoD8zXtDBf08J8TQvzNS1MnrMwec6KgB8BPwI+IoY21hLamHduY965jXnnNuad25h3bmNGmo155zbmndvpuLwcaB60ABqCFkERT8P8cxvzz23MP7cx/9zG/HMb889tzBO2Ld+czSyJMDuYA+RATTBz0sZMdBsz0W3MRLcxo9LGTHQbM9BtzEC3MQPdxgx0GzPQbcxAtzED3cYMdBsz0G07Dw5y/sVBNmak25iRbmNGuo0Z6TZmpNuYkW5jRrqNGek2ZnDaiM/ZmMFpZ+LrqC/iejZmbtuYuW1j5raNGds2ZmzbmLFtZ1AvzNy2MXPbxgxRGzNEbcwQtTFD1MYMURszRG3MELUxQ9TGDFEbM0RtzBC1MUPU9oDvAd8Dvgd8xCdtH/g+8H3g+8DHvFLbBz6mldo+8H3g+8DH6k7bB74PfB/4PvBhWWxYFhuWxYZlsWFZbFgWG5bFhmWxYVlsWBYblsWGZbFhWWxYFhuWxY4jz7AwNiyMjYi5DUtjw9LYsDQ2LI0NS2PD0tiwNDYsjQ1LY8PS2LA0NiyNDUtj54CP+IQNy2PD8tiwPDYsjw3LY8Py2LA8NiyPDctjw/LYsDw2LI+NiL0Ny2PD8tiwPDYsjw3LY8Py2LA8NiyPDctjw/LYsDw2LI+dj/HwvLA8NiyPDctjw/LYsDw2LI8Ny2PD0tiwMDYsjA0LY+PdjI13Mzbezdh4N2Pj3YyNdzM23s3Y8PltvJux4fvb8P1tWCwbvrwNC2XDQtmwUDYslA0LZcNC2bBQNiyUDQtlw0LZsFA2LJQNC2XDQtnFYm+Uh92rOfZrjoOa4yxz7JVpzbFXc+zXHAc1x1mDOWau+TVl+2u57tccBzXHbNls3qCm7KCm7GAt+YOaY7Zs9lq2puxsTdnZmrKza7mfLTtuby/ug5pjr+bYrzkOao7jsr2astZ27NccBzXHbN38mvv9mrr5NeX5NeX5NXVj8wY1ZQc1ZQdryR/UHLNls9eyNWVna8rO1pSdXcv9bNlxm/g1/eXX9Jdf019+TX/5Nf3l15TlreXYqzn2a46DmmO2bPbeWqy1XQ9qjtnnDmruD2ruD2rqFtSUF9TUjb2WrSk7W1N2tqbs7FruZ8uO6x3U9FdQ019BTX8FNf0V1PRXUFOWt5Zjr+bYrzkOao7Zstl7/Zqy/bVc92uOg5pjtmw2b+1z1GKvLT/bptma+7M192dr7s/W1C1bU7e47GxNf2Vr+itb01/Zmv7K1vRXtqYsby3HXs2xX3Mc1ByzZbP3+jVl+2u57tccBzXHbNls3qCm7KCm7GAt+YOaY7Zs9lptG9U+V21dsol/4mCk6mCE6mCE6mCE6mCE6qTj/DnQPGgBNAQtglb9KAcjUwcjUwcjUwcjUwcjUwcjUwcjUwcrox2sjHawMtrBeNTBeNTBeNTBeNTBeNTBeNTBeNTBSj8H41IH41EH41EH41EH41EH41EH41EH41EHK6IdjD8djD8djD8djD8djD8djD8djD8djD8drIh2sCLawYpoByuiHayIdrAi2sGKaAcroh2siHawItrBimgHK6IdrGh0sCLawYpoByuiHayIdrAi2sGKaAcroh2siHawItrBimgHKyQdrJB0sELSwQpJByskHYxzHYxzHYxzHYxzHYxzHYxzHYxzHYxzHYxzHYxzHYxzHYxzHYxzHYxzHYxzHYxzHYxjHYxjHYxTHYwTHIwTHIwTHIwTHIwTHIwTHIwTHIwTHLwjcPCOwAnjclEvvCNwEAlzMK5wMK5wMK5wMK5wMK5wMK5wMK5wMK5wMK5wMK5wYrnFuMLBuMLBuMLBuMLBuMJB5MtB5MtB5MtB5MtB5MtB5MtB5MtB5MuJ4i8kYOYX5NxF/MRFnMNFf7vobxf97aK/XfS3i/520d8u+ttFf7vobxf97aK/XfS368V4mJmG/nYR13AR13AR13AR13DBDy74wUVcw0Vcw0Vcw0VcwwW/uIhruIhruH7Yu2mP9uaWluamnds6y18Nw3nUB3EOF3EOF3EOF3EOF3EOF3EOF3EOF3EOF/ENF/ENF/ENF/ENF/ENF/ENF/ENN4i/DIByEb9wEa9wEa9wEY9wEY9wEY9wEY9wEX9wEX9wEX9wEX9wEX9wEX9wEX9wEX9wEX9wEX9wEV9wEV9wEV9wEV9wET9w83F+1A/xAxfxAxfxAxfxAxfxAxfxAxfxAxeRaxeRaxfxBBeRaxdxBRdxBRdxBRdxBbdQrL58smMN6oYxRQ2gMVxoDBcaw4XGcKExXGgMFxrChYZwoSFcaAgXGsKFhnChIVxoCBcawoWGcKEhXGgIFxrChYZwoRFcaAQXGsGFRnChEVxoBBcawYVGcKERXGgEFxrBhUZwEft2EfvGZ80oxbcP4FFkEPvOwLPIwLPIwLPIwLPIwLPIpOPy8E0FeBj4TBql+KYDPIwMPIwMInkZRPIyiORlIAkZSEIGkbwMInkZSEYGkpFBJC+DSF4GkbwMInkZSE4GkpOB5OD7W5QCFxKUgQRlIEEZSFAGEpSBBOG7XWl8t4tS4EKCMnh3lMnF39hwERF347m/zLHFHDtrOQ6Y4/IyLp85LtQcu3H+6uzoNGZVpzGrOo1Z3WnM6k5jlnUas6zTmGWdxizrNGZZpzGrO41Z3WnM6k5jVncas7rTmNWdxqxuC/gW8C3gW8C3gG8B3wK+BXwL+BbwLeBbwLeAbwHfAr4FfBv4NvBt4NvAt4FvA98Gvg18G/g28G3g28C3gW8D3wa+DXwH+A7wHeA7wHeA7wDfAb4DfAf4DvAd4DvAd4DvAN8BvgN8F/gu8F3gu8B3ge8C3wW+C3wX+C7wXeC7wHeB7wLfBb4L/AzwM8DPAD8D/AzwM8DPAD8D/AzwM8DPAD8D/AzwM8DPAD8DfA/4HvA94HvA94DvAd8Dvgd8D/ge8D3ge8D3gO8B3wO+B3wf+D7wfeD7wPeB7wPfB74PfB/4PvB94PvA94HvA98Hvg/8AOXFq3wClBegvADlBSgvQHkBygtQXoDysnieLJ4ni+fJ4nmyeJ4snicL/Czws8DPAj8L/Kr+tiLoqwj6KoK+iqCvIuirCPoqgr6KoK8i6KsI+iqCvorScfkF0BC0CFp9vgj6KoK+iqCvIuirCPoqgr6KoJ8i6KcI+imCfoqgnyLopwj6KII+iqCPIuijCPoogj6KoI8i6KMI+iiCPoqgjyLoowj6KLJjPDwf9FEEfRRBH0XQRxH0UQR9FEEfRdBHEfRRBH0UQR9F0EcR9FEEfRRBH0XQRxH0UQR9FEEfRdBHEfRRBH0UQR9F0D8R9E8E/RNB/0TQPxH0TwR9E0HfRNA3EfRNBH0TQd9E0DcR9E0EPRNBv0SZuFzUH/okgj6JoE8i6JMI+iSCPomgTyLokwj6JII+iaBPIuiTCPokgj6JoE8i6JMI+iSCPomgTyLokwj6JII+iaBPIuiTCPokgj6JoE8i6JMI+iSCPokC4AXAC4AXAC8AXgA86JsI+iaCvomgbyLomwj6JoK+iYIYD88LfRNB30TQNxH0TQR9E0HfRNA3EfRNBH0TQd9E0DcR9E0U65ss8LPAzwI/C3ysioywKjLCqsgIqyIjrIqMsCoywqrICKsiI6yKjLAqMsKqyAirIiOsioywKjLCqsgIqyIjrIqMsCoywqrICKsiI6yKjLAaMsJqyAirISOshoywGjLCasgIqyEjrIaMsBoywmrICKshI6yGjLAaMsJqyAirISOsgoywCjLCKsgIqyAjrIKMsAoywirICKsgI6yCjLAKMsIqyAirICOsgoywCjLCqscIqx4jrHqMsOoxwqrHCKseI6x2jLDaMcJqxwirHSOsdoyw2jHCascIqx0jrHaMsNoxwmrHCKsdI6x2jLDaMcJqxwirHSOsdoyw2jHCascoAl4EPKx2jLDKMcIqxwirHKMIOBFwIuBEwImAE+EDTFW+pRTfGqzyLaX4oFOVTykNQOMV2PiwUy4up/ohJw8fdMpU+y+CXx3Br47gV1PqmI0N7c11i9o6W0odHZi+U/1mdDqPSsXTGux4mg9eyyOsajvx9Am83s/Fr/dBMfi1Mfi1Mfi1Mfi1Mfi1Mfi1EQ6zMRHMxmDYjieCRXjNH+E1f4TX/Jgla0eoR4RwHMJoDqYhOZiG5GAakoNpSA6mITmYhuRgGpKD8JuDaUZOJg7z4To6PYQzFMIZCuEMhXCGQjhDIZyhEM5QCGcoTMflZEFzoHnQAmgIWgStMmkIZyiEMxTCGQrhDIVwhkI4QyEGbyEGbyGcoxDOUQjnKIRzFMI5CuEchRi8hRi8hXCWQjhLIZylEM5SCGcphLMUwlkK4SyFcJZCOEshnKUQzlIIZymEsxTCWQrhLIVwlkI4SyGcpRDOUghnKYSzFMJZCuEshXCWQjhLIZylEM5SCGcphLOEj3tRCnw4SyGcpRDOUghnKYSzFMJZCjF4CzF4C+E8hXCeQjhPIZynEM5TCOcpxOAtxOAthDMVwpkK4UyFcKZCOFMhnKkQzlQIZyrE4C2EUxVi8BbCuQoxeAvhZIUYvIVwtkI4WyGcrRDOVghnK4SzFcLZCuFshXC2QjhbIZytMP4wI4JfHoJfHoJfHoJfHoJVHoJXXvxBSrwW8/BazMNrMQ+vxTwrXlaMJQKQdy/+DoWdzcaLC7DoosiufCxiaUUxYj4IRO/B8pCIXXERRcnJeFY/9Q2wIBLKOG/jA542PuBp4wOhNlZm2PiQp40PecafCipHmZKUlaRgQhKKb/zFnxWhObwk5SepIElVPxMaVrU1pfHnP2EV0jBV+J8W0tXeoBSfYcUn9NNpmK40rEoaJiwNE5bGNwfjl53Q8g60vAPTGcaTL/HSzsZLOxsv7Wwnvg5rgJd2Nl7a2XhpZyPkbMcv7TDJ1MFyeQeTTR1MNnUw2dSJYgprACvjRHGIFyHiKA5Bxp8DRugRwfMMgucZBM+9dPy5VHAx6uGhHh7q4aEeHqyRlynGPYXXMH4m4QI/6eP4MyU05SFXwiF+0td+wkl4peLHH2hyks8POcnnh2jKRa41ZxJeChJewmsWP5PUJpvUMJvUIhvXPqlpdk3+Nefi2ic42aT28WeHHCsd195PzthJyklSce2D5IyXpNbcGdc+Kd2KS88lZ+K655MzcdmF5ExSdiJllhWXHcZn4g8NOcmHhpz4/27wk55OPjPkJJ8ZcvC/5tBcUXImea5EQ1h4Ve57CY6TtIyTtAw8O99L6uAktXeS2kMCfS8pwU1KdZM78TLc95LS3aT2blJ7vBL3vTXXktq7Se0zce2T+xL+TL4zRFNx7ZM6Z9akktpn4tonZ9a0yZrn9uLaJ7VZU8M1tfDi2ic1ZfIn5/y49gnf+Ent/aT2flz7hJdiifUSXvLjuid8EyR1D5K6B7Hdhb1GcCJEcCJEcCJEcCJEcCJEcCJEcCJEcCJEcCJEcCJEcCJEcCJEcCJEcCJEcCJEcCJEcCJEsDNEsDNEsCJEsCKM641gRYhgRYhgRYhgRYhgRYhgRYhgRYhgRYhgRYhgRYhgRYhgRYhgRYhgRYhgRYhgRYhgRYhgRYhgRYhgRYhgRYhgRYhgRYhgRYhgRYhgRYhgRYhgRYhgRYhgRYhgRYhgRYhgRYhgRYhgRYhgRYhgRYhgRYhgRYhgRYhgRYhgRYhgRYhgRYhgRYhgRYhgRYhgRYhgRYhgRYhPOIUIWoQIWoQIWoQIWoQIWoQIWoQIWoQIWoQIWoQIWoQIWoQIWoQIWoQFeBL4P5DSWXgc8Yf4s/A4ssiXhceRx/k8zufj81VPpJjoXzuxaXZi0+z4s1s0lUlSXpJac2+QpGIJtxO7Zid2zc4mGNkEI7FsdmLZ7GyCkU0wEttmJ7bNiT+pR1NWkrKTlJOk3CSVSVJekvKTVJCkEozEj3QSP9KxEgzL6QM99u9lkfGJxN21ofttTISyMRHKxkQoG1rfxkQoGxOhbEyEsjERysZEKBsToWxMhLIxEcqOJ0JhAomDCSSOH080iH0zvK5HxMCFL+fCl3Phy7nw5fC/hVGK186w85l4JI1wWoiPi4UIq4UIq4UIq4UIq4UIq4URJKCKY1vV56G0yulY8mnjS982vvRNqQ3qgMb5MqAeqA8agGZBc6B50KovX/BRjo9yfJRT1fA534ppAJoFzVVpdcRPacItiSfpJJbJSSyTk8idk8idk8idk8idk8idk8idk8idk8idk8idk8idE3+eC4uZMpjMmMFkRvyPb5TilVkWWiaK2zxEG6DtfbR91Srm/ABtEKANqtaG0gLaBsdWfByCFkEj5Mc4KB9wHJeapxBClixV02prtyzvqA7aSd18/eQ3damqqk87xWm96gc3Tp1cKjWVBtfXL6gfl51VX3i5UN/QXfp1plqyF06ZNuPjRXMm3tg49ac5CxcunDDSmdOwY9Njpb4/KylZVhVZLv838vFP/devqaGxMfipoSGn2L91ly5bXy6fHMcTXyU3PbXhhHF/LlHJULLVg4/0oqX0GqCS7/pd9brKqzJZX5Zplf6U/+wnl/+bejn5TdxZLpESWfoX2XnYVFVtKP1cVGV1wd5EVZQGpV7pPXVRKTuy15ReU0z1+KJdtOvH1g2bMWxGaeqwgaU+9XPotnDchHETsiOHkVmkfNxQaiiR+n5kwFBi6uQP0pe0kbYxbW1D6shsMmQI+d/5dXd3b0Ns+huyC71xHCGr/yEWIebQIV+PI0O2PfSfT7uLdrly5SoNmzF1UXmbPGfynNJEbDc1Na5fmlo/hwyqX1iuaXbkLKdSa7o17lD/TqpoXzahbhxp3KG81b9DSCOw/yZF+reejB5TnEaGNUwuNZHB9aR+8gKT9ujA0aV62tRj+hNjQzJkTJ9eZODohf379k/1Hzmm/8L+tDFI72ypVBo/fv1eqclFcxoh9NTkyb16D55Mi+g1KzWkMHl4XR0Zb1IQmwzr22vGQNKvX1+9T7+F/RZO6f3OsCbahAMISRFh6IwBffuNnDjxJjJsTt9+/egNZm1DpaqkfH78WDKQDCK9yFhSbrKhJKWTDauXBw4cNIjo9JdkruTtRXOOq+Sr3FH9qeR/+zd+/Jq0Rsio8v6/fPP/FG/8fyCt+csiE7IJ/VUeZVzfvuU9Pm/jV65UtWLr0XPr/TdPMX78KFLd/q/+6v+f3jixLKFr2wbP+PdWlo2yQDAbSTYqGkxdHitvRbuSf068VS71JQN79e3Vd3K/8l2FpuFk+Jz6KfULyXjarOMrvzH/Hav8V/vaf5v8x682R9zd/+5ydN16/7GXOWFtXBqfY/f/mtf/6wr/B6tq9BefleL6MXUnCVuS8WMqzVfO3p+M+tdWzQMFUNZQZcVCFQn9Q/fhdaR+QHo4xHsYGTa6rm85Q/LrqywhkH96u00q6o9MXdTUWFcpgNCrUxcZlAnKbFPR9GCVspYvd31Z01NVNmd4uXyahdAeBwu9swZn6FC2ERg+4BfWNFAatI7wdKsmKUI/tMT6tKw02qj8dwLd160cC0JVT5f+Xd76+ib9Bab4+Ef+27//V3L8f6gy/i43bd3YOqPCB0Mrqr3yG1H+M1quHtxENcuwyTP6kbqNwTAwDOV03ZoTa67U9V6DYSd8O4xy5vCySh5foveS3mpd77re9ESf3mWuuWzCsBn1U8oXKJ/0o+qB8gY1Ue+Ut+FlPT6NDKmKjcEg/c9+RXvawvLWa0r9tHirmn26kcaPq4a/upV5tqmxvJWmVrfB95e3RIFB6S2gW5mvqx5MvM1yqtsadVdoKDSU/YNCU6Gp/p2yh9NQmuPs8I6dSmpXTFV+Qys/QVjbE4zBLz5eWPmlaBmy3B8/6iENGYnfGnVRlqYxYxYu7N9/5MhaxFqU/7wb2elvzaFAeWRyUqdSVYbiStTXk7oRcVEV/vkbbKHXDVu75/Ff/Bb88a9D6tyQjchGdVrlmSoVbNihVDElVN71RJMTgRa7SUUFMGp+xIj/BqmsSTdkVGjFZKxNBY1j74rZr89gYtaRxmHD/sMdGVtWwf/rZqtqmMrqPFbVoxj7s3ab8p+lsCas/Ou35gFq24BVtCOqjyeKlA6xUKH/cJ6qD163FsaM+z9Oj6q00DC2rabGeqI347CNK1uairQz2Sv+yL/lu35h4w61jzCM4wjHKRusLnLz+nB/df75Xp/KGfaXmkf/CNiHVa/2uZEe0VTf2zmxz6n0lqBcDBdw+5JufgS/gL9GGCXMFNqELmFf4UjhaOEC4VnhVzElzpTWkdaTHpO+lH6WBXmAvO7/YO/t46K4rv/xO3eZ2RlmFxAR0SggAaJIFNEgIrHEwLK7PISHRREJoEFERFSen1ketNZaa4y11lprrTXWWmuttdZaa42x1hprjDFGiTFGrVVrjDXGB8L+zjm7CyuJTfr5fX7f3x/fZF7nfc/cuXPvueeee+fOexYjBUgxUp5k084bWjJ07tDXhh4davNv8f+h/3r/j/3vBwwIGBqQEJASMDVgWsD0gBcDmgJ2BRwKeCvgXMBHAXcCugM9A4MCQwMjAscFxgTGBk4KjA/MC5wf2BK4KvC3gXsCbw0Th/Uf5jssaFjosFHDUodZhuUN6xj2vWFbgniQFOQZ5B00IGhwUEDQiKCRQcagGUGznuRPej05LISF8BBdiFeIT4hfyJCQ4JDwkHEhsSGlIdaQjpAlIctCXgn5Sci2kJ0he0P2hRwKORby95B3Q66ExobGhU4OLQh9KbQodG7o/PB54TWjBr467NVlD/nDqIexDyc9fO5h/MNfP/zHQ1vXzM++8dntz7q6n+zusnXZbODSQLaBMz6M5/DtmmBNmqZSU6/pAM8t1/xUc0LzqZuHW5o4WHxZPCHekpikguf8pWFSnFSgTRvKwHOlQw8N7fZn/lbw3Ab/2wEswC8gMMAYkObwXH6ANWB3wOGA0wHvBdwOuBvIAr3Bc2GBkYETejxXAp5bEbjhc55LGZY5bDp4bkWP5/qB5wYF+Ts8VxBUSJ4LfIzn0no8tyJkQ8jWHs8dBc+dAc/F9HhuVmgJeK4gfCF4buCrSx4KD4c+jAbPxT18/qHh4VsPu7ryPptEngvstqLnbB8y5vYRyEnGxGdBRmB8ds9BdDsBWhhj8nDGuk50/U38CaQneyP7ZhRjH2k+SmbsegucbbniBtqA6/2v97vueV1/XXddve5+XbmuvS5dF69rrvPr7BqOFLuwiLDjwv0PtlyouQFtXfjdjWjGbqy/MfXC0gtNH1S9X/J+3YW91499GH5h+fXvv7/l/dXnV5/feP7bjJ3fjPe+P/D8wvP5cBZxPu782PPBnYbOhM7YzgmdUZ1jOyM6R3QGdT7R6dMpnLt57vq5q+cun7uId507fO5P5/af+x1or5/72blfnUs4N/ncc+eCzwWdG3bO/9IPsMz5vYjifpiO67Q/1K7V/sDeV+mf0iT9Wf2bumsi07yEc1eA3mtug5cKoLwRpENcBrha3AelYRmQYqCO/fa75WCQKDlaLpE3K5cYcx+Cue5+dgE0sy/5zz3afQpgpbvVJa+e0Mq+9D/3JSjuSx1ni9lX/s89z72gR899TBmzeyFgmXubvSVH7k51ibrjc4U17Kesgy3S5LHV7ApbzJazb7MfsZ+zTcyLLQW3trNX2C32MfsO+z5bIgisk33E1rOt7N/sNrvDNrJt7Ag7zH7JZrKX2ApWyI6yWewv7K/sOPsbO8beYP9gRexN9nd2gm1ns9lN9jI7xU6yt1gx+ye7zr7FStgcNpfNY6WsjG1g89lCtoCVswpWxSpZNathV1ktq2d1rIE1sUb2O/YT1sKamZW1smvsBvu9sFr4Puz0NYKbILKHrEtYI/xAWCv8kH3GugVJ0AoyswnrhB8J64UfCxuEn8BT0x12ijpho/BTdpd9KmwSfiZsFl4Vtgg/F7YKvxC2Cb8Utgu/EnYIvxZ2Cr9h99jbwlLh28Iu4bfCbuF3wh7YpHgIvxf2Cp6CF2412AX2gdAfnut/EPYJA2Cjukz4o7Bf+JNwQPizcFAYKPixX7EdwiDYI70mHILXjSHw7PYXXhcOs/vsAbvIPoTdb6AwTAgS/iIcEf4qHBX+JhwT3hCOw2M9GHY4ocLfhRPCm8JJ4S3hFNsrPAVP7xFCGLvELgtvS0ulb0vLpO9Iy6XvSiukl6WV0ivSKul70mrp+9IaMVj6gbSWbZZ+KK2TfiStl34sbZB+Im2Ufiptkn4mbZZedStxmyttkX4ubZV+IW2Tfiltl34l7ZB+Le2UfiPtcit1myf9Vtot/U7aI/1e2iv9Qdon/VHaL/1JOiD9WToovSYdkl6XDkt/kY5If5WOSn+TjklvSMelv0sn3LrcPnPrdrOJTBRELmpEN1EUJVEryqIiuouq9KZ0UnpLels6Lb0jnZHelc5K56RO6T3pvPS+dEH6QLoofShdki5LV6R/SFdhvl+Trks3pH9JN4XTwjvCGeFd4axwTvXWemn7ab21/bU+2gFaX+1ArZ92kPYJ7RDtUK2/NkAbqB2mDVL7qz7qANVTPa++r15QP1Avqh+ql9TL6hX1H7o7uk90d3Wf6u7p7use6B7qunSf6bp1Nj3TC9ontcHaEG2o9intcO0IbZh2pBii+qoDtVZtq7ZN267t0C7SLtZ+U7tE+y3tUu23tcu039Eu135Xu0L7snal9hXtKu332Gn2vnY1O6P9vnaN9gewgv0QVrIfaddrf6zdoP2JdqP2p9pN7F12lp1j59k77D3tz7Sbta9qt2h/rt2q/YV2m/aX2u3aX2l3aH+t3an9jXaX9reqnzpIHaw+oQ5Rh6r+aoAaqA5Tg9Qn1WA1RA1Vn1KHu610e0We7FYvPy/HywmyQU50q5SNskk2y0lyspwip8ovyGlyupwhZ8oWOUueIk+Vs+Vpco48Xc6VX5Tz5Hy5wO176gg1TB2phqtPq6PU0WqEelX9p3pNva7eUMeokepY+Tvycvm78gr5ZXml/Iq8Sv6evFr+vrxG/oG8Vv6hvE7+sZ7rNXo35i98JNwSPhY6hdvCv4U7wl3hU+GecF94ANu9h/C++ZnQDdtKG+wYBM65hrtxkUtcy2WucHfhaa5yHddzD+7JvXg/7s37cx9hFB/AfeEVPoIP5H58EB/Mn+BD+FDuzwNgz7YM9h5Bwhghkj8pjOXBPISH8qf4cD6Ch/GR6jj1GfWsek7tVP+l3lQ/Um/Jf+Hh/Gk+io/mEXwMj+Rj+Tj+DI/i4+Uj8l95PW/gjbyJN/MWbuWtvI238w6+SD7KF/Nvyn+Tj8lvyMflv8sn5Dflk/Jb8in5bfm0/I58Rn5XPiufkzvl9+Tz8vvyBfkD+aL8oXxJvixfkf8hX5WvydflG/K/5JvyR/It+WP5tv45+d/yHfkT+a78qXxPvi8/4Ev4t0QvsZ/8UO4SvcX+8mdyt+gjDhB9xYGyTWGKoHDRTxykaBQ3RVQkRavIiqK4K6qigz3WE+IQ2KP6iwGKXvFQPBUvMVAcJgaJTyr9FG+lv+KjDFB8lYGKnzJIGaw8oQxRhir+SoASqAxTgpQn9aISooQqTynDlRFKmDJSCReDxRDlaWWUMlqJUMYokcpYZZzyjBKljFeilQlKjBgqPqVMVGKVZ5VJyjeUOOU5ZbLyvBKvJCgG9WP1tpKoGPWSXquX9YreXa8qJsWsJCnJSoqSqrygpCnpSoaSqViULGWKMlXJ1uvgzdRD76lMU3KU6Uqu8qKSp+QrBcoMZabyklKozFKKlNlKsTJH/bdSosxVSpV5SpkyX1mgLFTKlQqlUqlSqvl3+HL+Xb6Cv8xX8lf4Kv49vlq9w7/P1/Af8LX8h3wd/xFfz3+s1KifqHfVT9V7/Ia6Wf2Z+qq6Rf25ulX9hbpNHKve5zf5R5pWTbtmkeabmm9pvqP5ruYVzfc0P9D8CN4Kfqb5ueYXml9qfqX5tea3mt9r/qj5s+Z1zV81b/Bbmjc1b2ve1byn+UBzWfNPzb80H2k+5h/z2/zf/A7/hN/ln/J7YrQ4QYxRf6luV3+lPlAfql3qZ2q3auP3+QP+kHfxz3g3t2mYRtBwjUbjxm9oRHG4GC5OFGPFSWIc3D1ZjBcNolE0i6lihjhFzNEEiHniTLFILBHLxHKxWvOUWC82i1axDXZIi8Ul4lJxmbhcXCGuFFfBbmmNuFZcpxkprhc3iJvELeI2cYe4S9wt7hX/IP5JfA3edf4m/l18U/O0+Jb4jnhOfF/8UDNG/Id4XfxI/Lf4qfhQtMGbkBZ29J5SP6m/NFBzXRokDYX3okDY3wdJwVKoNFwKk8KlUVKE5hkpUhonRcM70yTY+0+W4jWylCAZpETJKJkks5QkJUspUqr0gpQmpUsZUqZkkbKkKdJUKVuaJuXAlenqr9XfOP2jcdeoGp3dP1KuVCAVSsXSHPV3OkEn6hSdXtdPN0A3SDdUN0wXontKN0I3UjdaN1Y3XjdR9w3d87pEXZLuBV2mbqpuui5f95Jutm6Obq76nn6g3k94TzgvvC9cED4QLio2d+YuuHN3jbubu+guuWvdZXfF3d1ddde569093D3dvdz7uXu793f3ET4ULrnddfvU7Z7bfbcHbg/V4+rf1RPqm+pJ9S31lPq2elp9Rz2jvsuv8n/ya/y6+jr7NdvJl0qvC+PYb9lu9ppwmf2G7WKH1MOsjf2ZfVOTCm+iGfBGla6+w14XviMsV/+iydJM0UzVZGsyNRb3bnebytgnwj9UQeXCeFWjuvEDbs1snwoPXVWreqn9dG/ojuv+rjvBfsD+xQ6yn7GVwjfYd4XnhGrhZWGl8IpQw/YIjaqiH6IfqvfXB+gD9cP0Qfon9cH6EH2o/in9cL1Rb9Kb9Un6Efow/Uh9uP5p/Sj9aH2EPk2frs/QZ+ot+jH6SH2WPlmfok/VvyBVSlVSDT+s/l7dq/5B3af+Ud2v/kk9oP6Z/4Uf4X/lR/nf+DH+Bj/O/85P8Df5Sf4WP8/f5xf4B/wi/5Bf4pf5Ff4PiPNnIa4zRYuYpQnQBGqGaYIgul8SC8VZEPEviGliOsR7vlggzoA5kCQmiykQtYfE18XDELnHxDfE4zALKsRKsQrmw3xxgbhQ85RmuGaEJgzmRYPYKDbBnPgWzIxvwsz4NsyUFs1ITTjMj5c1T2tGaUZrIjRjNJGasZpxEO93xE/EuxD7N8R/iTch4r0g5r2xTYh4f6kEon6uVKq5rrkGcgMi/DmI8edhzlwQPxAvwjwYAbPhKZgNI0WDFCGNgdkRAjPjaZgPE6VY6VnNM5oozb81d+DtRuolMuARyRjvs4+Hixo3UdLKiruq03t4evXz7u8zwHeg36DBTwwZ6h8QOCzoyeCQ0KeGjwgbGf70qNERYyLHjnsmanz0hJiJsc9O+kbcc5Ofj08wJBpN5qTklNQX0tIzMi1ZU6ZmT8uZnvtiXn7BDDbzpcJZRbOL55TMLZ1XNn/BwvKKyqrqmtq6+obGpuYWa2tbe8eixd9c8q2l3172neXfXfHyyldWfW/199f8YC1b96P1P97wk40/3fSzza9u+fnWX2i2/XL7r3b8eudvdv129+/2/H7vH/b9cf+fDvyZvXbo9cN/OfLXo3879sbxv59gb55869Tbp99h75491/ne+fe/5ma+5ma+5ma+5ma+5ma+5ma+5ma+5ma+5ma+5ma+5ma+5ma+5ma+5ma+5ma+5mb+/+Jm7OyLTwETNC/pGFPkDNi5B9u+Czjedg5wAmEMYaxtF0yBj/GqcJ/wISIXCBUsw92xDPcE9GE+gMFMA1eDobahgBO67wHG2HIBY23xgNNsxYA5pOcS7oaSI5gnlBnB+hEGQ5nRUM8uwPFQZjRYhRhD+bG2sYC50MpouDeejaWSY6GGoYD9CIMh/xm4dxHgBKjzGbj3u4CxhLm27Ww83HUO0BPqHM+8oPx4uBf1oba1gP5QcjzUkwsYSSXjbQsBDYRGwmTbHsAM0rNIn0J6Nuk5pOcCTqC2JjBP8MYEamsC60f6UGhxArSFGEw58WD/BKgfMRnsn8AyKD+L9GzCXLgaQ3XGgP3xgF5gbQzYj/pQ8EYM1IkYTCXjoRcxUCdiMvQ9BmxGPYv0bMJcqDmWPBlLdsZCnUMB+5E+FGqOhToRgyk/HkYhFupETIbWY6FO1DOpjIXKZBNOg3wTM4G1JliHFrIssHk7oJftHcB+cG8WM8PVLLiazKbB1QbAfoA5pOeQnkt6Lum/Zb8Fj+0GaxGnQA272VSoYTfEQzF7jT8NLb7GowiTCdO7WwAtoB+iq4fo6iG6eoiuHsKrwkhoxR2wH6JwjyUD3u9+DXeXNg9hJBdQ54Nte2CXed+2HvCh7Q0hHGYE6DAX1gJ6Aj5NV5+GnCJAT8CPcV7AzjXctg3waUQuEiq2AED37r8CehL62ioAISoAg0H/hGr7hNr6hNr6hNr6hNq6C3WaAZ+2DQQcBb24K4y2TQEcY3sCcCzl3O/eAfjQxoS70AvQoXW4i+sJvbAM9wYL7/L+hH6EgwmfsOUBDiUMpJJPUf4I0D8lS+5T7+6D/wNgN459vE99vE99vE99vE99vE99vE99vE99vE99fEg1PITy5wAVzIGaJwN62iZzBnVWAD5NOMq2C3A04RjCsYhwL1yFezcDelHOQMJBhAGEoYQjAQVo8W9cQGvhbUEkBDsBwU5AsJOL6HlA8Dy8SQioY38BwfNcC9ESANgPEUoaAB/aCuB9QwBdFmDd4ArOU0BYZwC9IF/BdQZwqG0doD8i2ABloHeIo6AXCvQOMYJwDOFYQohJwPu2XMCHNgu81wi2JwFFvBdGE9ELS/J+hL5gpwKjuQsQ4hZwKOn+pAdSmWDSQyh/OOEIyg8D3R3XBEDP7geAXtBTd7CfAw6FvriD/YAYgfh+ZRsICBEICBEICBEIOJZyIAIBIQK5O0YgoIh3YQQCemEZjEDA/oS+tjGAfqQPJoQ4BBxKGEjln6J8iEN4swu17QccCagDG5oARxOOIRyLCK0gDgIv6aAG1EMJRxCOBNTT+OppfD2p757UO0/oHSL2zpN650m986TeeVLvPKl3ntQ7T+qdJ/XOk3rnSb3zpN55Ur88qV+e1C9P6pcn9cuT+uVJ/fKFGHiPD4R2dwOOJhxDGGkrARyLOtSP6G3bAehLuh/pg0gfbPsm4BO21wH9KScQ+jUQ+o76CMKRgE9AKzcBR9veAhxDOBZzoH7EAMyBexGDCEMpfwTpI0EfAjYg+oCHh4ANqA+2/QPwCdL9be8CPklXhxOGAQbQjA6gGR1AMzqAZnQAzeIAmsUBNH8DyPIAaB1xBGAw3PsW4GjCMYRjEeFexEDCIMJQwhGEIwFHQVRfBuxH+HNbC+BWmOmj2E7AcbCareXPEMYAJvMY/hzkx3Aj5vAkwmTKTyFMhRpi4GnyV8CpVDLHdhlwum0NYD7lFJM+l/RSqmEeYZltJ5/IY6D8RD6J9DgoM5EnEBpttwGTCJOpTArM2YnQ4geAL1CZdKhnIjzF8N5ptn2AeZQ/i8rPAz0W6m8BxPpjqf5YqB91rDMW6swBfIHysbZYqO0VwGmk51H+PCo5n3Ah5DwLK9sgwH6E6MNnyYfPkg+fhRaHAU4C/zzLn2NjARNsRYAGqOFZ6BeWSSJ9GuXnUE4uWPUstIg5+bZCwJmUM4tyikifTVhMNZdgu2Ab5lSRXk1YC5Y/y+vgrknU+iSewgYBTiU9n/QZoH8Drg4CTABL4miU48i2OLANMRnmYBz450NAi+0GYA7lT4f648DCNYDFhPNgPX8O+tsOGAe1PQd1bgZMgfLPgVd3Ak4jzKMcHJ14aiue2oqHku8ApsJd8VAer04F2+IpluKhrZ2AM0gvhtbjKZbiIZYwfx70NJ7XwNUEqAFxOmE+RE4ClH8DECPBQFcNkI9YTDn2/IVQjxFGbS3gJEKMEyP0AvUksMQIFn4HMJX0F+B5ZwQ7scw02zzAPKjTDFHBAPsRDoVnlpn5E24Fb5t5DDxNzFB/EWAcRLKZ/G+m2DBzI+lJhMmE6D0z2Pwe4Au2+YDTYHzN0NZOQOyFmXph5jVUfx3kJ1EvkqgXSTSPkqCey4AvwHM/iWxOgtHEnOnQShLFQxKfS1hK+fOozELSayA/Gfo1FrAf4c+h5mSI9r/xZGorGdpqAUwgHSM8GUYWMRVWm2Qa92SKnGSIcCyTTzkzKaeQcBblF5FeDN5I5nOoTAnhXMJ5VGY+YQXlVJFeTa3Xko4eSIH1DbEf4VDK8Sf8OcyaFLC8BRDnaQqMSB3gJHjmpkD8XwZMgBmdQmtdCthfDDiV8qdR/nS8F3qB+otYG8/r/gAw3+YOWEA5MwhnEr5E9RSSPovuKiJ9NmEx5cwhvYRwLtUzH/ycwhdQTjlhBWEtYR3clUprWiqtMKkUP6kUP6kwZ98ATIHVIxXGGstMozLo4Rdojr8AvVsDmAQ+eQH6mAyIfXwB7GkBnAc5aTSCaZBzmWfyeVCzBZ4FLdwCtS3iU0ifAjZsAZwET+QpEM+Y8xzUOQXs2Q5oIMQ5PoXm+BSwrQjwBZgvU8C2JwCx3SlQ5yt8KtRjAcR5N5XmxVSopwXQSHoqcwd8ASyfCuVfBsyjkriSZIMlOwFxZmVDDQsBMRqz6d5s8kk23GsATKeSeZRTQFexhhw+i3kDziG9FGI7B/ywBnAh9GI6lZ9OM246jDLqswiLYFWcTivwdBg1xIWElXS1DjCXVrBcWpFyqZ5cqOcOYAHsTHKp9Vyo5z3AYlivciEG8GoplZxn2wtYRmWw5lyqORdqvsxfpGfQi/QMehFqXguIFr4Ida4BLCId14cXyZI8WPMHAeJakc/QM/k8hxDXrny6mg/rAFylFSCfl1HOfLqKT70C6kUBtVJA5Quo/gKw+RygvUwlXJ0BdZ4DLCDEkjPAng8Bi6F3M6D+twHLoL8z4K53ACvBA4UwQ//GC8FjHwBOh9oKaf9QSCt/IT1rCmnlL6SVqhDq+RCwjHIWwt6vkJ4CRVDDbUBcu4rBktcB80nHsSsmnxeDPe8CYn+LqbZiGsdi6C+WWQiWFDtqqIOSJeSlEupLCdVQAjV8AFhK+jxC9EAJeXgu+XYurbFzqfW59MydSyXnkm/nkm/nkgfmUlulMKZFgP0QqYZSareUYrWUWi+l2CuluVnKSyhnLuE8ysHWSylC5tG6PY/W7XmwEmKOPyE+j+ZRZM6jMZ0HrbQA5pNeQDgLnsXzKIrm0SjPIz/Po1gqo0guI0vKKFrK4OodwIW2vwJi6/Op/vlQ/05AHMf5NI7zoTbMmQvjMp/ifD55fj7tBudDDWsBK0nH0VxAva6mZ301XIUxhtZXAxbATrgGbDgHWAQ77RqyoQa8ugMQbaiFkmsAcdxrydpa6lEtjVotla+l8rU0vxaTxxaTxxaDlwbxJZDzDGA/wqFQwxLwISI+TZbA02QnIDxN6Mdf7my1sI+JM8pnzGSBL9WVl7JJs8tnzWWpxbNmlrO80hmVZawESglZGfGBzIcxG2wVmBtTHZrIdHDG6Az/+k1iepdzgWmZR8+5wGSsKdliDGS+jhKcwTu3Q9fAVS/Wb+6s8jJWTFhGWElYj/8XJ2YlXEK4gnA14VbC44QX582dN5fdJexGFCRCD0JfQn/m/PHb55FDyl1SAXrFwHYRUi3Y6w6910G/GFrLvFl/8MsA6NFA5scGscHsCTYE9lL+LIAFPua+L8rj0H+3R1JPqP9x6QhmYbmskJWyStbIOtgytoqtY5vYNraL7WOH2DF2inWyS+wGu8O6BDdBh/8aiBAlxAvJgkXIFcqF1cJ6YbOwXdgt7BcOC8eF01CzzARhKbQuMKFfKtgI6RPRYCmkQ5fY04BSsk4ItI+7MG6xPX0m255G7ban41fZ04Rme2oosqeJZnuauoW5gXOFFyKZhD/nedGNSRBAQn6pvf0ZoWgNpA/s5zNDHWmcI91tTwvXUzm3ot1FR4vOF922n80umF05e8nsdfazYvdi/+LIYoP9bI48Z8iciDnx9vtLJEd6257OPUal5NLNpXtLT5ReKe2a5z1v+LxJlOtZFlwWXZZcVlBWWbakbF3ZjrJDZWfKbsxn833mD58fa7d4ASGko+w1Loiypwu97Gm5wZ5W7LWXqxrlSKMo4oSqMiZ47CUvFbCjMHqcRs4iFAmNwmHO4C20lrfxNXRs5Fv4XjhO8JsaN403YKxmpWaN5rCm082X33SLcDO4JbsdF+NEs1gpNotnxPNSsJQh1UobpWPSRTiuakdpF2i3ykPkSDlWLpGXyYflTvm2EqjUK7vcw9wPuV9TZdVb9VOD1Fx1sbpLPare0UXqLLo8XYduo+6I7oHeTR+lz9Y363fpb3voPCZ5xHukepR6LPdYB7GNXy3wmwV+scDvFbG2XfitAr9U4HcK/EqB3yjwCwV9nxDo+4RC3yfw6wR+m8AvE/hdAr9K4DcJ/CKB3yM09D0Cv0bgtwgt8eL4JQK/Q+BXCPwGgV8g8PuDG13Frw/47QG/PIj05QG/O+BXB/zmgF8cvImxx+8N+AUAvzXglwb8zoBfGfAbA35hwO8L+HUBvy3glwX8roBfFfCbAn5RwO8JHvaawH6qCVL8joBfEfAbAn5BwO8H+PUAvx3glwP8boBfDRx3wl34xQC/F+DXAvxWgKw+fifArwT4jQC/EOD3Afw6gN8GPO29pDaHOtqMpy8C9jvH0rcA/BKA3wHwKwB+A8AvAMj/c+L/kf0Xif1H7h+ZfzPlJuPaY2sgbl8gbt+NuH1k9onXB11E3h5Ze+TskbEnNh8ZWHdi65GrR6b+oc0DWXrkOhmxt8TdInOLvJ4neFxDnK477Ctgh8HciXdGxvpp2zZigZEDRgYY+V9fWwVy1MhQswHEsyPLjhw7MuzIryO7jtw6Mn/I+yHrh5wfMn7I9yHbh1wfMn3I8yHLhxwfMnwjoAcC2gVrtYaiKeArWSJiaTvjC7nutsnIkTMP5MiRIUc2Dbk0ZNKIR0NeHFlxZNOQS0M+HNk05MJHwqhKyIQTD96nVRqtAOS3kd0mbluwGWAtx2gNdIlngyOe1yGfjWw2ctnIZCOPjSw2ctjIYNvHyZZL3DUy19gLZK2Rs0bGGvlqZKuRq0amGnlqZKmRo0aGGvlpZKfDwO4hjph8gLw0stLISSMj/T8eKeSc/9NocWKZR9r2M+S5m5BhRn6Z2GXklpFZRl4ZWWXklEfamuAeZ+T5or0O28z/u1GELDHrhywxcsTIECM/TOwwcsPIDCMvjKwwcsLICCMfjGxwIEXCbuKBR9p2MxVZYORTkU0l/hfZX+R+kUtFJhVZX2RRR9puMoUYX+R7ke1FrheZXuR5keVFjjcMosT9czHpjEWMQ7QgiMZ1F5V8y6X1t4jH7W35LUfLb2Fsdl9G7hZZR+QcHXvP3eDpfsTX4js+8hfI1CJPiywtcrTI0CI/i7ty5GZxR45vVPg+hZws8iuwA2dexMciW4rv4glU221iYZEvRQYW+VfkS5EtReYVeVd8H8C3IngXYB7ETvTWsNNxZ47LXa8Qv4p34VsLvgfBuxPENrzT4huta++ITUWmA7lM5DqQY0JeARlU5E+RW0LuFJlT5E2RNUXOFBlT5EuRLUWuFN8ykCdFxgj5ojpYCUWqFfnRqfRePAjf0iB6kYFIsF1mqsOfbxCHgYwo8qHIhmKryIQiD4p+nAfrgEwcKDKgyH+mUG93EgPm8A/4xlkXMp7IdyLbiVwnjgsyY/iOhBynfVx2ErsJ70FgaSqN3GXiNemNDPxjz82neygH32PAamTmkAO0j8Ba4hWRwUT+EtlL5AGRuYS3S5ihnjaGrCVylshY0vshspXIqCBTafdGEfEpScQIDqLeITeJzCTykshKOu3Ad9A6sMOjx44E6vFlYiGxbWQg8d2Y3ozx7dUeO8Q6wpswWAJvYvgehnwjsY32mlqoN/YIuEwMI3rXHgFryX/IKxaSt9cSo4h8IrKJyCXOJX+uJRaxgqJhrUs07GShyB0ic4i8IbKG+JaHjKE9DrvriCt8jsZ3EM0y5AinUhwOInYQuUFkBpEXRFYQOUFkBJEPRDYQuUBkApEHRBYQOcA5FJ/JxP4h94fMH/J+yPoh51cH80FxzKnknnFIJo8WEss3jWpdy7SOaF1D7B5ye1NpRDD2Yb9BPiuGEReQ04P9x266dxHskFBDPg/ZPOTykMlDHg9ZvN7oLyL2Drk7e59fYe7E22GU2WOkxc5DQj5ydcjUOSNfJZbOHlEL7cy6oxfIzKU75gjyHLMo2pGRQz4O2Tjk4hbCDsqdyhD/RLW+QQwcsQcg+AaP/FgdzAtPxzp32XHHHeLbcIVCrg2ZNuTZSmnO7CWGrffuy/Dm4ViHiFfD9pBTK3JEN9bPiZWAOIe9NfYDuRpkamZQPI+1cyKgO1c2rWPm2ktgLciZIV9UCe0pxJcRW8YGEVOGPBmyZMiRIT9UCU86HfFjyI5Npz694VgrnGv4ZeLDymgW7aA1gxMThvNJRzwYzrYCx0qN/Bdaar9vJ/FeyHohD1VnexfWMmd/7KU/cJSk/th7Tr12zuIZ1OvLLr1+h1rWI6dFjJbTRwVUehCNH7JYJY41YB7N/bE0Ap49838onPmD4JrUO6Ytjii4TDyVc2TKHKMjOaLOviIiy4O8FNarc9Sx08V/O4mLssfCTmKhkINCBqqG5soMnCu0Fi+0FcJIIvuE3BMyT8g7Yf3IIVHkEOPUG52XyWvOErg2a3p6thXqxb38M8guIbeEzJJjxdlJz3XOniYmh+HvzOApHwwHZyPg0LDRcLjBKIyFPcEzcEhsPBxaNoHFQPzGwuGOv0CCXXYWHDo2jeXAWOTib4rot5Fe7DV2iHkLI4WnmY/wsfAxGyh8InzK/IT7wn32hPBQeMiG4G/K2VAucpEFcC3Xs0DuyT3ZU9yXD2TD8TfjLAy/UrNwHsyDGf4GfBQbhb/+ZqPxyzEbw+O5gU3gRpjtsdzM09izPJNbWDyfwrOZgeeAd028kBeydA5PbJbBi3kxy+QlfAGz8Gpey6bzxXwxy+NL+BKWzwQlVmkDH+jYeTaOsZJqkEYmzPWDtA1kCej+jC0sAH05XWMlq0DWgmwA2QyyDWQnyB6Q/VA+GNJDIEcdcsKRnnZIJ8hFh6B+Fe4Jg/Sm47yTCUW59nRuBKR3HPKAsbkwdHMlyI+CVAfibb+HdLsIC7c4dT5w9tXiW8WXiruKvWeFkYTN8SCJmpVqlzmBJDmzIkii5oSizCqdFYZSnOqQqDn1xefnWGffLL47+05x1+wHxXeLGdS7a04liTSHF+vmyFQuao61OGL2aRIJyulc2599giQC9I0gfg5xlvcHHWSWZfZplF47ZzGHOO0mO4tjQSdBHcQ4J5ok1SFR2CeQWId4z4knKYKyKM7zUtBLe87NPfWj7nJeeOc/S7ERbCkCaS7sLO4AqQW9HGQp6CjrCi+SbIS+oTTPSSNxnu+COna5+N/R7x5/HJ5TbJfCmyTHZvmTOP13En0MsoXGOrf4DIwNimP8IF0M6eKecbDHhE/xFrh3i90e59j2jLFzbJ1j6azTOfbOuoOhLpBZBWBrwReMZd8Y/LKxf/z9g0n6jv1k0ElQx/HqiR1/hzhjJ5zkseXnRJJYIH4sjngiKbxKYnGIM8aMcyaROMv3lQKIuwKXGIz6EnGWm+yYk84YLYe+o/TEMOhFLucYLyjeEF/es6J6Y/jR855YtUBfU0FWwD2rQZyxibJllh9JT7yCvtHlfDuMB0pP+TlTSPped8a3U2Lt8f25dSYHzlEOgI6yF/S9ZGMYyS6IZZBZpXPWoPT0rXd9sp87y0ehQLymzooloetYFu5Ndbm/t7x9fXHa/aXnc2aizLLMmYICc7CDJALXNppX/iTBDjk2Zz2JI9bnrJzlj+ISw4EkuC6iOOcxinO+9Z13Tol1SN/8HIf0zn3n2my3sXf+2tcEZ3oe+nl+ljf1F9PPxdespSQOH85Z5lzjoP8oh+eUwfxMKz7Z6+fZF4uvFdfCXEBxxncEjGmEY067Phsc835B5+wTKL3XF1wk6Vk3QI9wPe/xvbP8VZK+60zfdcM57yeD/0EWBi8MQyk2Lowgcc7LPs+Knn7DnFxwE+QO6LDeL3gwK2wh+/x571wBG1H6zh2HrxZCnC6M6o3phbFwHtt73jMHOuA5gNIMzwGUwwsn22WWRHIMxg7F4ZeFxln+JNLs0yjO2Fyog3Ndb4z3rLfOPUHfZ6ej/7BrUvnH/B5jGm+NN5M1iZokpojjxHHMQ4wWJzJPKUFKYv2lVCmTDca/E2KB0jRpOgtSt6g7WIj6QLWxUVCLN/+I34JaAjRBjGue0kQwSTNWE8W8NK2aO8wH/6aKLRFjxbfYd8S3xbeFEPEdaaIQKk2Snhe+LeVKs4WXpTnSHOFH+PcdwnqpXKoQNqiKqggb1V+ru4SfqrvV3wmv6gRdmfBzJgi3eFTvjq+gA2QpfdFiBStAVoMeztjsMtDX0TVWsBEEdlUF20F2gewFOQByGOQYlI+E9CTIGYecd6SXHHIN5JZDUL8L90RD2uU4v8aE3BJ7OmMSYzO4Q2QQDxDYq8+Ih3QwSKD9HtLtIsze3aMPYOH4twoslWWzmayUVTMrW8pWsfVsC9vJ9rHD7AQ7y26wbkFmmoIlBY0FywvaCla9uIfxgkkF8dPH5T0AbVxBzPSwfNisF4QVROSV5V0BLbAgNK8w7yZovgVDCoJyjoKmK/Au8Mu7ABovkAs88vYznn8vv7vALe8w5LH8O/kP8rZC3t38a/m38naCdiP/Qv6VvNWgXcw/nd+Ztx60M/nH8k/mwS48/3j+wfwjeUtB25l/NH9/nhW0LfkH8nflVTM3qPlG/tnpe6GG2/lXXnSHnBv5W0HfAVd2v5idEwOl6/Ot+YvzYHzzF+RX5zfmTfpfi1JR06JpgVo+0XQxQWqWFjFFPaa+wfrpbuv+zfpDXPkJbfBOpWP7YQxYHgrERR6MM1jBZvlCGu/IM4OkgUwBgZ1+3kyQYhCIubxKkHoQq0MWO9JlDlkJssYhqK8H2eTQnbLVITtAIDby9oEcBDniuH7wcxI+vZqOxsKS6dWFC6a3TV8yvdEh1SDLp6+CYy2kywE3gKylM9QRVzkOvA4501ILr8Jxc5oFPNcP/7KSMfzLSnjv/RTGwo3GQqKx0NJY6PCvLZlenNgzIl4wIulsoJQJ4/IEjcsQKUfKYf4wLttYgLodRicYRqeLPYV/lcnC/g+2JLA4VkljPQrejVkuvMnlXgWBN7hceFPLhrUkF97WXoS3tZfKmZxjzkmbuhJwSs6UqTdeWoPf8vm/+b/B0rsc1gIxRoTYlTKkDKaB2JvG3KTpEIGi+kv1l0xSP1M/g/fw/8k9gvfN/vi3aTphP6wFrALGvgLi5qXzJHyWF5xD/FRA/FRAvFRAvFRAvFRAvBRCjFZAbFRAzBTG26XiuCMfy53qEaHBn/GpzXaBOOezhkD+WUiDevMfJ7OGg4z6CuXGgUCPZ8XROdlFcsFhG9oC69RLsC5POfrIvfZyN2BM3OB+gyPv9n8vuV5Ud4846624x3hrF+NtvKfP6Nfe9rvBxmgSOi8Mf6zQdWgHUv5eeUZduXVKeXZdrTW3PK+u2TqzvLCuw1pcXlK31FpWvqBuhbUS8ldDfl7dOmt9VlHdRqu1vLpui3VxeWPdduuy8ra6XdaV5Uvq9lrXlC+vO2BdDyU7oPyCusN0b4d1E9R/DEquqjtp3Qr6GWhrbd15KLOh7pJ1R/nmumvW3VDylrUe8Dzgtrq71n3lO+u6rAfL99Rz65GsdfWy9Xj5/noP66nyQ/U+1rPlR6Fda/mJ+sHWC+Wn6wOtV8o760OtN8ov1odbb5dfrY+03nPk3KyPhlbu1E+CnBOAxwHj4a4T9WbAB/Vp1u4KVj+l1a1Cqs9tdYf6zVD/ifqZ1isVuvpi6/oK7/qyVq8Kv/rKVt8K//r61iEVwfVW6xQ7ot/mnakIQ49VRNQvhvJR9cusMyti61cCltcfsR58BGvrj/dgOSL2rnV4RXP9KevZR7CDcGn9WesNwAuEZ1tHVaygnNX1V6z3KtYBHn8EN9bfILwN2Fx/j2rrxQ7CLfXdreMqJtevaQ0qzyNrtze4tcZAr6GGqqCGO62HKoz166GPqdRTe48ONwxpNZTfbAhqTa7Y1eAO3oiCPtZDSSwTVr8JPGDXLfVbQbfn5NTvsFodWODQdwMW1e+DOl2xtP5gHzzWMBxG0B5jNJoVJxtGWbdWnGkYB+N1viHGWpmV2hDXOsQet45+FcG99RV7ycIDDV75kN/g2xpXcanB0JpR0dyQbL1Qca0hA+IHYrI1G0e/tK2iqCEbWryFkVZxl/SuhjzrEXvUVXLsV6WMI4izZt5hjM95RZUeYHlx+f6GQojMnrnTmodRmrXU7oFKHxzHysHYi8rAhhLsUcMC7FFDdW/vsoOhd5cwfipDcWQrw0mPpFEuIv/T+FZGNzRal1XKDW3W7spJpMeTbkbPVKahZ3CWtRZSPJeAl5ZYcyunNCxvda/MRa9WzqQYKKX4pKioLAZP7qu4hZ6sLEOvVlaSXt+wqnVBpbVhbWt15eKGDa2NlcvIDyvRD5Vr0Evg/zywaj3qlZtI30qjX9uwGVoJI72cItlCc6SW9LsNBmydxiKK9A7UcbWZd6ZyR8M2yC9q2Gmtr9zdsMd6pSC7YX/+lMp9Db75y+xRBPEAs6DyIEWUfUZQXEE+zBRcqcr2YcxMm1l5pOGQdXHl8YajsDLAqtXahutD2eDKUw0n8mkFa11iL4krWOtyXCvKBjtWM9BbV1WerV/WurbyAs0vGovKK6jjyga1wRrSuqHyBvn/Nvq/8l7D6dbNld0Nna3baI7MtM+7KjcX3b3X/7gezjuDK0/rziqvhovW3VW+DVdhJemN5D1VQxputu6vkfFqjQderfEhfTDpgaSHut7V3NbqW57X8ABW2hONDKxd27gX9EONB6BFiOH2xRjD7cscM51WJ3v01oTX+7SvrIms39S+xrEW2Wd0B40p+bkm2unneVvIe4trJtV1tK/HNbZ9k2NGU8Ri7yCfegdtHezpNaz27Vsd66qLzY5Vxb7CkG0wg3DlzOkd91rf3vprh2CdtUFYZ0Fyo9R6tOp049228ootjbrWcVXDG71bT1SNetG39XTVuEY/yBnV6N962nE1pjG4NaYqrjGstbPK0BjRerEguzHKWlyV3BjbehVKTqa7jFAyozG19WZBBo5sVXajpfVOxYHGnNYHVXmNBW2sqrCxqE2qKmksbdOVdzaWW29ULWisbfMGe5rzp1RVN3bkL6tqbFza5lfV1riizb9qSePqtmBoq6gtrGp547rWOIflqxo3tkVUrW3c0hZVtaFxe1ss3LsL1i5Yx9om1w6vO9mxwf60qtrceLjNWLWt8VhbatXOhs42S0EGWLu5ak/jydZtqLflVO1vPGOdCTWfh5oPNV5qK6g62nitrcj+hLU/y6pONN5qK3XguJbg1nHVfi1hbeVoVcfm2lEtER3base1RHXsrI1pie3YUxvXMrljf62hxdhxqDa5JbXjaG1Gi6XjRG025J+uzWvJ6ei0P6NrC1sKOi7WlrQUwZPFvoug53XtggZDx9XaIJr7Yc2brctqq5u3wdMZdgvtW+3xAzNlGcTGxvor7ZtqG+vuth3ISq2vb5dr23AW1y5pKe24Wbu8pRysWtVS23EH68R4wDpr19Zdaz1Ru6GlueMBxHDPimp/NtVupliyP6fsT2Rao2q3YZxD+a09Me+ynrjGfO3O3hXAdWWu3YOrce1+Wo1pla49hLpjpS2nlTbcZda7rNK1R1s6FrHaEy1LF0mu617t6ZYVi3S1nS2rF3lXVbesax2HY7fID8dukT/sQHB2bKo/sigYZ277PcdzJ4pmRwdYddZ1NlV1NnbByF5s4m21gDIgRtc4Rz5hxZYmj9a4qqtNPpBP86jqZtPg1jtVd5oC25od+KAptK2jmjWFty2tlpoiYRZAedpTwfhW65qi21ZUezdNaltd7dcU31ZeearJDHVW4z4NsTWu2r8prc2vOrhpitVaHdaUC/OisWnmI2ipjmgqbltXHdVU1raRcAvu5QBpTbZjdWxTZdv2quVN9RC3k5usbbuqjU2L2/ZWpzYtaztQbWmKbDtcndO0EtDStKbtWHVB0/q2kz24qe1MdVHT1rbz1aVNO9ouAe5uu4Tzq+1adXnTvrZbDqxtOth216E3Nx1p87OPGvTrOLTr3XSqrau6o+lsO69e2nQhf1n1iqYr+VOqVzfdAH1d023YPfpj9BJ6uOhy9came/mVgN2IzW44Cs3u7T72XXT1lmav9sEOP29v9m0PLFjVPKQ9tHpXc1B7OLQ+CTy5t3l4e2TV0eZRoDvqITzQPK49uvpwc0z7JNDj2uOrjzUb2s3VJ5uT29OqzzRntE+pPt+c3Z5bfak5r31m9bXmwvbi6lvNJe1l1XebF7RX4jOitZqeETtq4pthFwHPTW49VWOuq23fjTvz9pX47tC+j/SDNWm4F6qZQrv0xrqOsvU1ufUe7UdwX9ROu/f2UzUzQT+LeuuqmmLQL8C9Hu1XKHpv1JTBc+e2ayRXljUvt1bWVDavslqr3JrXQlRvdOwZYI7U1OMcwXcTWDfgLaC925Fvbd5gz4enKuR3uKHe4U5vChdc9wY1i3H9qVlG6w/sDcDmlfWRrTtJ34p6hxfuEDp8Hc+4Nc07O3xr1jfvmbaY8odgfkcQ6cNJH1WzqXm/dU3N1uZD1h01O0jfjTq+JXWMq9lXH90RU3OQ3hRoD487jbI0jOeOONQ7DKi3nyI92R7nFeebj1orK9Y1n7BeAJ+gvhH1mnhcZ2qO4DqDu5Gy9bgb6cggfSvp2TXHm0/jzqS5E3aGsOPtyMMI7yisOdV80bq15mzzVdixmEm/gDqW78jD8lAmHt/Xaq4034Q3I1ivOkow8svwnfFM+z7UOxa4rmP0rN9qf9b37mqylqLeQe9WHdU1N5rvWHeA/Q9gjOAdcN55fNtq76653buHwbfCjkZ8/ypLq4hqYTCm91okmEd2vbtF19EGKxvuGXbhnqHWrXcHiytkxxKcXx3LSV+FelYBRcLaWvcW71b3msEtfuD/dbTHoKdArVeLf+v+RYcXnVx0rC6sWrdoNaL1dsWWlo2wdjW2bGmzVC1v2d4aV3uxZdeisOqu5ur2+hre3Nhurb3asndRRO3NlgOLosozWg4viq2903Js0eSs2JaT7ZscO/zsljOLjOj5Raloz7TK2gct5xdZ7G+4jndb+1vto2+s8c631DrWcunRd1XHE5z2D3VSy7VFOXW6llutN+u8W+4uKrCvqxXHWrrgLYPqqfa28rauOj+rvKiI5uwV+0zEdheVOt6mYW8MORTJaMmicsd622PJolrXFZLelC/gO/KiZvuahivGog77+7V9XcK53FGNz45FS+1oz7G3UudfL7f71AVbPRatsEcIPjUgJ8Lqs2idg50gxqAuqq580UY7O1EXax0MMWbnIuitv26yNXDRljqjNRRatHMO5Dc7q2DfZ9YVWeMX7XV9o3Todr4C7lq0vS7VGj6vqM5ijSy9WZdjjW4fXFdgnbRoF+PMy63SrZIxt3q3eibgv7vIuNv33L7H3OTJcjYT5Rw5jw2RZ8gvsWFykbyABcvVciMbLbfI32ZR8gp5HXte/ki+zdLUEWoEs6j/VK+zXN1rusMsX++l92MvQRuRLJg9yxiLZy+ywWwma2Xj2LfgsLAV7GWWxTawn7CpbDMc09g2toPlsN+zvSyfHWZvsxnsArvMFrJ/sBusht1lNtYkcCGMfVNYKixjO4TVwtvsN8J7wiX2b7cSt3nsodsmt1eZzW2f258Fjdsxt7cExe2q23Whn9tdUSMMwH/7T3hSWirtE0Lw3wAVsqXXpNeEHOmI9KYwXXpHKwmztIp2oPA9/Pc3hU3aYdoWYbPSoizmovItZSXXK99X1vKByo+UbfwJ5VfKUT5SeUs5yxOV95S7/AXlobsPn4NfUni76qF68g7VWx3IF6vn1X/wZbr5uh/x1bo7eoG/rh+sH8zf0g/RB/FT+hH6EfycPlwfzjuZAH4pIabUH/9mJqXQISWMJS5ng1PyUgpTSlIWpFSnNKa0pSxJWZ6yKmVtyoaUzSnbUnam7EnZn3Io5WjKiZTTKZ0pF1OuQplt+DdYNLZMfl5+nnHZLJvpb9W8eTgPZ4xH82gm8Bgewzj/Bv8G0/DJ/HnmRr8ZkngKT2FansWzmMyn8hym8Hyez/R8Jn+JedCvhbz4PPwrR17Fq6DOGl7P+tNvhgaCv4OZn/Sm9CYbBH06w85Tz7zxL9OMR9lM4wMTM0kmncnb5GfyNwWbwkwRpihTrGmyyQi5qSaLKcdUYCoylZrKTbWmZlOHaanxqGmFabVpnfGEaaNpi2m78bRpl2mv6YDpsOmYsdN00nTGdN50yXTNeNF0y3TX1GW8aubGoy7HCcdx2nF09hwX7YdZNt40exjvmH1Aos2DzYHmUHO4OdI8yRxvNpvLzGnmKcZOcy6UnGkuxr9x0v4MvOn7SJzPYWUQ5wsgamNYHcT8ZIrzJIjvHSwFIvz3LBXi+232ArsGRxr5KF37pDaEZWif0j7FsrQjtSPZFO3T2lFsqjZCG8GmaaO0USxHG6ONYdO1sdpYlqtN1BrZi9rp2lyWr83T5sF8Edg6mEno5SAmMmbwAPFxyGCQQBZr8DL4GoYYggzDDaMM4wwxhjiDwZBsyDBkG/Igv9BQYlhgqIarjYY2wxIotxz0VYa1hg2GzYZthp2GPYb9hkOGo4YThtOGTsNFw1XDTcMdw4NEligl6hK9E/0S/RODE8MSjYmTIS/MsDYxIjEqMRb/HkxeKFfRX/25P+KtOjjGsb/D8Qz7EI4omPWX2Xh2FY5obZo2jU3QZmmzWIy2UFvIJjIBZpE7fZMMY1rG0swgaUzIDIV0CkguE+LKQUo1kWnxmR5p5kwfEtTTMgenTckMJB0lNzM0bWZmeM+14szInmvOcngv6njdea0sM7pHx/zKzElp9Znxj6RYN+oo1kwziVNfnJnWc80pTluc5VCwfqeOdS6D82UOm7Bd5zkKXv+q4rTH1a6vKk4foQ3OPFc7nNed9mPeSoetmKKsgb66iuv9roK2YT8xXQ9jgP5Z6fC3s41ljhTHyPUc/TnFcQ/aivdscqRO25z1OH27NXPKI2O60iV12rIjM5fS3Zkze9rqm2I72L4zddru7AvWty+z+HP3rezT7sHMsrQjmZVpxzPre+zc1KcvX2Srsz+udbv665TLOdqHNjnTNX3OnTHpGovOfjjzzmZa0y5kLn5k3DE1P6b/X2ST67lzfjnz4Z6MMHte3/SRe69kLksfl3k2PSbzwiPj+iVpRsRXu/5IuZWP8ft/SOl+53lfP8c/Jpa+KD3V5xz6/dg03iV1qScjyu6nL0v/o12u/fiieHPOtRuZK9NuZ64h3Zk612XnHLyXub7nWnfmJoyVdLfMra7rdbp75o50r8zd5LP43thI983clz4k86Br/KUHZR5JH555PH1U5qme9cGxHqTHZV6h+eu6vmB7hswbdG9y5u2eOAf70jMy76GQ31ItJ9KzM7tJt1hOZ+RYOjFeMwosFzOKLFczSi03M8otd/Cc1nm4P2MyrInOZ9AXjWXfsamFthzrdEZzbxs91zssDzKWZrHPjcXjYnNNn7n9ZetV3+sOH2WsyJIyVmfpnHajbzPWZXm7+qrHhrTHrEPozzyLG0rPc80ZJ87rhRb39BKLF8kCi296tWWI6/M0vdES9Mjz1uU5m95mGd73+Za+xDKKxsIpznqWW8ZRusoSk77WEpe+wWKgdh4j6ZstySi0ljnztlkyeuaw41mavtOSnb7Hkue6pqXvtxRS3w5ZSh77XMbYO2pZgP3FPqafsFT31Hna0ujqr/ROS1v6RcuS9KuW5ek3LavS71jWpj+wbMhgls0ZkmVbhs6yM8PbsifDz7L/kWeHc+65ps5nSd91+HFp3/hK65M683HdX/MF8fS4Z1HfZxLcmxHriNcvKufyPKVyLnOZ4hXnHYy3M6W9CaZf1s//tNZiut6x13Cmznlj7jOP+j7/nPsROM8wPpr27G2sn+/H5563X9Vex/WeZ2Xf5+rj9h99x9O5b43vncPo7/mH5h/93N4W29uY5ZfhbzmUEWw5mrElyz9je1bwI3tGrBcF+4x17coKe2Qf7Lo/ds4/5z7EYU/G3qwIfE5kHMiK6pn3mH84Kxbnn+v9GceyJn/h3ttRb8bJLCPde8ZlfrmsT861qGfvjDafz0rt8cWlLItzfc+4lpXT4zeHzRm3sgoe2Q85/JjJs8ofGWOMD+czEe+7m1WU0ZVVim/x8nfk7zKmjlHHMo16Q73BJMgN/T/Lr4gaZiMeJZ94lBnSAek1YRUxKGuIQdlIDMpJYlA+IAblQ6XF3YdPJl7kDPEi7xIvco54kQ+IF7mOvIhmMPIimuHIi2hGIC+iiUBeRDMG3mg3sa297EFMLDPGWGJyYgpiimJKY8pjaqOvxDTHdMQsjVkRszpmXUxszEaQLTHbY3bFGGP2xhyIvgIlDsccizkZcybmfMylmGsxt2LuxnRN5BPliR4TfSYOjpk8MXBi6MTwiZETo2NSJ06aGD/RPDFtwqGYyXSkwhFLh5EOPJtMgjoIMgHyNPz9ZJ9323oYkSbWAm+12+GYQO+5MexNdhLeZE/B8Sz+f3PYJLcTbm+xOOSr4E6BZbO83v5G3GFBzp5CP4sgLQIN+4s52Gfs9Ubo8UZHr6HP0N+N0OPDcDRDqdqYjWRjIdg4kP6WjUH0hELecDg4vEuHMQ0Lh8ONjWKjmcjGsEh4v36GRTMFbIpnemaAw4MZ4fBkZji8WDIc/VgqewEsTWcZzAdiLpv5sko4BrNqOJ5gzXAMYVY4hrJjcPjT/0UpQPAQPNgwJki1UnNvX8f4aiITDiYcSTiecCrhbER0woWEKxErI1Ym3Ei4nXAPrnRHRBvcDO5j4gxeCd3IZSQc7GUzxsSNiRmTbYhLODJhk8GQcASZjYQjY/KI3bBzG74Rtw3VEfeQ34DaDhqWJJzFWqGuUb3H6ANQDx0TNk3YNGacYRXW4jygVeexHO5bOyYvMRjrglruGbZBzUGgnyU5i7aT/d29x4RNCbfHjIMelIDdbQmnDBugB43Qr80JFwxxESuRZUk4bohBGRMHNo5CziXhFOinkHlJODsmJuG2ITnhNtYEgv5C6Qbb3KGfIFQ7MjRehgXoJ/IVtIYS0W2IM1zEep2tUI1OARtQDFchvQK1gkSsnLAJ7ErGFPke0A0JN5D1GWMYfT7hYKJkuJiow/btNiR6U/teEVZn2yjIDRmGGKqpt5GkOQVy7HdDyYOJh8m2z8kX5SceTjyWePIR+10Er6HNiWcSzydeSrzmtNBVvigf8xJvJd51tb6nF5CfeAtH2S5oB/rGaX9imGmcYVzC2cQIwziSqMRY8PCpxMmJRsOoxNRES2JOYkHChcSixNLEcopsiNPE2sRmqAlqSOxIXDrhhiE7cQX6EOpZnbgOPZm4MXFL4vbEMGgVxjBxV+Je8wrz6sQD5nXmjeYt5u3mXea95gPmw+Zj5pPmM+bz5kvOkcQWEv3M11DMt8x3DQb7HXjN3JXE7fHj8KjDc/YRh9jqGVN7XPXEEsRWkpzkgdGR5JM02LAh4l5SINaQeMyYRnegf7wSzppiDONMcSaDKXlMnCnDEGPKNuXBUZgYbCqBY0FiqmmcqTrhiKkRWpwJ8ZU8YZOpzbTEtNy0yrQW8jeYNo/JM20z7TTtMe2H45DpqOmEodB02tRpumi6mhgMNd003Zmw2/TA4AvLkmTWmb3NOkOJ2c/sbw42B5tOm2FMTHsSus0R5ihzrHmy2WiqNqfG5+AVs8WcYy4wF5lLI7rN5eZac3PEFVh7MNqOwOh1JZ40cqNs9Bh9AGeg0cc42BhoDDWGGwcn7jJGOv1ljDZOMsYbzdj7iOgx2eR3mj3GKc5ZZMw1zjQWG8vIrzAmCTeMlcZ6o9W42LiMZKVxjXF9ojesIhk9QmOTeM24ybjVuMO4u2+kwqqRjWIfn8TzKMZ9xoMYO8YjxuOYOnVcC4ynjGeNF4xXjDeMt9F+4z1jN/XDOa6wPprcTO44K01eiZcSDkbcQ6HRhLgz+ZqGmIJMw41W4okbDaNMowoCcbVNCk0KT4pMijZ3mJcmTUqKB8uPR+pgnfJKMielJU0xwIo3JjspF7yaDbbaV+M2Q1zSzKTipDKoYYEhO6nSzJLqk6xJiyHfmrQsaWXSGshdn7QpaWvSjqTdEN9+SfuSDiYdSTqedGpMTNLZpAtJV5JujN6bdBvXP1xzMXbBmntJ3eQTsDvZy75agp/cYS1dkOyW7E7Pwln/F+2gitkC4sx98d8BjFzMBBCfyDY4lsCxHI5VcKyFYwMcm+HYBsdOOPbAsR+OQ5EPIo/CcQKO03B0wnERjqtw3ITjTuQd/FcG8f+/Rv+aYgJLBL+aWBLsK1JgdyCxTPCeCn5+Ef8CRHdVd5ssom9dz3QxIbqUsSgOabkm8pm70UXPdDkE9CgOItt1OvcA8XG5NtjlmrNcl13H6z3XAl10vC8UJLxP6uHQUSId4tSjXa45xWFLT7lwR/3hvXU62ySbXOyhcqH/hUT2kfD/Qga72OBiZ48dg3vtdvVRj6+4o68u4nr/I3VFOspHOsbAp9ffrm2QHXKfc4/ee8jW0N60p1xon3RSnzF1TZ22xDtS8+dt6Em7HP3qetSOR+pJ+4I+9G13CkguyEwXO/v2hX9x+ljb7n6BnyL/Q+qIyUdikffJKwYpe7wf+vb/S21ynV/OORP46NzrW4bSSpCDIEceM77/i+nj/P6V0z5+/qrj9YVp5VdMXX3s8NOXpf+x3dAvsd+5HtaDWB26tTc2emIZyy52KbPM4aeVfdbrNSDre9eMntjYBLK1T9s7QHaD7HNZH5xxeNw+fx9ZXzA95bj3bJ/5eMEhkDd+D6RXHPp+kEP2WBx/FOQEyGmQTvs5rfOhjjWx67+Ykxd612nXNpzXx18Eufp5Xz82Nr8s1vqsV1+4LqEtN0HuuOSDb8c/eNRXfW34XF147YZDwl2eSS7PuajbIPcc0g1tuD36PB3v3ud56/KcHe/1+efbeF/HWEQ/+uwdP8SRBoEMBxn1+WeTq4wfZxeKIWdejIt/Hc/S8XEghkf7PT7Zbu/4jMc/l7Hs+Gx7f7GP4/Nc6ix81F/jS0AWgFSDNIK0gSwBWQ6yCmQtyAaQzX2eHeGPSf+bZ8ZXXePkL46n//aZ9B/tiPwP6WDHePdJ/1+ttS57jZ49R9/587jn/5elX9Kf/7G9/+mZ+VXGNbzP896xNmX7fsHeFtJoBnG3DWQn6BKIrs+e0bkP9LHXFe3dZx8c3efcdW/ssCfaz/6ciPZ3mfeYH2yff673R4c9Zu/tqDc6os/6E9pnfXKuRaG9NkRH9V6Pju1d36Mnu/jNYXO0sU+cOPwYXdpnjGWXfR3elwpiiS7C3z2p7qqefvf0f8m7prAC/zV0phM8WBxjoatB1jEWvN4uoRsh3QTpFpDtILtA9oIcADnMmP8RSI855KQjH8r57+uVQW32clT2jL0s5oeeB7nkyL8Gcgvk7v9Auuz1OMVZ31Pcbv9TsqNukKc8Hi3b5764UO9Qv1D/0ODQsNCI0KjQ2NDJcBhDU+HcAkdqaA7kFdBRFFoaWh5aG9oMempoR+jS0BWhq0MuhlwMXYeIqV0L3Ui45YmyQcMHDQ/dDvXlhBqfqAzdBcfe0AMux3b8refnf+krT5YzmJucLWezAXK93Mh85Ra5lQ2S2+V2NkT+pvwtNpR+4xtIv/F9Wh2hjmRj1Ag1go1Tr6vX2TO613SHWJTusO4wi9Z76QewCfqB+oHsG//H2xMEb8H+q9m9bCRjIdmMDTxsl5A8kEKQkt68x0nIApDqr1CuEQTiL2SJ/TxY7nN9+ZfX4ZCRwVeCb/Q5bg8q6dHvueYHdzt1lxJfeMAIeNAvuZlskacygX7JLdIvud3pl9x6uVquY35ym9wGvu+QF4Pvl8rfZoFquDqaBan/VK+xUN3rutfZcL2v3peN0Pvp/ejfjPj/pl6BbWe7er8BBaxiKUHjBnTbj6AMkJies7ggg0OjEvYrQcnO6847ALODsntyxuHx6HVnfc66sCZnPY4aIMc3xnmfs2VkDvlq8IXEN/A/wrL+Z/468+d/4VfYk1KNVMOex9WTxau/Vw+wBPo/h/iBeDv+nxzDeu53g/thHeSb+V4m8n1Q12C6ZwiU8CV0+MPnDhN8btJ9P0KE2gUWzSa5lDjJvAccHxDpc2ZAZKC3zxmf8z7nB/AB3OekzyWfaz63fO7S0UV14L+o4c5f5a9C27/kv4ScX/FfMc538p1Mw3/LfwuW/QGsEfH/b81k6o07WPZHpuL/95p5wYxbIhwh7i6D9YPWLYwFBoOE/QeJeOw1wSeWpQwYYj98PHw8nPqAJQOW0LnXAC+fcJ9wPHeUuoEYcCvglk+lT2XA3YC7WA7Pe+51PeB+uivSJ3JAm0+a64H39i2P5VyPvtcDeSB3tTFQDpSdut06u30+ldifQLDL3v7j7Ontl6N9tKsroMvH7GMe0AYlzFjOfvhMgrzqAdWQTqJx/CH/IWNSlVTFBCVHeZFxJV8pYJJSqBQyWSlSZjNFmaPMYaoyX5nPdEq5UsH0SrVSwzy/cgwLwjbhHo13NexbmHfhVxd/WFX9YVX1H/4FssAu/UshLXGkC5jgv4qxydksxbugv4xHvwdDb/Yvs+v+3v7eQy8OvePd5R3r7Qc5lf0rvc/0l70t3mdALEM7h3bifd4SlLoJB5zb67Df7x3sSAughlJK/fuXQV0FvYIt+PtDW/5ULxz2co9Kfxlrprbgun+w3UbvLrSxfyXZ6LCvf26vfXTfzaEPwMoup01fZA/WQfn/T3tnH15Vce3/2a8nCUlATBEx4hEpgqYoIJagtqARuQhIIXCxIhpIAoGQhCS8ii36o4oKiIgIVCkiVQhepIhctFQREdBaylVEpFZ5u0Cp5UEF9SImd63PbOBE7dVr+/ye+8fZ59nfrPOdNWvWzKyZPXv2TpJ/Kv3Kxs3PPdj48saXN28qGpernvx8Q86LGl9+ZrMzh8jPn2kvudNdmaPdh92HTao7z51n0lJvTL1RImBw6mCJgKGpQyUCRqSWmczU0amjzZkN1jfYYLIafNzgY3NWg2MNjpmmDT5t8Cl/o/rbz3ED5ewjZxmzXAt+x+SnvMtwZTTztUBvIm8cOKZbgl57U6z/K+WUniOz0S8lol2Zjyif0ppT2nn6t32IdEOk+0R6SKTHiPRUIj2NSG8gkT7WZGBJ62CoQ0Advk/Z+v+G1HNb9gX4OB6vHVNxinPNoMjzRD3rtWO6R9x38eyb6vr1fjtmTtTeT1F2S7g7I7/XJXBbovZO1Hs+8rsi4vSvfv0jMaPR0vTv1iDEksGSgyUXSx6WUrCRqk+MvuoDpTTAfub/0IdzzJqEPrTc82ZxQuxZrixqjURuVtQaJ7l/Vlt8m9r8I631dW3hmNXmdVYFzfTvVmc2NyZ9LWev9B0ZWZlNMtbqmf56ZhP9Kd+y05dnNpG0tTY9s0Vmi4wVmdmSukJ+tlAd0WoNts1sq6x+0nfop77Fk/aiFLFUz05WZnZGlmpraVISJaslrUtqQWqB1LkiVSIydUyqjoZvfW0yK+nB6Mlmg82cvTLyMnpk9MkYIDgoY0jGcPmUyVktXF7GxIzJwk6U1LsypmXMknNuxgLh8zIW8xmEfh90Ez/1LZ60N1G+54k8DTvDkQeJVrV8Xyx2a4SpkXZQXJ2xVkd86pDU6u9aw7T9nL0afCKfygYnGnyS7qaniHwiPVPOLJhmctd+ZXoz+XlCuJM/45LSio+r3+F2pcf1xNonkvu0xVP2JPeVJy2dstO+wbr0Tun701uJHE/P4VSUDzUsSh3+v7h+uLL+384sZcdhK/3L6057p5NZL9/n1mNbO22Zze6sxzZ3WjInltZjs5xmZrJ8H1CPTXMa8XuWXeqxxglNvny/KIF1zSess7NOcad775tHeGN3kfu4aPzafUJm+aXuUllZP+U+JTlXuCukbda4a0xM2uYlk+JukBZKdf/obpX55w33TZPhvuW+ZRq6O9wdppG7091pznB3ubvE5l53r8w5zzd4Xuac38mq/HuyKn9RYkPX9g+A08F5X5EfSJBnJcizE+SHIlnq7uQ7P5W1X05U9wvhejp99a831uPynB7C+fW4K52r5duRetxlTmf59m49LsdpL9821+NaOnpPuKoel+3oumBhPU5715HrdyKX7jTmCp7I+Y6+71GYyOn/oku4ZljuqDmecM2w3Afmo4RrhuX2mUMJMXEhca79b5i7HeZul7nbk7m7VFYCZTKDx77cE6kjvtITsxL4B5GHJMiDE3rrgQR5+lfkhxJ0HkrI+1CCzYcSyrLyyHoRYGWtbwveENV7Ulvj1qe1pXb2flZxpWCaCWTlmHaKrTd3hVOMibU3vcJZ8pkL5oWDwsny6SHygHCBSMotDmtErglXyFkjTE24WlLW8skj3wL5rI4+s6JPosWT9maJrcmRJU1djYamrRBbq8P1WJgcbhZpS7g+YT32bWfnPU4TaqjvxppAahjcK+dMOedE8iNyLop+Lonk5dG5ip+9gsnyuQtsH/QIyuTTSeS8YJpIys0K5oo8N1gg51xh5gaLJaWGT3vyTZPP4ugzmc96sXTaYqdIazK2rCVrZzIW8oSpkW8rsFAWrBZpbbDiO663v+2dZaaTT+tVStSYQOYVP+30yfeDXzojvmFOwtk+OjvJ+SM58+TsIXrNT58Nt5C3l99EPtm+LzjJb+TrkebtlM82uDv91n4Lv4W307/Mn+q3lXOGP9uPDm+z1RTdztGnSfTJVvQ2Y/GkvSZiq4nYuExO1emsFkRLbfvyrZs/Xzn52c1f6Hf7p609v1Pbe3Ldy1h8+vR+JmfL+qfy7mGRu0dnbznzo1Pln8p5q5Uzak6fmQPhe7nz5bPQnerOl2lltv5XEXeGO1g+A+FCuTo+IZ/B7hov3V3ppXuNvaZo6adnpDnQfSH6zI8+CxUjizNEVq35Ymuqu1KusSv9TvLzBSxo2hqRXnBf85rDvSZSS/e1/99tz/9XPZ6wmtA9wpTaitr02h9x8vlfXFmy7H9eld7UOXlzXadTc7TxH5G+XlOnuB8crKnOTJXN8VDuk5z1QZZixHeCqVGs1dXPfsvUbtO8wbuCzbGTU1uhNmvjMKHmhTkKmtp0zRvO1Lz+z5CPityD1MFhpvqGfRPwH5zDSrWjpdj/YOxk6h2ulG3AQmVq13Hva06tQVhhSBwrzgTtesWuHuaDb8CficwqwDmKbFcd+2FeB1kROrvAFuAacLGiOxBMASeDrDbdvMjCldhsjQ+t8a05XrWmr5WfRImsMNx9il46civk7oo+9bWrGqmtObmakVZTnWKQ/+Xs3AVuByuxs4DUOHZ6Ir8GHkSH1pCrtDm5oonWbHZVxbqsbgV4q7VTt039VHSOIg9EXgzmKHouciWpC8C1MGtI7Q4zGVwCzobvDVaAB8EpIGX5jcCpeLszatvmxOpMUN8zPR6bDA4kcpQxVg6OwKjmfmKJmJdIq1D/g/HaIzoizLsxHYOrwHfJuwp8l7yrFN1WAb2jNt1WYT6oew37AyJHeRkpBkQm2gcHhUQ4stoUPh88SqohNRX5CLKmTiLXJFInwU9CfxKe5GmqjKB8ykW2lsm1Hnmw1fc74TM6PiOXGWC9ymaVxILjDqv7UJildQu0vrTPKvDdWn1GsArcry0mrbcCeZCOOEbuesb+eivDD7azCvND09pFjGLmBJUl74+YHzrBaK5dyLuQc9CnpwStrPo5UWvPJJfOEkfozbpAx1Gm/7n2PnNUps5d5mV/j+Ax+CPMZmf6n9ACyhzTXOaN8ELFQPfJdgc6+zb3i3Q80jKtwSzQWNS2ErkIDImrpsTY9TCfIz+AvAU5jVF/AXiLeqX3pHV7DPo84zLKeBVhDvH/CH2KrD3oVWibpMS1HcKZikE3nVf9R1TTS1f0O2lseOk2wrVng2nKy/hSebO2W8pB5cOZGkv+HmLGuAvAxxWd7chbdWw6ewWXyR2q426Va5ZYRh4N5oJrlZf7TpGd4eAu91mddT3Fccp4M9Dc6/5Gcykv1n6vlpFztXSvibtaZwzN652QOc9xP3Pm6Hh0JFrkduwZkTc6/4n8ucrudZSo0XLULddW9S/SmdnRfu/ijFHGE/+dbHeT2Mx23iavRWtnAbhXNZV3Zmjd5Y7wA/gdOp+7jbXWznKVndd0lnDP0zqqLJqaq7+ro+ZevQZJvf5E3qVi82x3o85RMnM73mWexnylJ1cob6LKXrE3V2dg7x7BRarpPQVzXiDXZX8KT8cfDH4svXaDLwb9XkFPwbPBt+HbqexmgXMCGQWBlc8K5K45fFnlYHDQTfTj/gSRW/u9RM71tZTHgt4iz0XnPpWDSYH4GesdiE4wKpC2DeYHA0Rnoup4D7v/Lnim10/wpuB2wUlBILhBVm6Od5V3s9TucU9WC94I75ciDwt+LhZGe91gFKdS6xGetskvvR8K3u1p+5/jzRD+WU/jc6n3mJblPSr4E0/uWf2DmisYSusN854WvqU3XPBm73eCSzwZs+6n4GFFWa2pn2d4Zwmz0ZMo8i5RdMZ6T+Kh2nxM29lv6N0nOg29F0VnkKezWZbOiv4e/1X6S+InqApKRB5Dr50XaI8U+xIt/jq5c3P8/f5q2kfukv3WwU30y830yE1au0Bmv8DXVJlvb6JHRtAjcoftvRg0EvwcXIG11aTO196P/YQYmEveA95dtLDGSQtvtGBPndm8wLtDcFTQlV6Yrrwndpwp3j7B2d4u+Be07sFvxfJYrwqdKnrhUu3HqC/upC9kPDoD/QP0xYvqibeCvpD7du8d7zkdv3VbdMzq1cEdzfV3L1eK/sjLSM2FGcx1eSOahqsAuwOuQccobz5AZwb6w5CXI3dmvdGH0dSbXJN0hvQm6ArKbYfN13X28x5Dv12drB69J5AfVwz+TdF7Euyo86r3RK3EtnOn9YeyHtc1gzcVm2n6TMdvpOh9z9pXvvZgsFnm5w/9FVrf8FPBt2LttNah7l+MDvaobDHWGF5nqrc01bsdfrEyfjb8MmWcjf5AUGLAbanzlduSXjZ+ASip7grmsX+H+ULRedvmCrqoTqBPlur8DxS5Zh2Lleo8TL3Ws0JrqetJuY5KHesaqVy7OmIUm7HmnCZrW6mdXIX0KsO6RVtJrum6Vm/KSul4LFtlTRVkdaFlCWZzvbsQ/C/FuptYz0zmWm+v+yFMNnY6c2UPdSyojqwhWrNKV9+2sYJld7eWVa6poRYbonW+yjvALSCRU/talMtasE8NNVrsuxTNwaxIZzP3PsoEWHgC+QywCaWcC78M/YOBxExtrqL0fqioI06u4y1hZD40DSNUZov+HxtJbaurBSurft0HdlWg8SOayDbVpfX8ZvCNkG8Fn9eW0RauzY3JDFb7mMp118VuwyYrhGA2bd4feR44BfwT+Bz4NjpXIx9CfhO8ACxhPZxK6lyYacjcW4XYCcfDvAvyNFbHguBe8AV0fLCJcU5wT1R3gPY8G2zImtwYuRLVfULqh0TjJxGfBSP8CdZ1sgLnOanEqaJl9I6gt67c3CH+LBnXm2JyvQgGKPp7wSpFt0bRO1cxZnE6DOgbdHIVQzDIIbUL/DrkkfDL0Ef234J5lNRjMFdgIQt5LvIvSH0FxoVpg80Y/G6YqfhTjDXkoAN8R3LZuiyB/wj+xzB9sHAr8iWk+jCDYFYh3wcupMQL4X8Fcxz9NDAPfhT8AfB2mELk9eCH4KcgLex3R67AH1ojRDN8k1Rb6+XYbwffC/5ucCJIL3jvINeBf4OZpphGf6XmK6bQO7FsdCph9sHMg7kNvIO8tK2/jfreQ7m29Lbw18LPgTkfpie4kbxF4BQQ/eAP4AIYdHzkuj0ab3UbNN4Mvnn9sTxE9yjcgXLfqdhW/yqmjutgk+6QBAMU/b1glaJbo+idqxizOB0G9A06uYohKLFdSlSXEs+lxHYp0a6YQ94u5FqHPJJcy7CG7L9lLaP/KDrHYK6glCzkuci/IPUVGBemDZZj8LthpuJzMaUgBx3gO5LL1ncJ/EfwP4bpg4VbkS8h1YcZBLMK+T5wISVeCP8rGPaagjQwD34U/AHwdphC5PXgh+CnIL3gd0euwB/aJEQzfJNUW+vl2G8H3wv+bnAiSE957yDXgX+zfaet6oEyckuZT0qZbUqZeRSnqWYafZear3IKvRzLxk4lzD7bSqqTRoTE5sHcBt5B6fSFv432uQc/rbdt4a+FnwNzPkxPcCN5i5A/Tn1box2GXMEfwAUwaPpW7s/+3g06Dweb9KodDFD094JVim6NoneuYszidBjQZ3Xn5iqGYJBDahf4dcgj4Zehj+y/BfMoqcdgrsBCFvJc5F+Q+gqMC9MGmzH43TBT8acYa8hBB/iO5LJ1WQL/EfyPYfpg4VbkS0j1YQbBrEK+D1xIiRfC/wrmOPppYB78KPgD4O0whcjsfngfgp+CtLDfHbkCf2iNEM3wTVJtrZdjvx18L/i7wYkgveC9g1wH/g1mmmIa/ZWar5hC78Sy0amE2QczD+Y28A7y0rb+Nup7D+Xa0tvCXws/B+Z8mJ7gRvIWgVNA9IM/gAtg0PGt3B95D/uHfcH3WKXPQD7BzmQjZXzWfj4rB1/XC07Izq23CP0pdXoX/AzrvY3wrOIC1h4ez+j9NsiXobMEnG33VNm5OsL+0nBy8a6A005XIF5f7hQuR587EecQ1kLkO9gnPEzqFyqHdk/4RnTYF3XtXnGO2vH/DDOEstYo+ntqJ6pX4AlFdwG4lTXzaNqnLV4FunZyFmuqrKhV/z38t+3AnZdL2zqXq2VvETpN0O/B/dEiSret3ZV2e5u2vQDmAbuDim9/gvkBnqfQU6/h7X/a+zhSWZ8H99AXw6jd6+AzdXmSyth3tmu5fics7KTECfi5Fw+JSZdyvYn6jp9/NT5cys7eYnAwnl+m6PZGvgh8jTu1z5D7sjJcAh7Gcjr8au7pSuDfUpQr9BzuQCvQr8BD1Z9R+xp5FVNgVtftUaTcneBoUvMUPe6qAnbX3d/WsrONt5WUO5L9yeGUuxZrG5B3o4l9N5v2rJX1r/YXe91YeIeyNiKviWS1thKdyfZpCDZP4EkTsB+apbR2M9DeKZ+BPzHyDsJOD/hB4GfgWPBJInYHPXIHTAl4P/h78CU8f5D+Og/N3TBbozYUDHjqEQxkvGdRxy2kUqL+nofgUKwxzzivYK2Iel0eXV9U/iv8T9C8x/qJnfZEIPOtuxSGJzXuOPR5thK0o5TnSM2NyqLNkSeAN4G/IdcUe1+JDs9QAp7jBM8woi9F50X0W1DH9lim3bz3Kas59d2MV9ejuTAa9Q/J3MuzmxSelYQ8gQrvw/5b2CESYjzBCYlG/zie9IPh6Y+sNXkWw4hOJfVyHWvhLdFMJaW49xEz79P7tzJ38YzGzcDPkaROJx7GIefrLorPsy250nXXXsYfosu9Dg95duZm81ffH6XutJUXAxlH3jr0W9Frm9CxY/BZmIWk3h31r5Z+LalPoXkT9d0B/gy8Gs3l6FyGvBEch35rZJ5PhawoJLo0ivbizxV4+2J0z34n9+wL9b7S+4j79Ee4c5/DnXUjmE7ccXfinp3de9WUe3Yrc/+rK3zezpD7d1IbgsZNQbZ3+rrL+pneHbtjwcPgWvBecAhPQg8hbwRXKnrFoAvTGLkJmA5ug19A3u16xyEWjuvOCXiUe5CxKruNkRvDNwVz4FMUvXRSU7CwHJwE9tAnXJ6LXItOZ+RdyJ/p0y733lhHnQORDyt6TcAZ+PYZqRsjzRR2eDqCVr8j+sps5/nL9uAW9Rz5KHLT4GmwEG9voRY1oMombKl7ZdY3mM6k5urumfceLdPUv1YYj1LuI3UI5V5kPdH3dKTFlN8K8yfkjcjLke9H3oRX/4HcNJaHP7qz6sIcQnMs9e0Mk2/9RF5K3h76nNpLhzmquyLuAtphCC2zS/33p+L5ZeH3BQt0X9f9LPydzvbU7iXsb0V/Pcy9muo2Ds+nrFbs+L2jpZPrEGXl0BeG/cN98LW0bS0eXorOJOTRwcO6+xqka+9geR9t9STlHrbP8Ymc14mcNPYte4IGXMZ+Zgf9O3zu+b60rXc/O5l76AWH1HGa6l1FTbO0B53+1kLYQkuHOaI18vIsr3m9Z9hH3YCdefD5WD7b5gr+lbwt8FMtD0KnOJgmeDGRsNHvBqqFs1QWnzXVgV+uvPNr8BWwPzurh9FvhbwRzKaFfXSylfFMoE8lkJ0vaOf3fVmPuYvIm0eN7D7tCltf8p4Nfgw/j1q0ieqi70DuJq/Bz72Rt/sYiXiC5l7KytF2djppzDhrlPFfDeS6H4SKXhv/C70u6y6ftyiISWpJ8IbIF5PaQtHNpCU/oMV+TrnP0uYT7fglzrcRCW4kpyBrFB1i9C2x44JI22fnOmJ7iZ3riNiHmHmIHHcn/F/ol012ptK9RPdmsDH4MaV31KiW8aK5VhK9TfV5pfcg/nTHn2L8SUduotZkVKYwfpkx8KTUjjt2pyeBPbg7fp+8c9Gv1WdVUtbtjE3GTniXXuMYWV9QYgyvPMbLQPU/ZYQysZXKBH9WDLdpS4aZjOJuirE1MHtVDjIU/X6Mr2XqoXcONlMoJY9yM7W+KVP1PRaxnCW5PlCUEaftdpWOBWc+43ENnuzEwkDyDoWvhO+C5mw7ahhBI0JdFeTpePG4Fnhn0f6HdX/ebaFx4sxjnr/eX8rI1YjqEaqF9tEoUP0CIjCHGH4Y+y/Rm0eDCSL/kbIMdrYrI1eTCUSs5r2BXDVqrW6D7nV7D+q1xu8JfgJuAR8BBygGzcE5inLFHM9IV6Y9Os0Uw1qYGq5cB+EbIW9D3kPqNPBOxVhv5DJSN1ibutPuxWjtH6nsh1iIwx8Eu2uqXIPG87ROU6fQR+NJ7QtOARcpumvBrYoyz2eptyoHx9E5QSmdkJ9CrtYrRVAD/gg8oRiuws82KvsH4NO5plyjKFcKZc4G34bP1V1H8URxJE+mlvgP6yhT9B6F/w34W/Bvij6zWTAAT/4fTBXPLo3/mfiwixbbRI0aexI//nmUdQ47nA2RP0Uuwc8OlHssPEuYrqTeg80txOfN6OylDbtQu5vQiaGzh3p9zMjiiZh/SbBTd4Roq5noXK/vTgS7yfUgmpP0KubxVpg7Wndofa59QVvl3Vz/JXbSMml/rXWRxrzUeiQ7tOrPFfTOpECfQT+rtQ5eDRx0dCehl7ZG0EBTwyq9lvk1QQb6+uJ/ZzT3almi/zBP8PVJsctT2iplwps1V9hY5eA9te+s1WuKWwMzKaC1GV+Hlfeu94/pno+1qc+1w62qE1xF+x/kmfuz+o5K+Hv8f4y+u5n6jtFnvu4JrWPwEfbbad7wXuRdegX0W9L+V3tFYKG+PeV9Dmr7PKvx4POcyL8AnTPQeRPsoujWyL2O4/VX38RDlacr+tcrSi2uEXxXvXVzlZEV2jW6S6Z+hjDecfBZtRakeQck9b9otxbaPtIy2j63kLcGO8fAGp7yP+L9i+6q2VT1032EWuf6JdhUT57G/jjN5Y3Q2gXtFKVenu68WZ95Pn61RW1PqYXqT1L7/uV6nfW7RzXSfYwKeN4TC0dSl/XgVbT/L4jS5bTbfv9i4V216d9N6kRwOBHVkjcremhZQSf6tBOx3dP2JtiMiJ1BnL9CnN+O/EeV/RVE+1pmiVo0x2Ohg9UhzrehsxX+PHZ0z4G5GGsfUUoRI/c5cp1A8zrGbx+ua9di57pwMFGhq6yuOrLSmKlS8zU1Nl0xxTC7ZjOiKxVT9jE/54Jv4GED1Uxjrpa8zcirbXIbI+UORl8bYuAgzD367FvKncbo0HXUJkVvHleTjbpqDWYxD99Pyz8YvMw4fZlcbZn/VX6aVV8NM9gcX+vyivZpMMXO6mrNd4iZQqKikojaS6RN1ze4gn46giSujrPqKyIe9Dq+Ef9TKJ3VY90n5qc8wWyu8zO7W2PBw3UHeL9R5XvBIRHPGxHgTLtrB65kf6wYdK1m7Ud6r6F2vHT4bfADybtdeecQWEtZKchHkRtzR98Yzaa8XzEeJgX5r1Hpqt8jsqCWO7Pbud7uwaJTa+/c7ZsSWF4G8nzWey/yTfEi+N7c79/LftRYrPVAcxupC/Bhf7RXWcGeRgW7ZxXsvHXnDdID6iHMaHzItvXCZmf8yYTvgP5eSk/DZk/kDpR1PvL9aO5B08FOf/wZR+pVyFmWj8pSPEIL5KEzDvkZLGwA51FWrr7h4Oajb98nySZ1NDYHoVMMM5DUjXh1FmUtB38NvgLaaGlFXtu21NrDpvMF1t5HZxGYB9+fvPk8Kz8CHsefxeDHtpfRbAQ+bUsh125wPfznvK2xEdnuJOeg2ZJo2Qm/hr3iV3mjJmSn91XN5bVB/0F8xje/BPli/G9Bqu2vD5B/Tps8C/4bO1HzwUP07xJ09sHUwhyOdLqzZ2vjahv6irz5465lhzMFxFv3L/h8CPle5E2RXMHoWASye0/qUfKuhJ8dvZtqme7IWqNi9q+aoJOC7EZ7v93ZP1xE3G4jShfR8tbbRYwC3ou2YwHmqB3LyOvRHEjexrX23ekD7Jh117sP1YwxPwR/VgxHamrwMjX6QDHWRZnwSfrlP8B+xO05yqdMJS/t79xJri74PNvGMziCHh+NP3b/eT0+2FHQFDwLzc/qnmAee4S57glqqjuf9LVzPXHSg9q1x8Jgap1OfP6VcmvB7eBycAeYg4WHyfsS+EdKJDLdG7BWo7z411qYW/19ikTdWF/fYHyJp5kvsTf4Es/xL7a/H2BMxr+aj8yV5lET0/9nai7R3/MMv+//1QT622ams/uCoIf2CNCL3hwaEcmuyTRTI9kzlfxmgcp+gk5gmpodkRyaFk5KJMfMWOeiSE4xl+pvfyGnmruchZGc4c7X91yNPTr6607+boNpqKtDZNfEAj+SPZMbNIhkP0EnMOlBTiSH5gxdxyDHzBVB/0hOMU39TZGcaq4JZkZyhtMreFN/79/X3+VLj8WRtYUaxXKQQ/grkWnJWHfkFOSByKlRG1rZtqGVbRta2bahlf0EHduGVrZtaGXbhla2bWhl24ZWtm2oclqC/w3wbThyegKfiTweuZH6FpuCfKb+Pm5sFnJWgv73sLMYuUkCfzZ5VyGfg8565HMTdM5LkFui/wYyfykptgv5B8iHVU5J8D8loaz0BD79ZF2WmrhpLy3STs64yTfDTZH87GXKTZmc1WaCqYC5Rr5ViqxYIHwJGm0lpasplU/c9BVumOSvNlV8K5KfRaI9VrBQNPMlfRRs3PSWn+PQKheuQCyp/jAzRiwVSJ4vl9/5G3LHv5S/s4xQLbsq8jNuOooHl5ofitRarJeYoZJaLunlplhKaZNg31o/bbuP6Sc58r/RgxJSCuSspo0KRWcU3owUTsv5Lu37Vc38U1IeuuP4P7DD5PsNUkYxddPUH8jZT/Kpd6XCTIjKrcRTtZojzAD0q+Hjpif+qudlwsUlKnJNB4mPGyV9jHzX+qidMfSt1nR4VO9iLFbTAvq9gvYfJan6P1o0AuJmCHmroza41vSX8rpGeSsTUirom0IpZSgWS2jfcZQ1VPDry7XfVXeo1HcMtShEt1ywkPQK4mMCXpaRWkF7WAtDI1u29hrb8a/UvJzWnEAclUjcxOnlIafK+jq/yr5i+9u30mnrhaf6uZIorMbzoadi5etrb0v/ql9XJLSB1sTWpZryTkah2rd1LRRmHDUvJ7K/vqa2pQvqtWoRPVseoa2VlcfItwowjrdjT0WutaOapaLxP/bR0nj7S9tdGs8fXhTvVV5WXj2hoih+TXllRXllQXVJeVnbeNfS0njfkmHDq6vifYuqiirHFhW2zS8ZVVQV7100Lt63fFRBWd+iYWNKCypP5u/8peR4lN55QFFlldiMd2x76Q/jrXuVDK0sryovrm6Dvqij3adfr/wvGyipihfEqysLCotGFVSOjJcX/31/T5H5CnmVBeNKyobFbyguLhlaFP9BvF91QVlp0QTJW1lSVV6WEx9QMrS6vDLes6CysKisOt4ut0P7G8vHxEcVTIiPqSqKVw+XsovLJaWgKl5RVDmqpLq6qDA+ZIKkFMWv7d+zq6RW8qWisrxwzNDqeElZfNzwkqHDE/LKz5KyoaVjCiVrdXm8sKSqolQKKCgrlFwlojBUtKT4tvH4ycLLy0onxFuXtIkXjRqiuU7bKjup/bUuoV6oda4sqqqulNpJqyQUL9lP2boCD1qXSCnVRaO0CStLpNTC8nFlpeUFiYWK0wXW1aLKuNS3XIoSHFNdMaY6Xlg0VhtXdIYXlVZ8qUYy05czQguIfRmbTobE3giJvr8wL59MOznTFtoZ1Jvv/cb7nfeinM95z3tPJdhR7ZJT33fLt8QyiupZsrNxYnqZmeA399v51/vX+VcJ5tazVCb5e4veWEapvW4Md1Y4j8kiUeeOrqJZKWOujDJMmMtvU/xTDt+YHnIekTPnS/zABPknbq5Z8fdsBJtMo2CAafEP+1JlJv8z6uRNNz0Tv4vvV35THrfGZHjn8vu/ySN5JI/kkTySR/JIHskjeSSP5JE8kkfySB7JI3kkj+SRPJJH8kgeySN5JI/kkTySR/JIHskjeSSP5JE8kkfySB7JI3kkj+SRPJJH8kgeySN5JI//g4e/1/zQeF5HZ6YJTEowP+hgjPN9+9NbaIrdxk7guqEX+IHr+bvMRXXrzPiuRn+fXo78XtfETRcTrzsRTKvt5nSIne/8totx6urqJPfsQH8jKW78/waIWH3zCmVuZHN0cmVhbQplbmRvYmoKMjcgMCBvYmoKNjY5NDgKZW5kb2JqCjI4IDAgb2JqCjE1NjQ2MAplbmRvYmoKMSAwIG9iago8PC9UeXBlL0NhdGFsb2cKL1BhZ2VzIDIgMCBSCi9QYWdlTGFiZWxzIDw8IC9OdW1zICBbCiAwIDw8L1MvRD4+Cl0gPj4KL1BhZ2VNb2RlIC9Vc2VOb25lCi9PcGVuQWN0aW9uIFs1IDAgUiAvWFlaIDAgNjMzLjYgMF0KL01ldGFkYXRhIDMgMCBSCgoKPj4KZW5kb2JqCjIgMCBvYmoKPDwvVHlwZS9QYWdlcwovQ291bnQgMQovS2lkcyBbNSAwIFIgXQo+PgplbmRvYmoKNSAwIG9iago8PC9UeXBlL1BhZ2UKL1BhcmVudCAyIDAgUgovTWVkaWFCb3ggWzAgMCA0ODkuNiA2MzMuNl0KL0Nyb3BCb3ggWzAgMCA0ODkuNiA2MzMuNl0KL0JsZWVkQm94IFswIDAgNDg5LjYgNjMzLjZdCi9UcmltQm94IFswIDAgNDg5LjYgNjMzLjZdCi9SZXNvdXJjZXMgOCAwIFIKL0NvbnRlbnRzIFsyOSAwIFIgNiAwIFIgXQovR3JvdXAgPDwvVHlwZS9Hcm91cCAvUy9UcmFuc3BhcmVuY3kgL0NTL0RldmljZVJHQj4+Cgo+PgplbmRvYmoKOCAwIG9iago8PC9Qcm9jU2V0IFsvUERGIC9JbWFnZUMgL1RleHRdCi9Gb250IDw8L0YwIDEwIDAgUgo+PgovWE9iamVjdCA8PC9JMCA5IDAgUgo+Pgo+PgplbmRvYmoKMjkgMCBvYmoKPDwvTGVuZ3RoIDMwIDAgUgovRmlsdGVyIC9GbGF0ZURlY29kZQo+PgpzdHJlYW0KeNor5DJQMFDI5TKxsNQzA7JyoCwzY2MgmQOUhbEyuMIV8rgA5zwJiAplbmRzdHJlYW0KZW5kb2JqCjMwIDAgb2JqCjQwCmVuZG9iagozIDAgb2JqCjw8L1R5cGUgL01ldGFkYXRhIC9TdWJ0eXBlIC9YTUwgL0xlbmd0aCAxMDYwPj4Kc3RyZWFtCjw/eHBhY2tldCBiZWdpbj0nJyBpZD0nVzVNME1wQ2VoaUh6cmVTek5UY3prYzlkJz8+Cjx4OnhtcG1ldGEgeG1sbnM6eD0nYWRvYmU6bnM6bWV0YS8nPgo8cmRmOlJERiB4bWxuczpyZGY9Imh0dHA6Ly93d3cudzMub3JnLzE5OTkvMDIvMjItcmRmLXN5bnRheC1ucyMiPgo8cmRmOkRlc2NyaXB0aW9uIHJkZjphYm91dD0iIiB4bWxuczpkYz0iaHR0cDovL3B1cmwub3JnL2RjL2VsZW1lbnRzLzEuMS8iPgo8ZGM6Zm9ybWF0PmFwcGxpY2F0aW9uL3BkZjwvZGM6Zm9ybWF0Pgo8ZGM6dGl0bGU+CiA8cmRmOkFsdD4KICA8cmRmOmxpIHhtbDpsYW5nPSJ4LWRlZmF1bHQiPlhwb3J0YWJpbGl0eSBDbG91ZGZvcm1hdHRlcjwvcmRmOmxpPgogPC9yZGY6QWx0Pgo8L2RjOnRpdGxlPgo8ZGM6ZGVzY3JpcHRpb24+CiA8cmRmOkFsdD4KICA8cmRmOmxpIHhtbDpsYW5nPSJ4LWRlZmF1bHQiPkEgQ2xvdWRmb3JtYXR0ZXIgRG9jdW1lbnQ8L3JkZjpsaT4KIDwvcmRmOkFsdD4KPC9kYzpkZXNjcmlwdGlvbj4KPGRjOmNyZWF0b3I+CiA8cmRmOlNlcT4KICA8cmRmOmxpPlhwb3J0YWJpbGl0eSBMTEM8L3JkZjpsaT4KIDwvcmRmOlNlcT4KPC9kYzpjcmVhdG9yPgo8L3JkZjpEZXNjcmlwdGlvbj4KPHJkZjpEZXNjcmlwdGlvbiByZGY6YWJvdXQ9IiIgeG1sbnM6cGRmPSJodHRwOi8vbnMuYWRvYmUuY29tL3BkZi8xLjMvIj4KPHBkZjpQcm9kdWNlcj5YRVAgNC4xOSBidWlsZCAyMDExMDQxNDwvcGRmOlByb2R1Y2VyPgo8L3JkZjpEZXNjcmlwdGlvbj4KPHJkZjpEZXNjcmlwdGlvbiByZGY6YWJvdXQ9IiIgeG1sbnM6eG1wPSJodHRwOi8vbnMuYWRvYmUuY29tL3hhcC8xLjAvIj4KPHhtcDpDcmVhdG9yVG9vbD5jc3MycGRmQGNsb3VkZm9ybWF0dGVyLmNvbTwveG1wOkNyZWF0b3JUb29sPgo8eG1wOkNyZWF0ZURhdGU+MjAxNS0xMS0yNVQyMjoyODozOVo8L3htcDpDcmVhdGVEYXRlPgo8eG1wOk1vZGlmeURhdGU+MjAxNS0xMS0yNVQyMjoyODozOVo8L3htcDpNb2RpZnlEYXRlPgo8L3JkZjpEZXNjcmlwdGlvbj4KPC9yZGY6UkRGPgo8L3g6eG1wbWV0YT4KPD94cGFja2V0IGVuZD0ncic/PgoKZW5kc3RyZWFtCmVuZG9iagp4cmVmCjAgMzEKMDAwMDAwMDAwMCA2NTUzNSBmIAowMDAwMTM1MTY1IDAwMDAwIG4gCjAwMDAxMzUzMjUgMDAwMDAgbiAKMDAwMDEzNTg2MyAwMDAwMCBuIAowMDAwMDAwMzYyIDAwMDAwIG4gCjAwMDAxMzUzODEgMDAwMDAgbiAKMDAwMDAwMDAxNSAwMDAwMCBuIAowMDAwMDAwMzQzIDAwMDAwIG4gCjAwMDAxMzU2MzMgMDAwMDAgbiAKMDAwMDAwMDYzNiAwMDAwMCBuIAowMDAwMDY2OTQ5IDAwMDAwIG4gCjAwMDAwMDIxMzggMDAwMDAgbiAKMDAwMDAwMjE1OSAwMDAwMCBuIAowMDAwMDAyMjI0IDAwMDAwIG4gCjAwMDAwMDIyODcgMDAwMDAgbiAKMDAwMDAwMjc4OSAwMDAwMCBuIAowMDAwMDAyNDI0IDAwMDAwIG4gCjAwMDAwMDI3NjkgMDAwMDAgbiAKMDAwMDAwMzA1MyAwMDAwMCBuIAowMDAwMDAzMjk3IDAwMDAwIG4gCjAwMDAwNjY5MDQgMDAwMDAgbiAKMDAwMDA2NjkyNiAwMDAwMCBuIAowMDAwMDY3NDg5IDAwMDAwIG4gCjAwMDAwNjcwOTYgMDAwMDAgbiAKMDAwMDA2NzQ2OSAwMDAwMCBuIAowMDAwMDY3ODI3IDAwMDAwIG4gCjAwMDAwNjgwODEgMDAwMDAgbiAKMDAwMDEzNTEyMCAwMDAwMCBuIAowMDAwMTM1MTQyIDAwMDAwIG4gCjAwMDAxMzU3MjkgMDAwMDAgbiAKMDAwMDEzNTg0NCAwMDAwMCBuIAp0cmFpbGVyCjw8L1NpemUgMzEKL0luZm8gNCAwIFIKL1Jvb3QgMSAwIFIKL0lEWzxBRjk3OUVCMkI4NTJGOTY1MTdCOUZGRUZCQTlERTlCRD48QUY5NzlFQjJCODUyRjk2NTE3QjlGRkVGQkE5REU5QkQ+XQo+PgpzdGFydHhyZWYKMTM3MDAzCiUlRU9GCg==",
        "filename": "user_stories.AdjuntoFileModel/bytes/filename/mimetype/document.pdf"
    },
    "model": "user_stories.adjuntofilemodel",
    "pk": 20
},
{
    "fields": {
        "user_story": 19,
        "archivo": "user_stories.AdjuntoFileModel/bytes/filename/mimetype/Test_cliente"
    },
    "model": "user_stories.adjunto",
    "pk": 11
},
{
    "fields": {
        "user_story": 20,
        "archivo": "user_stories.AdjuntoFileModel/bytes/filename/mimetype/Pasos_Django_Postgres_Apache"
    },
    "model": "user_stories.adjunto",
    "pk": 12
},
{
    "fields": {
        "user_story": 17,
        "archivo": "user_stories.AdjuntoFileModel/bytes/filename/mimetype/Aclaracion_historial_de_tareas.txt"
    },
    "model": "user_stories.adjunto",
    "pk": 13
},
{
    "fields": {
        "user_story": 18,
        "archivo": "user_stories.AdjuntoFileModel/bytes/filename/mimetype/base_de_datos_a_archivo_json.txt"
    },
    "model": "user_stories.adjunto",
    "pk": 14
},
{
    "fields": {
        "user_story": 21,
        "archivo": "user_stories.AdjuntoFileModel/bytes/filename/mimetype/base_de_datos_a_archivo_json_(PBA3jAr).txt"
    },
    "model": "user_stories.adjunto",
    "pk": 15
},
{
    "fields": {
        "user_story": 22,
        "archivo": "user_stories.AdjuntoFileModel/bytes/filename/mimetype/Informe_ejecutivo.txt"
    },
    "model": "user_stories.adjunto",
    "pk": 16
},
{
    "fields": {
        "user_story": 23,
        "archivo": "user_stories.AdjuntoFileModel/bytes/filename/mimetype/Nuevo_documento_de_texto.txt"
    },
    "model": "user_stories.adjunto",
    "pk": 17
},
{
    "fields": {
        "user_story": 24,
        "archivo": "user_stories.AdjuntoFileModel/bytes/filename/mimetype/django-gmail-password-gpsk.system.txt"
    },
    "model": "user_stories.adjunto",
    "pk": 18
},
{
    "fields": {
        "user_story": 29,
        "archivo": "user_stories.AdjuntoFileModel/bytes/filename/mimetype/document.pdf"
    },
    "model": "user_stories.adjunto",
    "pk": 19
},
{
    "fields": {
        "fecha_fin": "2015-12-04",
        "duracion": 5,
        "fecha_inicio": "2015-11-30",
        "proyecto": 1,
        "nombre": "Sprint 1",
        "estado": "Finalizado"
    },
    "model": "sprints.sprint",
    "pk": 4
},
{
    "fields": {
        "fecha_fin": "2015-12-11",
        "duracion": 5,
        "fecha_inicio": "2015-12-07",
        "proyecto": 1,
        "nombre": "Sprint 2",
        "estado": "Activo"
    },
    "model": "sprints.sprint",
    "pk": 5
},
{
    "fields": {
        "fecha_fin": "2015-12-17",
        "duracion": 7,
        "fecha_inicio": "2015-12-09",
        "proyecto": 4,
        "nombre": "Sprint 1 - I",
        "estado": "Activo"
    },
    "model": "sprints.sprint",
    "pk": 6
},
{
    "fields": {
        "fecha_fin": "2015-12-10",
        "duracion": 5,
        "fecha_inicio": "2015-11-23",
        "proyecto": 5,
        "nombre": "Sprint 1 - P",
        "estado": "Finalizado"
    },
    "model": "sprints.sprint",
    "pk": 7
},
{
    "fields": {
        "fecha_fin": "2015-12-10",
        "duracion": 5,
        "fecha_inicio": "2015-12-10",
        "proyecto": 6,
        "nombre": "Sprint1 - P",
        "estado": "Finalizado"
    },
    "model": "sprints.sprint",
    "pk": 8
},
{
    "fields": {
        "fecha_fin": "2015-12-10",
        "duracion": 3,
        "fecha_inicio": "2015-12-10",
        "proyecto": 7,
        "nombre": "Sprint 1 -PR3",
        "estado": "Finalizado"
    },
    "model": "sprints.sprint",
    "pk": 9
},
{
    "fields": {
        "fecha_fin": "2015-12-11",
        "duracion": 3,
        "fecha_inicio": "2015-12-10",
        "proyecto": 7,
        "nombre": "Sprint 2 -PR",
        "estado": "Finalizado"
    },
    "model": "sprints.sprint",
    "pk": 10
},
{
    "fields": {
        "codename": "add_logentry",
        "name": "Can add log entry",
        "content_type": 1
    },
    "model": "auth.permission",
    "pk": 1
},
{
    "fields": {
        "codename": "change_logentry",
        "name": "Can change log entry",
        "content_type": 1
    },
    "model": "auth.permission",
    "pk": 2
},
{
    "fields": {
        "codename": "delete_logentry",
        "name": "Can delete log entry",
        "content_type": 1
    },
    "model": "auth.permission",
    "pk": 3
},
{
    "fields": {
        "codename": "add_permission",
        "name": "Can add permission",
        "content_type": 2
    },
    "model": "auth.permission",
    "pk": 4
},
{
    "fields": {
        "codename": "change_permission",
        "name": "Can change permission",
        "content_type": 2
    },
    "model": "auth.permission",
    "pk": 5
},
{
    "fields": {
        "codename": "delete_permission",
        "name": "Can delete permission",
        "content_type": 2
    },
    "model": "auth.permission",
    "pk": 6
},
{
    "fields": {
        "codename": "add_group",
        "name": "Can add group",
        "content_type": 3
    },
    "model": "auth.permission",
    "pk": 7
},
{
    "fields": {
        "codename": "change_group",
        "name": "Can change group",
        "content_type": 3
    },
    "model": "auth.permission",
    "pk": 8
},
{
    "fields": {
        "codename": "delete_group",
        "name": "Can delete group",
        "content_type": 3
    },
    "model": "auth.permission",
    "pk": 9
},
{
    "fields": {
        "codename": "add_user",
        "name": "Can add user",
        "content_type": 4
    },
    "model": "auth.permission",
    "pk": 10
},
{
    "fields": {
        "codename": "change_user",
        "name": "Can change user",
        "content_type": 4
    },
    "model": "auth.permission",
    "pk": 11
},
{
    "fields": {
        "codename": "delete_user",
        "name": "Can delete user",
        "content_type": 4
    },
    "model": "auth.permission",
    "pk": 12
},
{
    "fields": {
        "codename": "add_contenttype",
        "name": "Can add content type",
        "content_type": 5
    },
    "model": "auth.permission",
    "pk": 13
},
{
    "fields": {
        "codename": "change_contenttype",
        "name": "Can change content type",
        "content_type": 5
    },
    "model": "auth.permission",
    "pk": 14
},
{
    "fields": {
        "codename": "delete_contenttype",
        "name": "Can delete content type",
        "content_type": 5
    },
    "model": "auth.permission",
    "pk": 15
},
{
    "fields": {
        "codename": "add_session",
        "name": "Can add session",
        "content_type": 6
    },
    "model": "auth.permission",
    "pk": 16
},
{
    "fields": {
        "codename": "change_session",
        "name": "Can change session",
        "content_type": 6
    },
    "model": "auth.permission",
    "pk": 17
},
{
    "fields": {
        "codename": "delete_session",
        "name": "Can delete session",
        "content_type": 6
    },
    "model": "auth.permission",
    "pk": 18
},
{
    "fields": {
        "codename": "crear_usuario",
        "name": "Can crear usuario",
        "content_type": 7
    },
    "model": "auth.permission",
    "pk": 19
},
{
    "fields": {
        "codename": "modificar_usuario",
        "name": "Can modificar usuario",
        "content_type": 7
    },
    "model": "auth.permission",
    "pk": 20
},
{
    "fields": {
        "codename": "activar_usuario",
        "name": "Can activar usuario",
        "content_type": 7
    },
    "model": "auth.permission",
    "pk": 21
},
{
    "fields": {
        "codename": "inactivar_usuario",
        "name": "Can inactivar usuario",
        "content_type": 7
    },
    "model": "auth.permission",
    "pk": 22
},
{
    "fields": {
        "codename": "listar_usuario",
        "name": "Can listar usuario",
        "content_type": 7
    },
    "model": "auth.permission",
    "pk": 23
},
{
    "fields": {
        "codename": "crear_cliente",
        "name": "Can crear cliente",
        "content_type": 8
    },
    "model": "auth.permission",
    "pk": 24
},
{
    "fields": {
        "codename": "modificar_cliente",
        "name": "Can modificar cliente",
        "content_type": 8
    },
    "model": "auth.permission",
    "pk": 25
},
{
    "fields": {
        "codename": "eliminar_cliente",
        "name": "Can eliminar cliente",
        "content_type": 8
    },
    "model": "auth.permission",
    "pk": 26
},
{
    "fields": {
        "codename": "listar_cliente",
        "name": "Can listar cliente",
        "content_type": 8
    },
    "model": "auth.permission",
    "pk": 27
},
{
    "fields": {
        "codename": "crear_proyecto",
        "name": "Can crear proyecto",
        "content_type": 9
    },
    "model": "auth.permission",
    "pk": 28
},
{
    "fields": {
        "codename": "modificar_proyecto",
        "name": "Can modificar proyecto",
        "content_type": 9
    },
    "model": "auth.permission",
    "pk": 29
},
{
    "fields": {
        "codename": "eliminar_proyecto",
        "name": "Can eliminar proyecto",
        "content_type": 9
    },
    "model": "auth.permission",
    "pk": 30
},
{
    "fields": {
        "codename": "listar_proyecto",
        "name": "Can listar proyecto",
        "content_type": 9
    },
    "model": "auth.permission",
    "pk": 31
},
{
    "fields": {
        "codename": "asignar_rol_proyecto_proyecto",
        "name": "Can asignar_rol_proyecto proyecto",
        "content_type": 9
    },
    "model": "auth.permission",
    "pk": 32
},
{
    "fields": {
        "codename": "crear_rolproyecto",
        "name": "Can crear Rol de Proyecto",
        "content_type": 10
    },
    "model": "auth.permission",
    "pk": 33
},
{
    "fields": {
        "codename": "modificar_rolproyecto",
        "name": "Can modificar Rol de Proyecto",
        "content_type": 10
    },
    "model": "auth.permission",
    "pk": 34
},
{
    "fields": {
        "codename": "eliminar_rolproyecto",
        "name": "Can eliminar Rol de Proyecto",
        "content_type": 10
    },
    "model": "auth.permission",
    "pk": 35
},
{
    "fields": {
        "codename": "listar_rolproyecto",
        "name": "Can listar Rol de Proyecto",
        "content_type": 10
    },
    "model": "auth.permission",
    "pk": 36
},
{
    "fields": {
        "codename": "crear_plantillaflujo",
        "name": "Can crear plantilla flujo",
        "content_type": 16
    },
    "model": "auth.permission",
    "pk": 37
},
{
    "fields": {
        "codename": "modificar_plantillaflujo",
        "name": "Can modificar plantilla flujo",
        "content_type": 16
    },
    "model": "auth.permission",
    "pk": 38
},
{
    "fields": {
        "codename": "eliminar_plantillaflujo",
        "name": "Can eliminar plantilla flujo",
        "content_type": 16
    },
    "model": "auth.permission",
    "pk": 39
},
{
    "fields": {
        "codename": "listar_plantillaflujo",
        "name": "Can listar plantilla flujo",
        "content_type": 16
    },
    "model": "auth.permission",
    "pk": 40
},
{
    "fields": {
        "codename": "crear_flujo",
        "name": "Can crear flujo",
        "content_type": 17
    },
    "model": "auth.permission",
    "pk": 41
},
{
    "fields": {
        "codename": "modificar_flujo",
        "name": "Can modificar flujo",
        "content_type": 17
    },
    "model": "auth.permission",
    "pk": 42
},
{
    "fields": {
        "codename": "eliminar_flujo",
        "name": "Can eliminar flujo",
        "content_type": 17
    },
    "model": "auth.permission",
    "pk": 43
},
{
    "fields": {
        "codename": "listar_flujo",
        "name": "Can listar flujo",
        "content_type": 17
    },
    "model": "auth.permission",
    "pk": 44
},
{
    "fields": {
        "codename": "asignar_flujo",
        "name": "Can asignar flujo",
        "content_type": 17
    },
    "model": "auth.permission",
    "pk": 45
},
{
    "fields": {
        "codename": "crear_userstory",
        "name": "Can crear user story",
        "content_type": 18
    },
    "model": "auth.permission",
    "pk": 46
},
{
    "fields": {
        "codename": "redefinir_userstory",
        "name": "Can redefinir user story",
        "content_type": 18
    },
    "model": "auth.permission",
    "pk": 47
},
{
    "fields": {
        "codename": "definir_valor_tecnico_y_estimacion_userstory",
        "name": "Can definir_valor_tecnico_y_estimacion user story",
        "content_type": 18
    },
    "model": "auth.permission",
    "pk": 48
},
{
    "fields": {
        "codename": "asignar_flujo_userstory",
        "name": "Can asignar_flujo user story",
        "content_type": 18
    },
    "model": "auth.permission",
    "pk": 49
},
{
    "fields": {
        "codename": "asignar_sprint_userstory",
        "name": "Can asignar_sprint user story",
        "content_type": 18
    },
    "model": "auth.permission",
    "pk": 50
},
{
    "fields": {
        "codename": "asignar_usuario_userstory",
        "name": "Can asignar_usuario user story",
        "content_type": 18
    },
    "model": "auth.permission",
    "pk": 51
},
{
    "fields": {
        "codename": "listar_userstory",
        "name": "Can listar user story",
        "content_type": 18
    },
    "model": "auth.permission",
    "pk": 52
},
{
    "fields": {
        "codename": "consultar_historial_userstory",
        "name": "Can consultar_historial user story",
        "content_type": 18
    },
    "model": "auth.permission",
    "pk": 53
},
{
    "fields": {
        "codename": "aprobar_userstory",
        "name": "Can aprobar user story",
        "content_type": 18
    },
    "model": "auth.permission",
    "pk": 54
},
{
    "fields": {
        "codename": "descartar_userstory",
        "name": "Can descartar user story",
        "content_type": 18
    },
    "model": "auth.permission",
    "pk": 55
},
{
    "fields": {
        "codename": "cambiar_estado_userstory",
        "name": "Can cambiar_estado user story",
        "content_type": 18
    },
    "model": "auth.permission",
    "pk": 56
},
{
    "fields": {
        "codename": "revertir_cambio_estado_userstory",
        "name": "Can revertir_cambio_estado user story",
        "content_type": 18
    },
    "model": "auth.permission",
    "pk": 57
},
{
    "fields": {
        "codename": "definir_horas_userstory",
        "name": "Can definir_horas user story",
        "content_type": 18
    },
    "model": "auth.permission",
    "pk": 58
},
{
    "fields": {
        "codename": "agregar_nota_userstory",
        "name": "Can agregar_nota user story",
        "content_type": 18
    },
    "model": "auth.permission",
    "pk": 59
},
{
    "fields": {
        "codename": "agregar_archivo_userstory",
        "name": "Can agregar_archivo user story",
        "content_type": 18
    },
    "model": "auth.permission",
    "pk": 60
},
{
    "fields": {
        "codename": "add_historialuserstory",
        "name": "Can add historial user story",
        "content_type": 19
    },
    "model": "auth.permission",
    "pk": 61
},
{
    "fields": {
        "codename": "change_historialuserstory",
        "name": "Can change historial user story",
        "content_type": 19
    },
    "model": "auth.permission",
    "pk": 62
},
{
    "fields": {
        "codename": "delete_historialuserstory",
        "name": "Can delete historial user story",
        "content_type": 19
    },
    "model": "auth.permission",
    "pk": 63
},
{
    "fields": {
        "codename": "crear_sprint",
        "name": "Can crear sprint",
        "content_type": 26
    },
    "model": "auth.permission",
    "pk": 64
},
{
    "fields": {
        "codename": "modificar_sprint",
        "name": "Can modificar sprint",
        "content_type": 26
    },
    "model": "auth.permission",
    "pk": 65
},
{
    "fields": {
        "codename": "listar_sprint",
        "name": "Can listar sprint",
        "content_type": 26
    },
    "model": "auth.permission",
    "pk": 66
},
{
    "fields": {
        "codename": "iniciar_sprint",
        "name": "Can iniciar sprint",
        "content_type": 26
    },
    "model": "auth.permission",
    "pk": 67
},
{
    "fields": {
        "codename": "finalizar_sprint",
        "name": "Can finalizar sprint",
        "content_type": 26
    },
    "model": "auth.permission",
    "pk": 68
},
{
    "fields": {
        "name": "Administrador",
        "permissions": [
            7,
            8,
            9,
            24,
            26,
            27,
            25,
            37,
            39,
            40,
            38,
            33,
            35,
            36,
            34,
            21,
            19,
            22,
            23,
            20
        ]
    },
    "model": "auth.group",
    "pk": 1
},
{
    "fields": {
        "name": "Scrum Master",
        "permissions": [
            45,
            44,
            32,
            28,
            30,
            31,
            29,
            64,
            68,
            67,
            66,
            65,
            60,
            59,
            54,
            49,
            50,
            51,
            56,
            53,
            46,
            58,
            48,
            55,
            52,
            47,
            57
        ]
    },
    "model": "auth.group",
    "pk": 2
},
{
    "fields": {
        "name": "Developer",
        "permissions": [
            44,
            31,
            66,
            59,
            53,
            58,
            52
        ]
    },
    "model": "auth.group",
    "pk": 3
},
{
    "fields": {
        "name": "Product Owner",
        "permissions": [
            44,
            31,
            66,
            53,
            46,
            52,
            47
        ]
    },
    "model": "auth.group",
    "pk": 4
},
{
    "fields": {
        "name": "Adm de proyectos",
        "permissions": [
            24,
            26,
            27,
            25,
            37,
            39,
            40,
            38,
            32,
            28,
            30,
            31,
            29
        ]
    },
    "model": "auth.group",
    "pk": 5
},
{
    "fields": {
        "username": "administrador",
        "first_name": "",
        "last_name": "",
        "is_active": true,
        "is_superuser": true,
        "is_staff": true,
        "last_login": "2015-12-10T20:39:16.352",
        "groups": [],
        "user_permissions": [],
        "password": "pbkdf2_sha256$15000$jcIzrXkWpTaP$J/PL+rMsZzOD9tOMnXtGG7sotK5HHQAeNFPK6ghBtF4=",
        "email": "krausevon88@gmail.com",
        "date_joined": "2015-10-29T19:32:27.843"
    },
    "model": "auth.user",
    "pk": 1
},
{
    "fields": {
        "username": "CCar",
        "first_name": "Carlos",
        "last_name": "Carter",
        "is_active": true,
        "is_superuser": false,
        "is_staff": false,
        "last_login": "2015-12-11T17:19:51.244",
        "groups": [
            2,
            5
        ],
        "user_permissions": [],
        "password": "pbkdf2_sha256$15000$w5F38BojAh1L$jqfKvqxD3Di9HiEMnjJtaY2PWsFy/TZNBeLHCO38S6Y=",
        "email": "daniel.gpsk@gmail.com",
        "date_joined": "2015-10-29T20:29:32.048"
    },
    "model": "auth.user",
    "pk": 2
},
{
    "fields": {
        "username": "ECar",
        "first_name": "Esteban",
        "last_name": "Caramano",
        "is_active": true,
        "is_superuser": false,
        "is_staff": false,
        "last_login": "2015-12-10T20:23:16.134",
        "groups": [
            1
        ],
        "user_permissions": [],
        "password": "pbkdf2_sha256$15000$3PEjclIKMsGb$v+jWoBEV09EzgSwWpeLBM1Ovquk7ZwcA1e8EMbLESoU=",
        "email": "ecar2015@gmail.com",
        "date_joined": "2015-10-29T20:34:36.059"
    },
    "model": "auth.user",
    "pk": 3
},
{
    "fields": {
        "username": "RFil",
        "first_name": "Rodrigo",
        "last_name": "Filartiga",
        "is_active": true,
        "is_superuser": false,
        "is_staff": false,
        "last_login": "2015-12-11T17:18:57.499",
        "groups": [
            2,
            5
        ],
        "user_permissions": [],
        "password": "pbkdf2_sha256$15000$6t2TbWdBk4YD$SJ94avnFyYKpt4bBoSRTkdLZBa68llzyJLaDSz7OCCg=",
        "email": "ramgalb@gmail.com",
        "date_joined": "2015-10-29T20:35:48"
    },
    "model": "auth.user",
    "pk": 4
},
{
    "fields": {
        "username": "CEst",
        "first_name": "Camilo",
        "last_name": "Esteche",
        "is_active": true,
        "is_superuser": false,
        "is_staff": false,
        "last_login": "2015-12-10T20:38:30.904",
        "groups": [
            3
        ],
        "user_permissions": [],
        "password": "pbkdf2_sha256$15000$zLjDt9QFFNGf$njkBrYDgYDbuJC47gV5MgcBOzFTgGpv0O9uAwSLAsi0=",
        "email": "dd@gmail.com",
        "date_joined": "2015-10-29T20:38:16"
    },
    "model": "auth.user",
    "pk": 5
},
{
    "fields": {
        "username": "EGon",
        "first_name": "Emilia",
        "last_name": "Gonzalez",
        "is_active": true,
        "is_superuser": false,
        "is_staff": false,
        "last_login": "2015-11-27T13:04:32.997",
        "groups": [
            1
        ],
        "user_permissions": [],
        "password": "pbkdf2_sha256$15000$tADQyMHKOHFd$6nDhMdMXQ8YxE6NMxw/Kz70cGZby2X/PDe9gCieE0JM=",
        "email": "egon2015@gmail.com",
        "date_joined": "2015-10-29T20:39:41.372"
    },
    "model": "auth.user",
    "pk": 6
},
{
    "fields": {
        "username": "PCar",
        "first_name": "Pablo",
        "last_name": "Carvallo",
        "is_active": true,
        "is_superuser": false,
        "is_staff": false,
        "last_login": "2015-11-27T12:58:48.447",
        "groups": [],
        "user_permissions": [],
        "password": "pbkdf2_sha256$15000$jEL6BHDtT1sp$L0q8rm06e5XFO0wHFu4rCcGa3m8+rpTZULtiV+5yg4w=",
        "email": "pcar2015@gmail.com",
        "date_joined": "2015-10-29T20:42:39.501"
    },
    "model": "auth.user",
    "pk": 7
},
{
    "fields": {
        "username": "PSol",
        "first_name": "Paula",
        "last_name": "Solalinde",
        "is_active": true,
        "is_superuser": false,
        "is_staff": false,
        "last_login": "2015-12-10T20:39:08.805",
        "groups": [
            3
        ],
        "user_permissions": [],
        "password": "pbkdf2_sha256$15000$kXHmSWlyVIUM$k8RuFodLaY53SZvi4kgI/pWknak1k6+17I/N/CzhSnk=",
        "email": "hans.gpsk@gmail.com",
        "date_joined": "2015-10-29T20:44:30.355"
    },
    "model": "auth.user",
    "pk": 8
},
{
    "fields": {
        "username": "GSer",
        "first_name": "Gabriel",
        "last_name": "Servin",
        "is_active": true,
        "is_superuser": false,
        "is_staff": false,
        "last_login": "2015-12-10T20:33:53.878",
        "groups": [
            2,
            4
        ],
        "user_permissions": [],
        "password": "pbkdf2_sha256$15000$FYHsx6BVaqnQ$tY+yfxZPHnJMBSlb54gCFxa2hGlpyuH9F/bUnsLeEMY=",
        "email": "gser2015@gmail.com",
        "date_joined": "2015-10-29T20:47:54.583"
    },
    "model": "auth.user",
    "pk": 9
},
{
    "fields": {
        "username": "RIba",
        "first_name": "Raisa",
        "last_name": "Ibarra",
        "is_active": true,
        "is_superuser": false,
        "is_staff": false,
        "last_login": "2015-11-27T12:30:01.862",
        "groups": [],
        "user_permissions": [],
        "password": "pbkdf2_sha256$15000$86Dbx0lIAVf4$7xjYOob9I6xZrh0Sh8XvQXezAWJX/4VGP+n21OpFwdk=",
        "email": "riba2015@gmail.com",
        "date_joined": "2015-10-29T21:19:22.237"
    },
    "model": "auth.user",
    "pk": 10
},
{
    "fields": {
        "username": "PQui",
        "first_name": "Pedro",
        "last_name": "Quintana",
        "is_active": true,
        "is_superuser": false,
        "is_staff": false,
        "last_login": "2015-12-10T20:29:31.751",
        "groups": [
            3
        ],
        "user_permissions": [],
        "password": "pbkdf2_sha256$15000$ZPnKtAgWJjyv$RZDI6fmpU5umBkojWY+cmS76u7/MXc3/dMdtnoX5GbA=",
        "email": "bunkdan88@gmail.com",
        "date_joined": "2015-10-29T21:20:39"
    },
    "model": "auth.user",
    "pk": 11
},
{
    "fields": {
        "rolesproyecto": [
            1
        ],
        "telefono": "0981450016",
        "user": 2,
        "direccion": "Paso de patria, 2954"
    },
    "model": "usuarios.usuario",
    "pk": 1
},
{
    "fields": {
        "rolesproyecto": [],
        "telefono": "0983188947",
        "user": 3,
        "direccion": "Cruz del defensor, 2849"
    },
    "model": "usuarios.usuario",
    "pk": 2
},
{
    "fields": {
        "rolesproyecto": [
            1
        ],
        "telefono": "0991456589",
        "user": 4,
        "direccion": "Amambay, 754"
    },
    "model": "usuarios.usuario",
    "pk": 3
},
{
    "fields": {
        "rolesproyecto": [
            2
        ],
        "telefono": "0991981041",
        "user": 5,
        "direccion": "San Jose, 892"
    },
    "model": "usuarios.usuario",
    "pk": 4
},
{
    "fields": {
        "rolesproyecto": [],
        "telefono": "0974149612",
        "user": 6,
        "direccion": "Beato Roque Gonzalez, 1568"
    },
    "model": "usuarios.usuario",
    "pk": 5
},
{
    "fields": {
        "rolesproyecto": [],
        "telefono": "0961255429",
        "user": 7,
        "direccion": "Presbitero Fidel Maiz, 1569"
    },
    "model": "usuarios.usuario",
    "pk": 6
},
{
    "fields": {
        "rolesproyecto": [
            2
        ],
        "telefono": "0982938328",
        "user": 8,
        "direccion": "Pacheco, 1045"
    },
    "model": "usuarios.usuario",
    "pk": 7
},
{
    "fields": {
        "rolesproyecto": [
            1,
            3
        ],
        "telefono": "0991281284",
        "user": 9,
        "direccion": "Mayor Torales, 582"
    },
    "model": "usuarios.usuario",
    "pk": 8
},
{
    "fields": {
        "rolesproyecto": [],
        "telefono": "0991256783",
        "user": 10,
        "direccion": "Rca. Dominica, 1093"
    },
    "model": "usuarios.usuario",
    "pk": 9
},
{
    "fields": {
        "rolesproyecto": [
            2
        ],
        "telefono": "0981294878",
        "user": 11,
        "direccion": "Antequera, 789"
    },
    "model": "usuarios.usuario",
    "pk": 10
},
{
    "fields": {
        "nombre_corto": "Proyecto 1",
        "scrum_master": 2,
        "fecha_fin": "2015-12-11",
        "cliente": 1,
        "fecha_inicio": "2015-11-30",
        "equipo": [
            2,
            8,
            5,
            9
        ],
        "cancelado": false,
        "codigo": "p",
        "estado": "Activo",
        "nombre_largo": "Proyecto 1"
    },
    "model": "proyectos.proyecto",
    "pk": 1
},
{
    "fields": {
        "nombre_corto": "P2",
        "scrum_master": 9,
        "fecha_fin": "2016-02-19",
        "cliente": 3,
        "fecha_inicio": "2015-11-09",
        "equipo": [
            9
        ],
        "cancelado": false,
        "codigo": "p-1",
        "estado": "No iniciado",
        "nombre_largo": "Proyecto 2"
    },
    "model": "proyectos.proyecto",
    "pk": 2
},
{
    "fields": {
        "nombre_corto": "P3",
        "scrum_master": 2,
        "fecha_fin": "2016-03-03",
        "cliente": 2,
        "fecha_inicio": "2015-12-11",
        "equipo": [
            2
        ],
        "cancelado": false,
        "codigo": "p-2",
        "estado": "No iniciado",
        "nombre_largo": "Proyecto 3"
    },
    "model": "proyectos.proyecto",
    "pk": 3
},
{
    "fields": {
        "nombre_corto": "Proyecto I",
        "scrum_master": 2,
        "fecha_fin": "2015-12-17",
        "cliente": 3,
        "fecha_inicio": "2015-12-09",
        "equipo": [
            2,
            8,
            5,
            9
        ],
        "cancelado": false,
        "codigo": "p-3",
        "estado": "Activo",
        "nombre_largo": "Proyecto I - iniciado"
    },
    "model": "proyectos.proyecto",
    "pk": 4
},
{
    "fields": {
        "nombre_corto": "Proyecto Prueba",
        "scrum_master": 4,
        "fecha_fin": "2015-12-10",
        "cliente": 1,
        "fecha_inicio": "2015-11-23",
        "equipo": [
            4,
            11
        ],
        "cancelado": false,
        "codigo": "p-4",
        "estado": "Finalizado",
        "nombre_largo": "Proyecto Prueba - COPACO"
    },
    "model": "proyectos.proyecto",
    "pk": 5
},
{
    "fields": {
        "nombre_corto": "Proyecto Pr2",
        "scrum_master": 4,
        "fecha_fin": "2015-12-10",
        "cliente": 1,
        "fecha_inicio": "2015-12-10",
        "equipo": [
            4,
            11
        ],
        "cancelado": false,
        "codigo": "p-5",
        "estado": "Finalizado",
        "nombre_largo": "Prueba2"
    },
    "model": "proyectos.proyecto",
    "pk": 6
},
{
    "fields": {
        "nombre_corto": "Prueba3",
        "scrum_master": 4,
        "fecha_fin": "2015-12-11",
        "cliente": 1,
        "fecha_inicio": "2015-12-10",
        "equipo": [
            4,
            11
        ],
        "cancelado": false,
        "codigo": "p-6",
        "estado": "Finalizado",
        "nombre_largo": "PR"
    },
    "model": "proyectos.proyecto",
    "pk": 7
},
{
    "fields": {
        "group": 2,
        "es_rol_proyecto": true
    },
    "model": "roles_proyecto.rolproyecto",
    "pk": 1
},
{
    "fields": {
        "group": 3,
        "es_rol_proyecto": true
    },
    "model": "roles_proyecto.rolproyecto",
    "pk": 2
},
{
    "fields": {
        "group": 4,
        "es_rol_proyecto": true
    },
    "model": "roles_proyecto.rolproyecto",
    "pk": 3
},
{
    "fields": {
        "proyecto": 2,
        "horas_developer": 0,
        "user": 9,
        "rol_proyecto": 1
    },
    "model": "roles_proyecto.rolproyecto_proyecto",
    "pk": 2
},
{
    "fields": {
        "proyecto": 3,
        "horas_developer": 0,
        "user": 2,
        "rol_proyecto": 1
    },
    "model": "roles_proyecto.rolproyecto_proyecto",
    "pk": 3
},
{
    "fields": {
        "proyecto": 1,
        "horas_developer": 8,
        "user": 8,
        "rol_proyecto": 2
    },
    "model": "roles_proyecto.rolproyecto_proyecto",
    "pk": 5
},
{
    "fields": {
        "proyecto": 1,
        "horas_developer": 8,
        "user": 5,
        "rol_proyecto": 2
    },
    "model": "roles_proyecto.rolproyecto_proyecto",
    "pk": 6
},
{
    "fields": {
        "proyecto": 1,
        "horas_developer": 0,
        "user": 9,
        "rol_proyecto": 3
    },
    "model": "roles_proyecto.rolproyecto_proyecto",
    "pk": 7
},
{
    "fields": {
        "proyecto": 4,
        "horas_developer": 4,
        "user": 8,
        "rol_proyecto": 2
    },
    "model": "roles_proyecto.rolproyecto_proyecto",
    "pk": 13
},
{
    "fields": {
        "proyecto": 4,
        "horas_developer": 4,
        "user": 5,
        "rol_proyecto": 2
    },
    "model": "roles_proyecto.rolproyecto_proyecto",
    "pk": 14
},
{
    "fields": {
        "proyecto": 4,
        "horas_developer": 0,
        "user": 9,
        "rol_proyecto": 3
    },
    "model": "roles_proyecto.rolproyecto_proyecto",
    "pk": 15
},
{
    "fields": {
        "proyecto": 5,
        "horas_developer": 5,
        "user": 11,
        "rol_proyecto": 2
    },
    "model": "roles_proyecto.rolproyecto_proyecto",
    "pk": 17
},
{
    "fields": {
        "proyecto": 5,
        "horas_developer": 0,
        "user": 4,
        "rol_proyecto": 1
    },
    "model": "roles_proyecto.rolproyecto_proyecto",
    "pk": 18
},
{
    "fields": {
        "proyecto": 6,
        "horas_developer": 0,
        "user": 4,
        "rol_proyecto": 1
    },
    "model": "roles_proyecto.rolproyecto_proyecto",
    "pk": 19
},
{
    "fields": {
        "proyecto": 6,
        "horas_developer": 8,
        "user": 11,
        "rol_proyecto": 2
    },
    "model": "roles_proyecto.rolproyecto_proyecto",
    "pk": 20
},
{
    "fields": {
        "proyecto": 7,
        "horas_developer": 0,
        "user": 4,
        "rol_proyecto": 1
    },
    "model": "roles_proyecto.rolproyecto_proyecto",
    "pk": 21
},
{
    "fields": {
        "proyecto": 7,
        "horas_developer": 8,
        "user": 11,
        "rol_proyecto": 2
    },
    "model": "roles_proyecto.rolproyecto_proyecto",
    "pk": 22
},
{
    "fields": {
        "proyecto": 4,
        "horas_developer": 0,
        "user": 2,
        "rol_proyecto": 1
    },
    "model": "roles_proyecto.rolproyecto_proyecto",
    "pk": 23
},
{
    "fields": {
        "proyecto": 1,
        "horas_developer": 0,
        "user": 2,
        "rol_proyecto": 1
    },
    "model": "roles_proyecto.rolproyecto_proyecto",
    "pk": 25
},
{
    "fields": {
        "horas_acumuladas": 20,
        "sprint": 4,
        "usuario": 8,
        "proyecto": 1,
        "descripcion": "US1",
        "nombre": "us1",
        "estimacion": 20,
        "flujo": 4,
        "estado": "Aprobado",
        "prioridad": 2,
        "valor_negocio": 3,
        "valor_tecnico": 5
    },
    "model": "user_stories.userstory",
    "pk": 17
},
{
    "fields": {
        "horas_acumuladas": 20,
        "sprint": 4,
        "usuario": 8,
        "proyecto": 1,
        "descripcion": "US2",
        "nombre": "us2",
        "estimacion": 20,
        "flujo": 5,
        "estado": "Aprobado",
        "prioridad": 3,
        "valor_negocio": 5,
        "valor_tecnico": 3
    },
    "model": "user_stories.userstory",
    "pk": 18
},
{
    "fields": {
        "horas_acumuladas": 25,
        "sprint": 4,
        "usuario": 5,
        "proyecto": 1,
        "descripcion": "US3",
        "nombre": "us3",
        "estimacion": 25,
        "flujo": 4,
        "estado": "Aprobado",
        "prioridad": 9,
        "valor_negocio": 8,
        "valor_tecnico": 6
    },
    "model": "user_stories.userstory",
    "pk": 19
},
{
    "fields": {
        "horas_acumuladas": 15,
        "sprint": 4,
        "usuario": 5,
        "proyecto": 1,
        "descripcion": "us4",
        "nombre": "us4",
        "estimacion": 15,
        "flujo": 5,
        "estado": "Aprobado",
        "prioridad": 6,
        "valor_negocio": 3,
        "valor_tecnico": 7
    },
    "model": "user_stories.userstory",
    "pk": 20
},
{
    "fields": {
        "horas_acumuladas": 20,
        "sprint": 5,
        "usuario": 8,
        "proyecto": 1,
        "descripcion": "User Story 5",
        "nombre": "us5",
        "estimacion": 20,
        "flujo": 4,
        "estado": "Aprobado",
        "prioridad": 3,
        "valor_negocio": 7,
        "valor_tecnico": 4
    },
    "model": "user_stories.userstory",
    "pk": 21
},
{
    "fields": {
        "horas_acumuladas": 20,
        "sprint": 5,
        "usuario": 8,
        "proyecto": 1,
        "descripcion": "User Story",
        "nombre": "us6",
        "estimacion": 20,
        "flujo": 5,
        "estado": "Aprobado",
        "prioridad": 3,
        "valor_negocio": 9,
        "valor_tecnico": 3
    },
    "model": "user_stories.userstory",
    "pk": 22
},
{
    "fields": {
        "horas_acumuladas": 20,
        "sprint": 5,
        "usuario": 5,
        "proyecto": 1,
        "descripcion": "User Story 7",
        "nombre": "us7",
        "estimacion": 20,
        "flujo": 4,
        "estado": "Aprobado",
        "prioridad": 8,
        "valor_negocio": 2,
        "valor_tecnico": 6
    },
    "model": "user_stories.userstory",
    "pk": 23
},
{
    "fields": {
        "horas_acumuladas": 20,
        "sprint": 5,
        "usuario": 5,
        "proyecto": 1,
        "descripcion": "User Story 8",
        "nombre": "us8",
        "estimacion": 20,
        "flujo": 5,
        "estado": "Aprobado",
        "prioridad": 6,
        "valor_negocio": 1,
        "valor_tecnico": 6
    },
    "model": "user_stories.userstory",
    "pk": 24
},
{
    "fields": {
        "horas_acumuladas": 8,
        "sprint": 6,
        "usuario": 8,
        "proyecto": 4,
        "descripcion": "User Story 1 - I",
        "nombre": "us1 - I",
        "estimacion": 14,
        "flujo": 6,
        "estado": "Activo",
        "prioridad": 3,
        "valor_negocio": 2,
        "valor_tecnico": 3
    },
    "model": "user_stories.userstory",
    "pk": 25
},
{
    "fields": {
        "horas_acumuladas": 0,
        "sprint": 6,
        "usuario": 8,
        "proyecto": 4,
        "descripcion": "User Story 2 - I",
        "nombre": "us2 - I",
        "estimacion": 14,
        "flujo": 6,
        "estado": "Activo",
        "prioridad": 3,
        "valor_negocio": 4,
        "valor_tecnico": 3
    },
    "model": "user_stories.userstory",
    "pk": 26
},
{
    "fields": {
        "horas_acumuladas": 0,
        "sprint": 6,
        "usuario": 5,
        "proyecto": 4,
        "descripcion": "User Story 3 - I",
        "nombre": "us3 - I",
        "estimacion": 28,
        "flujo": 6,
        "estado": "Activo",
        "prioridad": 3,
        "valor_negocio": 4,
        "valor_tecnico": 6
    },
    "model": "user_stories.userstory",
    "pk": 27
},
{
    "fields": {
        "horas_acumuladas": 3,
        "sprint": 7,
        "usuario": 11,
        "proyecto": 5,
        "descripcion": "Usprueba",
        "nombre": "usprueba1",
        "estimacion": 10,
        "flujo": 8,
        "estado": "Aprobado",
        "prioridad": 2,
        "valor_negocio": 0,
        "valor_tecnico": 2
    },
    "model": "user_stories.userstory",
    "pk": 28
},
{
    "fields": {
        "horas_acumuladas": 0,
        "sprint": 8,
        "usuario": 11,
        "proyecto": 6,
        "descripcion": "Us",
        "nombre": "us1-pruba2",
        "estimacion": 4,
        "flujo": 10,
        "estado": "Pendiente",
        "prioridad": 3,
        "valor_negocio": 0,
        "valor_tecnico": 3
    },
    "model": "user_stories.userstory",
    "pk": 29
},
{
    "fields": {
        "horas_acumuladas": 0,
        "sprint": 9,
        "usuario": 11,
        "proyecto": 7,
        "descripcion": "us",
        "nombre": "us-pr3",
        "estimacion": 4,
        "flujo": 11,
        "estado": "Finalizado",
        "prioridad": 3,
        "valor_negocio": 0,
        "valor_tecnico": 3
    },
    "model": "user_stories.userstory",
    "pk": 30
},
{
    "fields": {
        "horas_acumuladas": 0,
        "sprint": 10,
        "usuario": 11,
        "proyecto": 7,
        "descripcion": "u",
        "nombre": "us-pr32",
        "estimacion": 2,
        "flujo": 11,
        "estado": "Pendiente",
        "prioridad": 1,
        "valor_negocio": 0,
        "valor_tecnico": 1
    },
    "model": "user_stories.userstory",
    "pk": 31
},
{
    "fields": {
        "horas_acumuladas": 0,
        "sprint": 10,
        "usuario": 11,
        "proyecto": 7,
        "descripcion": "us",
        "nombre": "us1-p33",
        "estimacion": 3,
        "flujo": 11,
        "estado": "Pendiente",
        "prioridad": 1,
        "valor_negocio": 0,
        "valor_tecnico": 2
    },
    "model": "user_stories.userstory",
    "pk": 32
},
{
    "fields": {
        "user_story": 17,
        "campo": "",
        "fecha": "2015-11-27T19:06:12.530",
        "usuario": 2,
        "valor": "",
        "operacion": "creado"
    },
    "model": "user_stories.historialuserstory",
    "pk": 117
},
{
    "fields": {
        "user_story": 18,
        "campo": "",
        "fecha": "2015-11-27T19:06:31.349",
        "usuario": 2,
        "valor": "",
        "operacion": "creado"
    },
    "model": "user_stories.historialuserstory",
    "pk": 118
},
{
    "fields": {
        "user_story": 19,
        "campo": "",
        "fecha": "2015-11-27T19:06:55.297",
        "usuario": 2,
        "valor": "",
        "operacion": "creado"
    },
    "model": "user_stories.historialuserstory",
    "pk": 119
},
{
    "fields": {
        "user_story": 20,
        "campo": "",
        "fecha": "2015-11-27T19:07:13.783",
        "usuario": 2,
        "valor": "",
        "operacion": "creado"
    },
    "model": "user_stories.historialuserstory",
    "pk": 120
},
{
    "fields": {
        "user_story": 17,
        "campo": "desarrollador",
        "fecha": "2015-11-27T19:08:08.189",
        "usuario": 2,
        "valor": "PSol",
        "operacion": "modificado"
    },
    "model": "user_stories.historialuserstory",
    "pk": 121
},
{
    "fields": {
        "user_story": 17,
        "campo": "flujo",
        "fecha": "2015-11-27T19:08:08.199",
        "usuario": 2,
        "valor": "Flujo 1",
        "operacion": "modificado"
    },
    "model": "user_stories.historialuserstory",
    "pk": 122
},
{
    "fields": {
        "user_story": 17,
        "campo": "sprint",
        "fecha": "2015-11-27T19:08:08.210",
        "usuario": 2,
        "valor": "Sprint 1",
        "operacion": "modificado"
    },
    "model": "user_stories.historialuserstory",
    "pk": 123
},
{
    "fields": {
        "user_story": 17,
        "campo": "estado",
        "fecha": "2015-11-27T19:08:08.221",
        "usuario": 2,
        "valor": "Activo",
        "operacion": "modificado"
    },
    "model": "user_stories.historialuserstory",
    "pk": 124
},
{
    "fields": {
        "user_story": 18,
        "campo": "desarrollador",
        "fecha": "2015-11-27T19:08:15.222",
        "usuario": 2,
        "valor": "PSol",
        "operacion": "modificado"
    },
    "model": "user_stories.historialuserstory",
    "pk": 125
},
{
    "fields": {
        "user_story": 18,
        "campo": "flujo",
        "fecha": "2015-11-27T19:08:15.232",
        "usuario": 2,
        "valor": "Flujo 2",
        "operacion": "modificado"
    },
    "model": "user_stories.historialuserstory",
    "pk": 126
},
{
    "fields": {
        "user_story": 18,
        "campo": "sprint",
        "fecha": "2015-11-27T19:08:15.243",
        "usuario": 2,
        "valor": "Sprint 1",
        "operacion": "modificado"
    },
    "model": "user_stories.historialuserstory",
    "pk": 127
},
{
    "fields": {
        "user_story": 18,
        "campo": "estado",
        "fecha": "2015-11-27T19:08:15.254",
        "usuario": 2,
        "valor": "Activo",
        "operacion": "modificado"
    },
    "model": "user_stories.historialuserstory",
    "pk": 128
},
{
    "fields": {
        "user_story": 19,
        "campo": "desarrollador",
        "fecha": "2015-11-27T19:08:27.101",
        "usuario": 2,
        "valor": "CEst",
        "operacion": "modificado"
    },
    "model": "user_stories.historialuserstory",
    "pk": 129
},
{
    "fields": {
        "user_story": 19,
        "campo": "flujo",
        "fecha": "2015-11-27T19:08:27.110",
        "usuario": 2,
        "valor": "Flujo 1",
        "operacion": "modificado"
    },
    "model": "user_stories.historialuserstory",
    "pk": 130
},
{
    "fields": {
        "user_story": 19,
        "campo": "sprint",
        "fecha": "2015-11-27T19:08:27.121",
        "usuario": 2,
        "valor": "Sprint 1",
        "operacion": "modificado"
    },
    "model": "user_stories.historialuserstory",
    "pk": 131
},
{
    "fields": {
        "user_story": 19,
        "campo": "estado",
        "fecha": "2015-11-27T19:08:27.133",
        "usuario": 2,
        "valor": "Activo",
        "operacion": "modificado"
    },
    "model": "user_stories.historialuserstory",
    "pk": 132
},
{
    "fields": {
        "user_story": 20,
        "campo": "desarrollador",
        "fecha": "2015-11-27T19:08:34.145",
        "usuario": 2,
        "valor": "CEst",
        "operacion": "modificado"
    },
    "model": "user_stories.historialuserstory",
    "pk": 133
},
{
    "fields": {
        "user_story": 20,
        "campo": "flujo",
        "fecha": "2015-11-27T19:08:34.212",
        "usuario": 2,
        "valor": "Flujo 2",
        "operacion": "modificado"
    },
    "model": "user_stories.historialuserstory",
    "pk": 134
},
{
    "fields": {
        "user_story": 20,
        "campo": "sprint",
        "fecha": "2015-11-27T19:08:34.232",
        "usuario": 2,
        "valor": "Sprint 1",
        "operacion": "modificado"
    },
    "model": "user_stories.historialuserstory",
    "pk": 135
},
{
    "fields": {
        "user_story": 20,
        "campo": "estado",
        "fecha": "2015-11-27T19:08:34.305",
        "usuario": 2,
        "valor": "Activo",
        "operacion": "modificado"
    },
    "model": "user_stories.historialuserstory",
    "pk": 136
},
{
    "fields": {
        "user_story": 17,
        "campo": "",
        "fecha": "2015-11-27T19:16:58.553",
        "usuario": 8,
        "valor": "",
        "operacion": "iniciado"
    },
    "model": "user_stories.historialuserstory",
    "pk": 137
},
{
    "fields": {
        "user_story": 18,
        "campo": "",
        "fecha": "2015-11-27T19:16:58.587",
        "usuario": 8,
        "valor": "",
        "operacion": "iniciado"
    },
    "model": "user_stories.historialuserstory",
    "pk": 138
},
{
    "fields": {
        "user_story": 19,
        "campo": "",
        "fecha": "2015-11-27T19:16:58.620",
        "usuario": 5,
        "valor": "",
        "operacion": "iniciado"
    },
    "model": "user_stories.historialuserstory",
    "pk": 139
},
{
    "fields": {
        "user_story": 20,
        "campo": "",
        "fecha": "2015-11-27T19:16:58.653",
        "usuario": 5,
        "valor": "",
        "operacion": "iniciado"
    },
    "model": "user_stories.historialuserstory",
    "pk": 140
},
{
    "fields": {
        "user_story": 19,
        "campo": "",
        "fecha": "2015-11-27T19:26:23.064",
        "usuario": 5,
        "valor": "",
        "operacion": "finalizado"
    },
    "model": "user_stories.historialuserstory",
    "pk": 141
},
{
    "fields": {
        "user_story": 20,
        "campo": "",
        "fecha": "2015-11-27T19:29:18.389",
        "usuario": 5,
        "valor": "",
        "operacion": "finalizado"
    },
    "model": "user_stories.historialuserstory",
    "pk": 142
},
{
    "fields": {
        "user_story": 17,
        "campo": "",
        "fecha": "2015-11-27T19:34:53.952",
        "usuario": 8,
        "valor": "",
        "operacion": "finalizado"
    },
    "model": "user_stories.historialuserstory",
    "pk": 143
},
{
    "fields": {
        "user_story": 18,
        "campo": "",
        "fecha": "2015-11-27T19:34:58.040",
        "usuario": 8,
        "valor": "",
        "operacion": "finalizado"
    },
    "model": "user_stories.historialuserstory",
    "pk": 144
},
{
    "fields": {
        "user_story": 19,
        "campo": "",
        "fecha": "2015-11-27T20:25:06.426",
        "usuario": 2,
        "valor": "",
        "operacion": "aprobado"
    },
    "model": "user_stories.historialuserstory",
    "pk": 145
},
{
    "fields": {
        "user_story": 20,
        "campo": "",
        "fecha": "2015-11-27T20:25:33.705",
        "usuario": 2,
        "valor": "",
        "operacion": "aprobado"
    },
    "model": "user_stories.historialuserstory",
    "pk": 146
},
{
    "fields": {
        "user_story": 18,
        "campo": "",
        "fecha": "2015-11-27T20:25:40.249",
        "usuario": 2,
        "valor": "",
        "operacion": "aprobado"
    },
    "model": "user_stories.historialuserstory",
    "pk": 147
},
{
    "fields": {
        "user_story": 17,
        "campo": "",
        "fecha": "2015-11-27T20:27:53.385",
        "usuario": 8,
        "valor": "",
        "operacion": "finalizado"
    },
    "model": "user_stories.historialuserstory",
    "pk": 148
},
{
    "fields": {
        "user_story": 17,
        "campo": "",
        "fecha": "2015-11-27T20:28:14.263",
        "usuario": 2,
        "valor": "",
        "operacion": "aprobado"
    },
    "model": "user_stories.historialuserstory",
    "pk": 149
},
{
    "fields": {
        "user_story": 21,
        "campo": "",
        "fecha": "2015-11-23T21:51:02.121",
        "usuario": 2,
        "valor": "",
        "operacion": "creado"
    },
    "model": "user_stories.historialuserstory",
    "pk": 150
},
{
    "fields": {
        "user_story": 22,
        "campo": "",
        "fecha": "2015-11-23T21:51:20.500",
        "usuario": 2,
        "valor": "",
        "operacion": "creado"
    },
    "model": "user_stories.historialuserstory",
    "pk": 151
},
{
    "fields": {
        "user_story": 23,
        "campo": "",
        "fecha": "2015-11-23T21:51:38.280",
        "usuario": 2,
        "valor": "",
        "operacion": "creado"
    },
    "model": "user_stories.historialuserstory",
    "pk": 152
},
{
    "fields": {
        "user_story": 24,
        "campo": "",
        "fecha": "2015-11-23T21:52:21.790",
        "usuario": 2,
        "valor": "",
        "operacion": "creado"
    },
    "model": "user_stories.historialuserstory",
    "pk": 153
},
{
    "fields": {
        "user_story": 21,
        "campo": "desarrollador",
        "fecha": "2015-11-23T21:54:12.361",
        "usuario": 2,
        "valor": "PSol",
        "operacion": "modificado"
    },
    "model": "user_stories.historialuserstory",
    "pk": 154
},
{
    "fields": {
        "user_story": 21,
        "campo": "flujo",
        "fecha": "2015-11-23T21:54:12.369",
        "usuario": 2,
        "valor": "Flujo 1",
        "operacion": "modificado"
    },
    "model": "user_stories.historialuserstory",
    "pk": 155
},
{
    "fields": {
        "user_story": 21,
        "campo": "sprint",
        "fecha": "2015-11-23T21:54:12.380",
        "usuario": 2,
        "valor": "Sprint 2",
        "operacion": "modificado"
    },
    "model": "user_stories.historialuserstory",
    "pk": 156
},
{
    "fields": {
        "user_story": 21,
        "campo": "estado",
        "fecha": "2015-11-23T21:54:12.391",
        "usuario": 2,
        "valor": "Activo",
        "operacion": "modificado"
    },
    "model": "user_stories.historialuserstory",
    "pk": 157
},
{
    "fields": {
        "user_story": 22,
        "campo": "desarrollador",
        "fecha": "2015-11-23T21:54:20.071",
        "usuario": 2,
        "valor": "PSol",
        "operacion": "modificado"
    },
    "model": "user_stories.historialuserstory",
    "pk": 158
},
{
    "fields": {
        "user_story": 22,
        "campo": "flujo",
        "fecha": "2015-11-23T21:54:20.080",
        "usuario": 2,
        "valor": "Flujo 2",
        "operacion": "modificado"
    },
    "model": "user_stories.historialuserstory",
    "pk": 159
},
{
    "fields": {
        "user_story": 22,
        "campo": "sprint",
        "fecha": "2015-11-23T21:54:20.092",
        "usuario": 2,
        "valor": "Sprint 2",
        "operacion": "modificado"
    },
    "model": "user_stories.historialuserstory",
    "pk": 160
},
{
    "fields": {
        "user_story": 22,
        "campo": "estado",
        "fecha": "2015-11-23T21:54:20.103",
        "usuario": 2,
        "valor": "Activo",
        "operacion": "modificado"
    },
    "model": "user_stories.historialuserstory",
    "pk": 161
},
{
    "fields": {
        "user_story": 23,
        "campo": "desarrollador",
        "fecha": "2015-11-23T21:54:28.884",
        "usuario": 2,
        "valor": "CEst",
        "operacion": "modificado"
    },
    "model": "user_stories.historialuserstory",
    "pk": 162
},
{
    "fields": {
        "user_story": 23,
        "campo": "flujo",
        "fecha": "2015-11-23T21:54:28.892",
        "usuario": 2,
        "valor": "Flujo 1",
        "operacion": "modificado"
    },
    "model": "user_stories.historialuserstory",
    "pk": 163
},
{
    "fields": {
        "user_story": 23,
        "campo": "sprint",
        "fecha": "2015-11-23T21:54:28.903",
        "usuario": 2,
        "valor": "Sprint 2",
        "operacion": "modificado"
    },
    "model": "user_stories.historialuserstory",
    "pk": 164
},
{
    "fields": {
        "user_story": 23,
        "campo": "estado",
        "fecha": "2015-11-23T21:54:28.914",
        "usuario": 2,
        "valor": "Activo",
        "operacion": "modificado"
    },
    "model": "user_stories.historialuserstory",
    "pk": 165
},
{
    "fields": {
        "user_story": 24,
        "campo": "desarrollador",
        "fecha": "2015-11-23T21:54:38.126",
        "usuario": 2,
        "valor": "CEst",
        "operacion": "modificado"
    },
    "model": "user_stories.historialuserstory",
    "pk": 166
},
{
    "fields": {
        "user_story": 24,
        "campo": "flujo",
        "fecha": "2015-11-23T21:54:38.136",
        "usuario": 2,
        "valor": "Flujo 2",
        "operacion": "modificado"
    },
    "model": "user_stories.historialuserstory",
    "pk": 167
},
{
    "fields": {
        "user_story": 24,
        "campo": "sprint",
        "fecha": "2015-11-23T21:54:38.147",
        "usuario": 2,
        "valor": "Sprint 2",
        "operacion": "modificado"
    },
    "model": "user_stories.historialuserstory",
    "pk": 168
},
{
    "fields": {
        "user_story": 24,
        "campo": "estado",
        "fecha": "2015-11-23T21:54:38.158",
        "usuario": 2,
        "valor": "Activo",
        "operacion": "modificado"
    },
    "model": "user_stories.historialuserstory",
    "pk": 169
},
{
    "fields": {
        "user_story": 21,
        "campo": "",
        "fecha": "2015-11-23T21:54:46.504",
        "usuario": 8,
        "valor": "",
        "operacion": "iniciado"
    },
    "model": "user_stories.historialuserstory",
    "pk": 170
},
{
    "fields": {
        "user_story": 22,
        "campo": "",
        "fecha": "2015-11-23T21:54:46.537",
        "usuario": 8,
        "valor": "",
        "operacion": "iniciado"
    },
    "model": "user_stories.historialuserstory",
    "pk": 171
},
{
    "fields": {
        "user_story": 23,
        "campo": "",
        "fecha": "2015-11-23T21:54:46.570",
        "usuario": 5,
        "valor": "",
        "operacion": "iniciado"
    },
    "model": "user_stories.historialuserstory",
    "pk": 172
},
{
    "fields": {
        "user_story": 24,
        "campo": "",
        "fecha": "2015-11-23T21:54:46.605",
        "usuario": 5,
        "valor": "",
        "operacion": "iniciado"
    },
    "model": "user_stories.historialuserstory",
    "pk": 173
},
{
    "fields": {
        "user_story": 21,
        "campo": "",
        "fecha": "2015-11-27T03:04:14.217",
        "usuario": 8,
        "valor": "",
        "operacion": "finalizado"
    },
    "model": "user_stories.historialuserstory",
    "pk": 174
},
{
    "fields": {
        "user_story": 22,
        "campo": "",
        "fecha": "2015-11-27T03:04:16.251",
        "usuario": 8,
        "valor": "",
        "operacion": "finalizado"
    },
    "model": "user_stories.historialuserstory",
    "pk": 175
},
{
    "fields": {
        "user_story": 21,
        "campo": "",
        "fecha": "2015-11-27T03:05:03.385",
        "usuario": 2,
        "valor": "",
        "operacion": "aprobado"
    },
    "model": "user_stories.historialuserstory",
    "pk": 176
},
{
    "fields": {
        "user_story": 22,
        "campo": "",
        "fecha": "2015-11-27T03:05:09.463",
        "usuario": 2,
        "valor": "",
        "operacion": "aprobado"
    },
    "model": "user_stories.historialuserstory",
    "pk": 177
},
{
    "fields": {
        "user_story": 23,
        "campo": "",
        "fecha": "2015-11-27T09:08:40.766",
        "usuario": 5,
        "valor": "",
        "operacion": "finalizado"
    },
    "model": "user_stories.historialuserstory",
    "pk": 178
},
{
    "fields": {
        "user_story": 24,
        "campo": "",
        "fecha": "2015-11-27T09:08:42.867",
        "usuario": 5,
        "valor": "",
        "operacion": "finalizado"
    },
    "model": "user_stories.historialuserstory",
    "pk": 179
},
{
    "fields": {
        "user_story": 23,
        "campo": "",
        "fecha": "2015-11-27T09:10:15.101",
        "usuario": 2,
        "valor": "",
        "operacion": "aprobado"
    },
    "model": "user_stories.historialuserstory",
    "pk": 180
},
{
    "fields": {
        "user_story": 24,
        "campo": "",
        "fecha": "2015-11-27T09:10:22.912",
        "usuario": 2,
        "valor": "",
        "operacion": "aprobado"
    },
    "model": "user_stories.historialuserstory",
    "pk": 181
},
{
    "fields": {
        "user_story": 25,
        "campo": "",
        "fecha": "2015-11-25T10:33:20.220",
        "usuario": 2,
        "valor": "",
        "operacion": "creado"
    },
    "model": "user_stories.historialuserstory",
    "pk": 182
},
{
    "fields": {
        "user_story": 26,
        "campo": "",
        "fecha": "2015-11-25T10:34:06.331",
        "usuario": 2,
        "valor": "",
        "operacion": "creado"
    },
    "model": "user_stories.historialuserstory",
    "pk": 183
},
{
    "fields": {
        "user_story": 27,
        "campo": "",
        "fecha": "2015-11-25T10:34:35.109",
        "usuario": 2,
        "valor": "",
        "operacion": "creado"
    },
    "model": "user_stories.historialuserstory",
    "pk": 184
},
{
    "fields": {
        "user_story": 25,
        "campo": "nombre",
        "fecha": "2015-11-25T10:34:50.246",
        "usuario": 2,
        "valor": "us1 - I",
        "operacion": "modificado"
    },
    "model": "user_stories.historialuserstory",
    "pk": 185
},
{
    "fields": {
        "user_story": 25,
        "campo": "valor de negocio",
        "fecha": "2015-11-25T10:40:34.184",
        "usuario": 9,
        "valor": "2",
        "operacion": "modificado"
    },
    "model": "user_stories.historialuserstory",
    "pk": 186
},
{
    "fields": {
        "user_story": 26,
        "campo": "valor de negocio",
        "fecha": "2015-11-25T10:40:39.018",
        "usuario": 9,
        "valor": "4",
        "operacion": "modificado"
    },
    "model": "user_stories.historialuserstory",
    "pk": 187
},
{
    "fields": {
        "user_story": 27,
        "campo": "valor de negocio",
        "fecha": "2015-11-25T10:40:43.597",
        "usuario": 9,
        "valor": "4",
        "operacion": "modificado"
    },
    "model": "user_stories.historialuserstory",
    "pk": 188
},
{
    "fields": {
        "user_story": 27,
        "campo": "estimacion",
        "fecha": "2015-11-25T10:44:16.854",
        "usuario": 2,
        "valor": "28",
        "operacion": "modificado"
    },
    "model": "user_stories.historialuserstory",
    "pk": 189
},
{
    "fields": {
        "user_story": 26,
        "campo": "estimacion",
        "fecha": "2015-11-25T10:44:23.366",
        "usuario": 2,
        "valor": "12",
        "operacion": "modificado"
    },
    "model": "user_stories.historialuserstory",
    "pk": 190
},
{
    "fields": {
        "user_story": 26,
        "campo": "estimacion",
        "fecha": "2015-11-25T10:44:30.699",
        "usuario": 2,
        "valor": "14",
        "operacion": "modificado"
    },
    "model": "user_stories.historialuserstory",
    "pk": 191
},
{
    "fields": {
        "user_story": 25,
        "campo": "estimacion",
        "fecha": "2015-11-25T10:44:37.089",
        "usuario": 2,
        "valor": "14",
        "operacion": "modificado"
    },
    "model": "user_stories.historialuserstory",
    "pk": 192
},
{
    "fields": {
        "user_story": 25,
        "campo": "desarrollador",
        "fecha": "2015-11-25T10:45:13.878",
        "usuario": 2,
        "valor": "PSol",
        "operacion": "modificado"
    },
    "model": "user_stories.historialuserstory",
    "pk": 193
},
{
    "fields": {
        "user_story": 25,
        "campo": "flujo",
        "fecha": "2015-11-25T10:45:13.887",
        "usuario": 2,
        "valor": "Flujo 1",
        "operacion": "modificado"
    },
    "model": "user_stories.historialuserstory",
    "pk": 194
},
{
    "fields": {
        "user_story": 25,
        "campo": "sprint",
        "fecha": "2015-11-25T10:45:13.898",
        "usuario": 2,
        "valor": "Sprint 1 - I",
        "operacion": "modificado"
    },
    "model": "user_stories.historialuserstory",
    "pk": 195
},
{
    "fields": {
        "user_story": 25,
        "campo": "estado",
        "fecha": "2015-11-25T10:45:13.909",
        "usuario": 2,
        "valor": "Activo",
        "operacion": "modificado"
    },
    "model": "user_stories.historialuserstory",
    "pk": 196
},
{
    "fields": {
        "user_story": 26,
        "campo": "desarrollador",
        "fecha": "2015-11-25T10:45:20.121",
        "usuario": 2,
        "valor": "PSol",
        "operacion": "modificado"
    },
    "model": "user_stories.historialuserstory",
    "pk": 197
},
{
    "fields": {
        "user_story": 26,
        "campo": "flujo",
        "fecha": "2015-11-25T10:45:20.131",
        "usuario": 2,
        "valor": "Flujo 1",
        "operacion": "modificado"
    },
    "model": "user_stories.historialuserstory",
    "pk": 198
},
{
    "fields": {
        "user_story": 26,
        "campo": "sprint",
        "fecha": "2015-11-25T10:45:20.142",
        "usuario": 2,
        "valor": "Sprint 1 - I",
        "operacion": "modificado"
    },
    "model": "user_stories.historialuserstory",
    "pk": 199
},
{
    "fields": {
        "user_story": 26,
        "campo": "estado",
        "fecha": "2015-11-25T10:45:20.153",
        "usuario": 2,
        "valor": "Activo",
        "operacion": "modificado"
    },
    "model": "user_stories.historialuserstory",
    "pk": 200
},
{
    "fields": {
        "user_story": 27,
        "campo": "desarrollador",
        "fecha": "2015-11-25T10:45:27.499",
        "usuario": 2,
        "valor": "CEst",
        "operacion": "modificado"
    },
    "model": "user_stories.historialuserstory",
    "pk": 201
},
{
    "fields": {
        "user_story": 27,
        "campo": "flujo",
        "fecha": "2015-11-25T10:45:27.509",
        "usuario": 2,
        "valor": "Flujo 1",
        "operacion": "modificado"
    },
    "model": "user_stories.historialuserstory",
    "pk": 202
},
{
    "fields": {
        "user_story": 27,
        "campo": "sprint",
        "fecha": "2015-11-25T10:45:27.520",
        "usuario": 2,
        "valor": "Sprint 1 - I",
        "operacion": "modificado"
    },
    "model": "user_stories.historialuserstory",
    "pk": 203
},
{
    "fields": {
        "user_story": 27,
        "campo": "estado",
        "fecha": "2015-11-25T10:45:27.531",
        "usuario": 2,
        "valor": "Activo",
        "operacion": "modificado"
    },
    "model": "user_stories.historialuserstory",
    "pk": 204
},
{
    "fields": {
        "user_story": 25,
        "campo": "",
        "fecha": "2015-11-25T10:45:47.865",
        "usuario": 8,
        "valor": "",
        "operacion": "iniciado"
    },
    "model": "user_stories.historialuserstory",
    "pk": 205
},
{
    "fields": {
        "user_story": 26,
        "campo": "",
        "fecha": "2015-11-25T10:45:47.898",
        "usuario": 8,
        "valor": "",
        "operacion": "iniciado"
    },
    "model": "user_stories.historialuserstory",
    "pk": 206
},
{
    "fields": {
        "user_story": 27,
        "campo": "",
        "fecha": "2015-11-25T10:45:47.931",
        "usuario": 5,
        "valor": "",
        "operacion": "iniciado"
    },
    "model": "user_stories.historialuserstory",
    "pk": 207
},
{
    "fields": {
        "user_story": 28,
        "campo": "",
        "fecha": "2015-12-08T04:27:26.170",
        "usuario": 4,
        "valor": "",
        "operacion": "creado"
    },
    "model": "user_stories.historialuserstory",
    "pk": 208
},
{
    "fields": {
        "user_story": 28,
        "campo": "desarrollador",
        "fecha": "2015-12-08T04:29:44.742",
        "usuario": 4,
        "valor": "PQui",
        "operacion": "modificado"
    },
    "model": "user_stories.historialuserstory",
    "pk": 209
},
{
    "fields": {
        "user_story": 28,
        "campo": "flujo",
        "fecha": "2015-12-08T04:29:44.751",
        "usuario": 4,
        "valor": "Flujo 1",
        "operacion": "modificado"
    },
    "model": "user_stories.historialuserstory",
    "pk": 210
},
{
    "fields": {
        "user_story": 28,
        "campo": "sprint",
        "fecha": "2015-12-08T04:29:44.761",
        "usuario": 4,
        "valor": "Sprint 1 - P",
        "operacion": "modificado"
    },
    "model": "user_stories.historialuserstory",
    "pk": 211
},
{
    "fields": {
        "user_story": 28,
        "campo": "estado",
        "fecha": "2015-12-08T04:29:44.795",
        "usuario": 4,
        "valor": "Activo",
        "operacion": "modificado"
    },
    "model": "user_stories.historialuserstory",
    "pk": 212
},
{
    "fields": {
        "user_story": 28,
        "campo": "",
        "fecha": "2015-12-08T04:35:05.378",
        "usuario": 11,
        "valor": "",
        "operacion": "iniciado"
    },
    "model": "user_stories.historialuserstory",
    "pk": 213
},
{
    "fields": {
        "user_story": 28,
        "campo": "estado",
        "fecha": "2015-12-08T04:35:25.378",
        "usuario": 4,
        "valor": "Pendiente",
        "operacion": "modificado"
    },
    "model": "user_stories.historialuserstory",
    "pk": 214
},
{
    "fields": {
        "user_story": 28,
        "campo": "",
        "fecha": "2015-11-10T17:54:18.039",
        "usuario": 11,
        "valor": "",
        "operacion": "finalizado"
    },
    "model": "user_stories.historialuserstory",
    "pk": 215
},
{
    "fields": {
        "user_story": 28,
        "campo": "",
        "fecha": "2015-12-10T19:49:05.398",
        "usuario": 11,
        "valor": "",
        "operacion": "finalizado"
    },
    "model": "user_stories.historialuserstory",
    "pk": 216
},
{
    "fields": {
        "user_story": 28,
        "campo": "",
        "fecha": "2015-12-10T19:51:55.156",
        "usuario": 11,
        "valor": "",
        "operacion": "finalizado"
    },
    "model": "user_stories.historialuserstory",
    "pk": 217
},
{
    "fields": {
        "user_story": 28,
        "campo": "",
        "fecha": "2015-12-10T19:52:15.523",
        "usuario": 4,
        "valor": "",
        "operacion": "aprobado"
    },
    "model": "user_stories.historialuserstory",
    "pk": 218
},
{
    "fields": {
        "user_story": 29,
        "campo": "",
        "fecha": "2015-12-10T20:13:37.478",
        "usuario": 4,
        "valor": "",
        "operacion": "creado"
    },
    "model": "user_stories.historialuserstory",
    "pk": 219
},
{
    "fields": {
        "user_story": 29,
        "campo": "desarrollador",
        "fecha": "2015-12-10T20:14:17.847",
        "usuario": 4,
        "valor": "PQui",
        "operacion": "modificado"
    },
    "model": "user_stories.historialuserstory",
    "pk": 220
},
{
    "fields": {
        "user_story": 29,
        "campo": "flujo",
        "fecha": "2015-12-10T20:14:17.857",
        "usuario": 4,
        "valor": "Flujo 1",
        "operacion": "modificado"
    },
    "model": "user_stories.historialuserstory",
    "pk": 221
},
{
    "fields": {
        "user_story": 29,
        "campo": "sprint",
        "fecha": "2015-12-10T20:14:17.868",
        "usuario": 4,
        "valor": "Sprint1 - P",
        "operacion": "modificado"
    },
    "model": "user_stories.historialuserstory",
    "pk": 222
},
{
    "fields": {
        "user_story": 29,
        "campo": "estado",
        "fecha": "2015-12-10T20:14:17.879",
        "usuario": 4,
        "valor": "Activo",
        "operacion": "modificado"
    },
    "model": "user_stories.historialuserstory",
    "pk": 223
},
{
    "fields": {
        "user_story": 29,
        "campo": "",
        "fecha": "2015-12-10T20:14:24.679",
        "usuario": 11,
        "valor": "",
        "operacion": "iniciado"
    },
    "model": "user_stories.historialuserstory",
    "pk": 224
},
{
    "fields": {
        "user_story": 29,
        "campo": "estado",
        "fecha": "2015-12-10T20:21:05.332",
        "usuario": 4,
        "valor": "Pendiente",
        "operacion": "modificado"
    },
    "model": "user_stories.historialuserstory",
    "pk": 225
},
{
    "fields": {
        "user_story": 30,
        "campo": "",
        "fecha": "2015-12-10T20:28:44.302",
        "usuario": 4,
        "valor": "",
        "operacion": "creado"
    },
    "model": "user_stories.historialuserstory",
    "pk": 226
},
{
    "fields": {
        "user_story": 30,
        "campo": "desarrollador",
        "fecha": "2015-12-10T20:29:16.519",
        "usuario": 4,
        "valor": "PQui",
        "operacion": "modificado"
    },
    "model": "user_stories.historialuserstory",
    "pk": 227
},
{
    "fields": {
        "user_story": 30,
        "campo": "flujo",
        "fecha": "2015-12-10T20:29:16.529",
        "usuario": 4,
        "valor": "Flujo 1",
        "operacion": "modificado"
    },
    "model": "user_stories.historialuserstory",
    "pk": 228
},
{
    "fields": {
        "user_story": 30,
        "campo": "sprint",
        "fecha": "2015-12-10T20:29:16.541",
        "usuario": 4,
        "valor": "Sprint 1 -PR3",
        "operacion": "modificado"
    },
    "model": "user_stories.historialuserstory",
    "pk": 229
},
{
    "fields": {
        "user_story": 30,
        "campo": "estado",
        "fecha": "2015-12-10T20:29:16.551",
        "usuario": 4,
        "valor": "Activo",
        "operacion": "modificado"
    },
    "model": "user_stories.historialuserstory",
    "pk": 230
},
{
    "fields": {
        "user_story": 30,
        "campo": "",
        "fecha": "2015-12-10T20:29:21.740",
        "usuario": 11,
        "valor": "",
        "operacion": "iniciado"
    },
    "model": "user_stories.historialuserstory",
    "pk": 231
},
{
    "fields": {
        "user_story": 30,
        "campo": "",
        "fecha": "2015-12-10T20:29:46.652",
        "usuario": 11,
        "valor": "",
        "operacion": "finalizado"
    },
    "model": "user_stories.historialuserstory",
    "pk": 232
},
{
    "fields": {
        "user_story": 31,
        "campo": "",
        "fecha": "2015-12-10T20:30:45.160",
        "usuario": 4,
        "valor": "",
        "operacion": "creado"
    },
    "model": "user_stories.historialuserstory",
    "pk": 233
},
{
    "fields": {
        "user_story": 32,
        "campo": "",
        "fecha": "2015-12-10T20:30:59.586",
        "usuario": 4,
        "valor": "",
        "operacion": "creado"
    },
    "model": "user_stories.historialuserstory",
    "pk": 234
},
{
    "fields": {
        "user_story": 31,
        "campo": "desarrollador",
        "fecha": "2015-12-10T20:32:04.866",
        "usuario": 4,
        "valor": "PQui",
        "operacion": "modificado"
    },
    "model": "user_stories.historialuserstory",
    "pk": 235
},
{
    "fields": {
        "user_story": 31,
        "campo": "flujo",
        "fecha": "2015-12-10T20:32:04.876",
        "usuario": 4,
        "valor": "Flujo 1",
        "operacion": "modificado"
    },
    "model": "user_stories.historialuserstory",
    "pk": 236
},
{
    "fields": {
        "user_story": 31,
        "campo": "sprint",
        "fecha": "2015-12-10T20:32:04.888",
        "usuario": 4,
        "valor": "Sprint 2 -PR",
        "operacion": "modificado"
    },
    "model": "user_stories.historialuserstory",
    "pk": 237
},
{
    "fields": {
        "user_story": 31,
        "campo": "estado",
        "fecha": "2015-12-10T20:32:04.899",
        "usuario": 4,
        "valor": "Activo",
        "operacion": "modificado"
    },
    "model": "user_stories.historialuserstory",
    "pk": 238
},
{
    "fields": {
        "user_story": 32,
        "campo": "desarrollador",
        "fecha": "2015-12-10T20:32:12.544",
        "usuario": 4,
        "valor": "PQui",
        "operacion": "modificado"
    },
    "model": "user_stories.historialuserstory",
    "pk": 239
},
{
    "fields": {
        "user_story": 32,
        "campo": "flujo",
        "fecha": "2015-12-10T20:32:12.554",
        "usuario": 4,
        "valor": "Flujo 1",
        "operacion": "modificado"
    },
    "model": "user_stories.historialuserstory",
    "pk": 240
},
{
    "fields": {
        "user_story": 32,
        "campo": "sprint",
        "fecha": "2015-12-10T20:32:12.565",
        "usuario": 4,
        "valor": "Sprint 2 -PR",
        "operacion": "modificado"
    },
    "model": "user_stories.historialuserstory",
    "pk": 241
},
{
    "fields": {
        "user_story": 32,
        "campo": "estado",
        "fecha": "2015-12-10T20:32:12.576",
        "usuario": 4,
        "valor": "Activo",
        "operacion": "modificado"
    },
    "model": "user_stories.historialuserstory",
    "pk": 242
},
{
    "fields": {
        "user_story": 32,
        "campo": "",
        "fecha": "2015-12-10T20:32:15.976",
        "usuario": 11,
        "valor": "",
        "operacion": "iniciado"
    },
    "model": "user_stories.historialuserstory",
    "pk": 243
},
{
    "fields": {
        "user_story": 31,
        "campo": "",
        "fecha": "2015-12-10T20:32:16.009",
        "usuario": 11,
        "valor": "",
        "operacion": "iniciado"
    },
    "model": "user_stories.historialuserstory",
    "pk": 244
},
{
    "fields": {
        "user_story": 31,
        "campo": "estado",
        "fecha": "2015-12-11T17:19:14.410",
        "usuario": 4,
        "valor": "Pendiente",
        "operacion": "modificado"
    },
    "model": "user_stories.historialuserstory",
    "pk": 245
},
{
    "fields": {
        "user_story": 32,
        "campo": "estado",
        "fecha": "2015-12-11T17:19:14.433",
        "usuario": 4,
        "valor": "Pendiente",
        "operacion": "modificado"
    },
    "model": "user_stories.historialuserstory",
    "pk": 246
},
{
    "fields": {
        "user_story": 17,
        "tipo": "Cambio de Estado",
        "usuario": 8,
        "actividad": 10,
        "fecha": "2015-11-16T19:16:58.546",
        "horas_de_trabajo": 0,
        "descripcion": "Inicio en el kanban",
        "sprint": 4,
        "estado": 106,
        "flujo": 4
    },
    "model": "user_stories.tarea",
    "pk": 157
},
{
    "fields": {
        "user_story": 18,
        "tipo": "Cambio de Estado",
        "usuario": 8,
        "actividad": 13,
        "fecha": "2015-11-16T19:16:58.577",
        "horas_de_trabajo": 0,
        "descripcion": "Inicio en el kanban",
        "sprint": 4,
        "estado": 115,
        "flujo": 5
    },
    "model": "user_stories.tarea",
    "pk": 158
},
{
    "fields": {
        "user_story": 19,
        "tipo": "Cambio de Estado",
        "usuario": 5,
        "actividad": 10,
        "fecha": "2015-11-16T19:16:58.607",
        "horas_de_trabajo": 0,
        "descripcion": "Inicio en el kanban",
        "sprint": 4,
        "estado": 106,
        "flujo": 4
    },
    "model": "user_stories.tarea",
    "pk": 159
},
{
    "fields": {
        "user_story": 20,
        "tipo": "Cambio de Estado",
        "usuario": 5,
        "actividad": 13,
        "fecha": "2015-11-16T19:16:58.640",
        "horas_de_trabajo": 0,
        "descripcion": "Inicio en el kanban",
        "sprint": 4,
        "estado": 115,
        "flujo": 5
    },
    "model": "user_stories.tarea",
    "pk": 160
},
{
    "fields": {
        "user_story": 19,
        "tipo": "Registro de Tarea",
        "usuario": 5,
        "actividad": 10,
        "fecha": "2015-12-01T19:21:45.392",
        "horas_de_trabajo": 6,
        "descripcion": "He realizado la primera tarea",
        "sprint": 4,
        "estado": 106,
        "flujo": 4
    },
    "model": "user_stories.tarea",
    "pk": 161
},
{
    "fields": {
        "user_story": 19,
        "tipo": "Registro de Tarea",
        "usuario": 5,
        "actividad": 10,
        "fecha": "2015-12-01T19:22:07.987",
        "horas_de_trabajo": 0,
        "descripcion": "Adjuntar archivo",
        "sprint": 4,
        "estado": 106,
        "flujo": 4
    },
    "model": "user_stories.tarea",
    "pk": 162
},
{
    "fields": {
        "user_story": 19,
        "tipo": "Cambio de Estado",
        "usuario": 5,
        "actividad": 10,
        "fecha": "2015-12-01T19:23:12.277",
        "horas_de_trabajo": 0,
        "descripcion": "Cambio de estado: To do -> Doing",
        "sprint": 4,
        "estado": 107,
        "flujo": 4
    },
    "model": "user_stories.tarea",
    "pk": 163
},
{
    "fields": {
        "user_story": 19,
        "tipo": "Registro de Tarea",
        "usuario": 5,
        "actividad": 10,
        "fecha": "2015-12-01T19:24:20.061",
        "horas_de_trabajo": 6,
        "descripcion": "2da tarea",
        "sprint": 4,
        "estado": 107,
        "flujo": 4
    },
    "model": "user_stories.tarea",
    "pk": 164
},
{
    "fields": {
        "user_story": 19,
        "tipo": "Cambio de Estado",
        "usuario": 5,
        "actividad": 10,
        "fecha": "2015-12-01T19:24:50.073",
        "horas_de_trabajo": 0,
        "descripcion": "Cambio de estado: Doing -> Done",
        "sprint": 4,
        "estado": 108,
        "flujo": 4
    },
    "model": "user_stories.tarea",
    "pk": 165
},
{
    "fields": {
        "user_story": 19,
        "tipo": "Cambio de Estado",
        "usuario": 5,
        "actividad": 11,
        "fecha": "2015-12-02T19:24:52.129",
        "horas_de_trabajo": 0,
        "descripcion": "Cambio de actividad: Actividad 1 -> Actividad 2",
        "sprint": 4,
        "estado": 109,
        "flujo": 4
    },
    "model": "user_stories.tarea",
    "pk": 166
},
{
    "fields": {
        "user_story": 19,
        "tipo": "Registro de Tarea",
        "usuario": 5,
        "actividad": 11,
        "fecha": "2015-12-02T19:25:13.292",
        "horas_de_trabajo": 3,
        "descripcion": "3ra tarea",
        "sprint": 4,
        "estado": 109,
        "flujo": 4
    },
    "model": "user_stories.tarea",
    "pk": 167
},
{
    "fields": {
        "user_story": 19,
        "tipo": "Cambio de Estado",
        "usuario": 5,
        "actividad": 11,
        "fecha": "2015-12-03T19:25:22.568",
        "horas_de_trabajo": 0,
        "descripcion": "Cambio de estado: To do -> Doing",
        "sprint": 4,
        "estado": 110,
        "flujo": 4
    },
    "model": "user_stories.tarea",
    "pk": 168
},
{
    "fields": {
        "user_story": 19,
        "tipo": "Cambio de Estado",
        "usuario": 5,
        "actividad": 11,
        "fecha": "2015-12-03T19:25:25.132",
        "horas_de_trabajo": 0,
        "descripcion": "Cambio de estado: Doing -> Done",
        "sprint": 4,
        "estado": 111,
        "flujo": 4
    },
    "model": "user_stories.tarea",
    "pk": 169
},
{
    "fields": {
        "user_story": 19,
        "tipo": "Registro de Tarea",
        "usuario": 5,
        "actividad": 11,
        "fecha": "2015-12-03T19:25:40.074",
        "horas_de_trabajo": 5,
        "descripcion": "4ta tarea",
        "sprint": 4,
        "estado": 111,
        "flujo": 4
    },
    "model": "user_stories.tarea",
    "pk": 170
},
{
    "fields": {
        "user_story": 19,
        "tipo": "Cambio de Estado",
        "usuario": 5,
        "actividad": 12,
        "fecha": "2015-12-03T19:25:49.969",
        "horas_de_trabajo": 0,
        "descripcion": "Cambio de actividad: Actividad 2 -> Actividad 3",
        "sprint": 4,
        "estado": 112,
        "flujo": 4
    },
    "model": "user_stories.tarea",
    "pk": 171
},
{
    "fields": {
        "user_story": 19,
        "tipo": "Registro de Tarea",
        "usuario": 5,
        "actividad": 12,
        "fecha": "2015-12-03T19:26:03.188",
        "horas_de_trabajo": 3,
        "descripcion": "5ta tarea",
        "sprint": 4,
        "estado": 112,
        "flujo": 4
    },
    "model": "user_stories.tarea",
    "pk": 172
},
{
    "fields": {
        "user_story": 19,
        "tipo": "Cambio de Estado",
        "usuario": 5,
        "actividad": 12,
        "fecha": "2015-12-04T19:26:04.792",
        "horas_de_trabajo": 0,
        "descripcion": "Cambio de estado: To do -> Doing",
        "sprint": 4,
        "estado": 113,
        "flujo": 4
    },
    "model": "user_stories.tarea",
    "pk": 173
},
{
    "fields": {
        "user_story": 19,
        "tipo": "Registro de Tarea",
        "usuario": 5,
        "actividad": 12,
        "fecha": "2015-12-04T19:26:14.684",
        "horas_de_trabajo": 2,
        "descripcion": "6ta tarea",
        "sprint": 4,
        "estado": 113,
        "flujo": 4
    },
    "model": "user_stories.tarea",
    "pk": 174
},
{
    "fields": {
        "user_story": 19,
        "tipo": "Cambio de Estado",
        "usuario": 5,
        "actividad": 12,
        "fecha": "2015-12-04T19:26:16.591",
        "horas_de_trabajo": 0,
        "descripcion": "Cambio de estado: Doing -> Done",
        "sprint": 4,
        "estado": 114,
        "flujo": 4
    },
    "model": "user_stories.tarea",
    "pk": 175
},
{
    "fields": {
        "user_story": 19,
        "tipo": "Cambio de Estado",
        "usuario": 5,
        "actividad": 12,
        "fecha": "2015-12-04T19:26:23.044",
        "horas_de_trabajo": 0,
        "descripcion": "Finalizar user story",
        "sprint": 4,
        "estado": 114,
        "flujo": 4
    },
    "model": "user_stories.tarea",
    "pk": 176
},
{
    "fields": {
        "user_story": 20,
        "tipo": "Registro de Tarea",
        "usuario": 5,
        "actividad": 13,
        "fecha": "2015-12-01T19:27:19.434",
        "horas_de_trabajo": 0,
        "descripcion": "Adjuntar archivo",
        "sprint": 4,
        "estado": 115,
        "flujo": 5
    },
    "model": "user_stories.tarea",
    "pk": 177
},
{
    "fields": {
        "user_story": 20,
        "tipo": "Registro de Tarea",
        "usuario": 5,
        "actividad": 13,
        "fecha": "2015-12-01T19:27:41.095",
        "horas_de_trabajo": 3,
        "descripcion": "Tarea 1",
        "sprint": 4,
        "estado": 115,
        "flujo": 5
    },
    "model": "user_stories.tarea",
    "pk": 178
},
{
    "fields": {
        "user_story": 20,
        "tipo": "Cambio de Estado",
        "usuario": 5,
        "actividad": 13,
        "fecha": "2015-12-02T19:27:43.652",
        "horas_de_trabajo": 0,
        "descripcion": "Cambio de estado: To do -> Doing",
        "sprint": 4,
        "estado": 116,
        "flujo": 5
    },
    "model": "user_stories.tarea",
    "pk": 179
},
{
    "fields": {
        "user_story": 20,
        "tipo": "Cambio de Estado",
        "usuario": 5,
        "actividad": 13,
        "fecha": "2015-12-02T19:27:52.512",
        "horas_de_trabajo": 0,
        "descripcion": "Cambio de estado: Doing -> Done",
        "sprint": 4,
        "estado": 117,
        "flujo": 5
    },
    "model": "user_stories.tarea",
    "pk": 180
},
{
    "fields": {
        "user_story": 20,
        "tipo": "Cambio de Estado",
        "usuario": 5,
        "actividad": 14,
        "fecha": "2015-12-02T19:27:54.965",
        "horas_de_trabajo": 0,
        "descripcion": "Cambio de actividad: Actividad 2 -> Actividad 3",
        "sprint": 4,
        "estado": 118,
        "flujo": 5
    },
    "model": "user_stories.tarea",
    "pk": 181
},
{
    "fields": {
        "user_story": 20,
        "tipo": "Registro de Tarea",
        "usuario": 5,
        "actividad": 14,
        "fecha": "2015-12-02T19:28:07.800",
        "horas_de_trabajo": 2,
        "descripcion": "Tarea 2",
        "sprint": 4,
        "estado": 118,
        "flujo": 5
    },
    "model": "user_stories.tarea",
    "pk": 182
},
{
    "fields": {
        "user_story": 20,
        "tipo": "Cambio de Estado",
        "usuario": 5,
        "actividad": 14,
        "fecha": "2015-12-03T19:28:09.796",
        "horas_de_trabajo": 0,
        "descripcion": "Cambio de estado: To do -> Doing",
        "sprint": 4,
        "estado": 119,
        "flujo": 5
    },
    "model": "user_stories.tarea",
    "pk": 183
},
{
    "fields": {
        "user_story": 20,
        "tipo": "Cambio de Estado",
        "usuario": 5,
        "actividad": 14,
        "fecha": "2015-12-03T19:28:12.002",
        "horas_de_trabajo": 0,
        "descripcion": "Cambio de estado: Doing -> Done",
        "sprint": 4,
        "estado": 120,
        "flujo": 5
    },
    "model": "user_stories.tarea",
    "pk": 184
},
{
    "fields": {
        "user_story": 20,
        "tipo": "Registro de Tarea",
        "usuario": 5,
        "actividad": 14,
        "fecha": "2015-12-03T19:28:24.280",
        "horas_de_trabajo": 5,
        "descripcion": "Tarea 3",
        "sprint": 4,
        "estado": 120,
        "flujo": 5
    },
    "model": "user_stories.tarea",
    "pk": 185
},
{
    "fields": {
        "user_story": 20,
        "tipo": "Cambio de Estado",
        "usuario": 5,
        "actividad": 15,
        "fecha": "2015-12-04T19:28:35.925",
        "horas_de_trabajo": 0,
        "descripcion": "Cambio de actividad: Actividad 3 -> Actividad 4",
        "sprint": 4,
        "estado": 121,
        "flujo": 5
    },
    "model": "user_stories.tarea",
    "pk": 186
},
{
    "fields": {
        "user_story": 20,
        "tipo": "Cambio de Estado",
        "usuario": 5,
        "actividad": 15,
        "fecha": "2015-12-04T19:29:03.812",
        "horas_de_trabajo": 0,
        "descripcion": "Cambio de estado: To do -> Doing",
        "sprint": 4,
        "estado": 122,
        "flujo": 5
    },
    "model": "user_stories.tarea",
    "pk": 187
},
{
    "fields": {
        "user_story": 20,
        "tipo": "Registro de Tarea",
        "usuario": 5,
        "actividad": 15,
        "fecha": "2015-12-04T19:29:13.545",
        "horas_de_trabajo": 5,
        "descripcion": "Tarea 4",
        "sprint": 4,
        "estado": 122,
        "flujo": 5
    },
    "model": "user_stories.tarea",
    "pk": 188
},
{
    "fields": {
        "user_story": 20,
        "tipo": "Cambio de Estado",
        "usuario": 5,
        "actividad": 15,
        "fecha": "2015-12-04T19:29:15.902",
        "horas_de_trabajo": 0,
        "descripcion": "Cambio de estado: Doing -> Done",
        "sprint": 4,
        "estado": 123,
        "flujo": 5
    },
    "model": "user_stories.tarea",
    "pk": 189
},
{
    "fields": {
        "user_story": 20,
        "tipo": "Cambio de Estado",
        "usuario": 5,
        "actividad": 15,
        "fecha": "2015-12-04T19:29:18.369",
        "horas_de_trabajo": 0,
        "descripcion": "Finalizar user story",
        "sprint": 4,
        "estado": 123,
        "flujo": 5
    },
    "model": "user_stories.tarea",
    "pk": 190
},
{
    "fields": {
        "user_story": 17,
        "tipo": "Registro de Tarea",
        "usuario": 8,
        "actividad": 10,
        "fecha": "2015-12-01T19:31:22.280",
        "horas_de_trabajo": 4,
        "descripcion": "Tarea 1",
        "sprint": 4,
        "estado": 106,
        "flujo": 4
    },
    "model": "user_stories.tarea",
    "pk": 191
},
{
    "fields": {
        "user_story": 18,
        "tipo": "Registro de Tarea",
        "usuario": 8,
        "actividad": 13,
        "fecha": "2015-12-01T19:31:39.777",
        "horas_de_trabajo": 4,
        "descripcion": "Tarea 1",
        "sprint": 4,
        "estado": 115,
        "flujo": 5
    },
    "model": "user_stories.tarea",
    "pk": 192
},
{
    "fields": {
        "user_story": 17,
        "tipo": "Registro de Tarea",
        "usuario": 8,
        "actividad": 10,
        "fecha": "2015-12-01T19:31:58.401",
        "horas_de_trabajo": 0,
        "descripcion": "Adjuntar archivo",
        "sprint": 4,
        "estado": 106,
        "flujo": 4
    },
    "model": "user_stories.tarea",
    "pk": 193
},
{
    "fields": {
        "user_story": 18,
        "tipo": "Registro de Tarea",
        "usuario": 8,
        "actividad": 13,
        "fecha": "2015-12-01T19:32:12.159",
        "horas_de_trabajo": 0,
        "descripcion": "Adjuntar archivo",
        "sprint": 4,
        "estado": 115,
        "flujo": 5
    },
    "model": "user_stories.tarea",
    "pk": 194
},
{
    "fields": {
        "user_story": 17,
        "tipo": "Cambio de Estado",
        "usuario": 8,
        "actividad": 10,
        "fecha": "2015-12-01T19:32:15.824",
        "horas_de_trabajo": 0,
        "descripcion": "Cambio de estado: To do -> Doing",
        "sprint": 4,
        "estado": 107,
        "flujo": 4
    },
    "model": "user_stories.tarea",
    "pk": 195
},
{
    "fields": {
        "user_story": 17,
        "tipo": "Cambio de Estado",
        "usuario": 8,
        "actividad": 10,
        "fecha": "2015-12-01T19:32:17.087",
        "horas_de_trabajo": 0,
        "descripcion": "Cambio de estado: Doing -> Done",
        "sprint": 4,
        "estado": 108,
        "flujo": 4
    },
    "model": "user_stories.tarea",
    "pk": 196
},
{
    "fields": {
        "user_story": 17,
        "tipo": "Cambio de Estado",
        "usuario": 8,
        "actividad": 11,
        "fecha": "2015-12-01T19:32:18.803",
        "horas_de_trabajo": 0,
        "descripcion": "Cambio de actividad: Actividad 1 -> Actividad 2",
        "sprint": 4,
        "estado": 109,
        "flujo": 4
    },
    "model": "user_stories.tarea",
    "pk": 197
},
{
    "fields": {
        "user_story": 17,
        "tipo": "Registro de Tarea",
        "usuario": 8,
        "actividad": 11,
        "fecha": "2015-12-02T19:32:29.603",
        "horas_de_trabajo": 5,
        "descripcion": "Tarea 2",
        "sprint": 4,
        "estado": 109,
        "flujo": 4
    },
    "model": "user_stories.tarea",
    "pk": 198
},
{
    "fields": {
        "user_story": 18,
        "tipo": "Cambio de Estado",
        "usuario": 8,
        "actividad": 13,
        "fecha": "2015-12-02T19:32:38.137",
        "horas_de_trabajo": 0,
        "descripcion": "Cambio de estado: To do -> Doing",
        "sprint": 4,
        "estado": 116,
        "flujo": 5
    },
    "model": "user_stories.tarea",
    "pk": 199
},
{
    "fields": {
        "user_story": 18,
        "tipo": "Cambio de Estado",
        "usuario": 8,
        "actividad": 13,
        "fecha": "2015-12-02T19:32:40.320",
        "horas_de_trabajo": 0,
        "descripcion": "Cambio de estado: Doing -> Done",
        "sprint": 4,
        "estado": 117,
        "flujo": 5
    },
    "model": "user_stories.tarea",
    "pk": 200
},
{
    "fields": {
        "user_story": 18,
        "tipo": "Cambio de Estado",
        "usuario": 8,
        "actividad": 14,
        "fecha": "2015-12-02T19:32:44.329",
        "horas_de_trabajo": 0,
        "descripcion": "Cambio de actividad: Actividad 2 -> Actividad 3",
        "sprint": 4,
        "estado": 118,
        "flujo": 5
    },
    "model": "user_stories.tarea",
    "pk": 201
},
{
    "fields": {
        "user_story": 18,
        "tipo": "Registro de Tarea",
        "usuario": 8,
        "actividad": 14,
        "fecha": "2015-12-02T19:33:00.480",
        "horas_de_trabajo": 5,
        "descripcion": "Tarea 2",
        "sprint": 4,
        "estado": 118,
        "flujo": 5
    },
    "model": "user_stories.tarea",
    "pk": 202
},
{
    "fields": {
        "user_story": 17,
        "tipo": "Cambio de Estado",
        "usuario": 8,
        "actividad": 11,
        "fecha": "2015-12-03T19:33:35.334",
        "horas_de_trabajo": 0,
        "descripcion": "Cambio de estado: To do -> Doing",
        "sprint": 4,
        "estado": 110,
        "flujo": 4
    },
    "model": "user_stories.tarea",
    "pk": 203
},
{
    "fields": {
        "user_story": 17,
        "tipo": "Cambio de Estado",
        "usuario": 8,
        "actividad": 11,
        "fecha": "2015-12-03T19:33:37.633",
        "horas_de_trabajo": 0,
        "descripcion": "Cambio de estado: Doing -> Done",
        "sprint": 4,
        "estado": 111,
        "flujo": 4
    },
    "model": "user_stories.tarea",
    "pk": 204
},
{
    "fields": {
        "user_story": 17,
        "tipo": "Registro de Tarea",
        "usuario": 8,
        "actividad": 11,
        "fecha": "2015-12-03T19:33:52.942",
        "horas_de_trabajo": 7,
        "descripcion": "Tarea 3",
        "sprint": 4,
        "estado": 111,
        "flujo": 4
    },
    "model": "user_stories.tarea",
    "pk": 205
},
{
    "fields": {
        "user_story": 18,
        "tipo": "Cambio de Estado",
        "usuario": 8,
        "actividad": 14,
        "fecha": "2015-12-03T19:33:59.739",
        "horas_de_trabajo": 0,
        "descripcion": "Cambio de estado: To do -> Doing",
        "sprint": 4,
        "estado": 119,
        "flujo": 5
    },
    "model": "user_stories.tarea",
    "pk": 206
},
{
    "fields": {
        "user_story": 18,
        "tipo": "Cambio de Estado",
        "usuario": 8,
        "actividad": 14,
        "fecha": "2015-12-03T19:34:02.540",
        "horas_de_trabajo": 0,
        "descripcion": "Cambio de estado: Doing -> Done",
        "sprint": 4,
        "estado": 120,
        "flujo": 5
    },
    "model": "user_stories.tarea",
    "pk": 207
},
{
    "fields": {
        "user_story": 18,
        "tipo": "Registro de Tarea",
        "usuario": 8,
        "actividad": 14,
        "fecha": "2015-12-03T19:34:11.340",
        "horas_de_trabajo": 7,
        "descripcion": "Tarea 3",
        "sprint": 4,
        "estado": 120,
        "flujo": 5
    },
    "model": "user_stories.tarea",
    "pk": 208
},
{
    "fields": {
        "user_story": 17,
        "tipo": "Cambio de Estado",
        "usuario": 8,
        "actividad": 12,
        "fecha": "2015-12-03T19:34:16.773",
        "horas_de_trabajo": 0,
        "descripcion": "Cambio de actividad: Actividad 2 -> Actividad 3",
        "sprint": 4,
        "estado": 112,
        "flujo": 4
    },
    "model": "user_stories.tarea",
    "pk": 209
},
{
    "fields": {
        "user_story": 17,
        "tipo": "Cambio de Estado",
        "usuario": 8,
        "actividad": 12,
        "fecha": "2015-12-04T19:34:18.331",
        "horas_de_trabajo": 0,
        "descripcion": "Cambio de estado: To do -> Doing",
        "sprint": 4,
        "estado": 113,
        "flujo": 4
    },
    "model": "user_stories.tarea",
    "pk": 210
},
{
    "fields": {
        "user_story": 17,
        "tipo": "Registro de Tarea",
        "usuario": 8,
        "actividad": 12,
        "fecha": "2015-12-04T19:34:25.895",
        "horas_de_trabajo": 4,
        "descripcion": "Tarea 4",
        "sprint": 4,
        "estado": 113,
        "flujo": 4
    },
    "model": "user_stories.tarea",
    "pk": 211
},
{
    "fields": {
        "user_story": 18,
        "tipo": "Cambio de Estado",
        "usuario": 8,
        "actividad": 15,
        "fecha": "2015-12-04T19:34:27.971",
        "horas_de_trabajo": 0,
        "descripcion": "Cambio de actividad: Actividad 3 -> Actividad 4",
        "sprint": 4,
        "estado": 121,
        "flujo": 5
    },
    "model": "user_stories.tarea",
    "pk": 212
},
{
    "fields": {
        "user_story": 18,
        "tipo": "Cambio de Estado",
        "usuario": 8,
        "actividad": 15,
        "fecha": "2015-12-04T19:34:30.264",
        "horas_de_trabajo": 0,
        "descripcion": "Cambio de estado: To do -> Doing",
        "sprint": 4,
        "estado": 122,
        "flujo": 5
    },
    "model": "user_stories.tarea",
    "pk": 213
},
{
    "fields": {
        "user_story": 18,
        "tipo": "Registro de Tarea",
        "usuario": 8,
        "actividad": 15,
        "fecha": "2015-12-04T19:34:39.585",
        "horas_de_trabajo": 4,
        "descripcion": "Tarea 4",
        "sprint": 4,
        "estado": 122,
        "flujo": 5
    },
    "model": "user_stories.tarea",
    "pk": 214
},
{
    "fields": {
        "user_story": 17,
        "tipo": "Cambio de Estado",
        "usuario": 8,
        "actividad": 12,
        "fecha": "2015-12-04T19:34:52.563",
        "horas_de_trabajo": 0,
        "descripcion": "Cambio de estado: Doing -> Done",
        "sprint": 4,
        "estado": 114,
        "flujo": 4
    },
    "model": "user_stories.tarea",
    "pk": 215
},
{
    "fields": {
        "user_story": 17,
        "tipo": "Cambio de Estado",
        "usuario": 8,
        "actividad": 12,
        "fecha": "2015-12-04T19:34:53.901",
        "horas_de_trabajo": 0,
        "descripcion": "Finalizar user story",
        "sprint": 4,
        "estado": 114,
        "flujo": 4
    },
    "model": "user_stories.tarea",
    "pk": 216
},
{
    "fields": {
        "user_story": 18,
        "tipo": "Cambio de Estado",
        "usuario": 8,
        "actividad": 15,
        "fecha": "2015-12-04T19:34:55.940",
        "horas_de_trabajo": 0,
        "descripcion": "Cambio de estado: Doing -> Done",
        "sprint": 4,
        "estado": 123,
        "flujo": 5
    },
    "model": "user_stories.tarea",
    "pk": 217
},
{
    "fields": {
        "user_story": 18,
        "tipo": "Cambio de Estado",
        "usuario": 8,
        "actividad": 15,
        "fecha": "2015-12-04T19:34:58.005",
        "horas_de_trabajo": 0,
        "descripcion": "Finalizar user story",
        "sprint": 4,
        "estado": 123,
        "flujo": 5
    },
    "model": "user_stories.tarea",
    "pk": 218
},
{
    "fields": {
        "user_story": 17,
        "tipo": "Cambio de Estado",
        "usuario": 2,
        "actividad": 12,
        "fecha": "2015-12-04T19:53:37.162",
        "horas_de_trabajo": 0,
        "descripcion": "Revertir: - Estado: Done -> To do",
        "sprint": 4,
        "estado": 112,
        "flujo": 4
    },
    "model": "user_stories.tarea",
    "pk": 219
},
{
    "fields": {
        "user_story": 17,
        "tipo": "Cambio de Estado",
        "usuario": 2,
        "actividad": 11,
        "fecha": "2015-12-04T20:04:37.020",
        "horas_de_trabajo": 0,
        "descripcion": "Revertir: - Actividad: Actividad 3 -> Actividad 2",
        "sprint": 4,
        "estado": 109,
        "flujo": 4
    },
    "model": "user_stories.tarea",
    "pk": 220
},
{
    "fields": {
        "user_story": 19,
        "tipo": "Cambio de Estado",
        "usuario": 2,
        "actividad": 12,
        "fecha": "2015-12-04T20:25:06.131",
        "horas_de_trabajo": 0,
        "descripcion": "Aprobar user story",
        "sprint": 4,
        "estado": 114,
        "flujo": 4
    },
    "model": "user_stories.tarea",
    "pk": 221
},
{
    "fields": {
        "user_story": 20,
        "tipo": "Cambio de Estado",
        "usuario": 2,
        "actividad": 15,
        "fecha": "2015-12-04T20:25:33.691",
        "horas_de_trabajo": 0,
        "descripcion": "Aprobar user story",
        "sprint": 4,
        "estado": 123,
        "flujo": 5
    },
    "model": "user_stories.tarea",
    "pk": 222
},
{
    "fields": {
        "user_story": 18,
        "tipo": "Cambio de Estado",
        "usuario": 2,
        "actividad": 15,
        "fecha": "2015-12-04T20:25:40.234",
        "horas_de_trabajo": 0,
        "descripcion": "Aprobar user story",
        "sprint": 4,
        "estado": 123,
        "flujo": 5
    },
    "model": "user_stories.tarea",
    "pk": 223
},
{
    "fields": {
        "user_story": 17,
        "tipo": "Cambio de Estado",
        "usuario": 8,
        "actividad": 11,
        "fecha": "2015-12-04T20:27:46.591",
        "horas_de_trabajo": 0,
        "descripcion": "Cambio de estado: To do -> Doing",
        "sprint": 4,
        "estado": 110,
        "flujo": 4
    },
    "model": "user_stories.tarea",
    "pk": 224
},
{
    "fields": {
        "user_story": 17,
        "tipo": "Cambio de Estado",
        "usuario": 8,
        "actividad": 11,
        "fecha": "2015-12-04T20:27:47.918",
        "horas_de_trabajo": 0,
        "descripcion": "Cambio de estado: Doing -> Done",
        "sprint": 4,
        "estado": 111,
        "flujo": 4
    },
    "model": "user_stories.tarea",
    "pk": 225
},
{
    "fields": {
        "user_story": 17,
        "tipo": "Cambio de Estado",
        "usuario": 8,
        "actividad": 12,
        "fecha": "2015-12-04T20:27:49.420",
        "horas_de_trabajo": 0,
        "descripcion": "Cambio de actividad: Actividad 2 -> Actividad 3",
        "sprint": 4,
        "estado": 112,
        "flujo": 4
    },
    "model": "user_stories.tarea",
    "pk": 226
},
{
    "fields": {
        "user_story": 17,
        "tipo": "Cambio de Estado",
        "usuario": 8,
        "actividad": 12,
        "fecha": "2015-12-04T20:27:50.633",
        "horas_de_trabajo": 0,
        "descripcion": "Cambio de estado: To do -> Doing",
        "sprint": 4,
        "estado": 113,
        "flujo": 4
    },
    "model": "user_stories.tarea",
    "pk": 227
},
{
    "fields": {
        "user_story": 17,
        "tipo": "Cambio de Estado",
        "usuario": 8,
        "actividad": 12,
        "fecha": "2015-12-04T20:27:52.007",
        "horas_de_trabajo": 0,
        "descripcion": "Cambio de estado: Doing -> Done",
        "sprint": 4,
        "estado": 114,
        "flujo": 4
    },
    "model": "user_stories.tarea",
    "pk": 228
},
{
    "fields": {
        "user_story": 17,
        "tipo": "Cambio de Estado",
        "usuario": 8,
        "actividad": 12,
        "fecha": "2015-12-04T20:27:53.365",
        "horas_de_trabajo": 0,
        "descripcion": "Finalizar user story",
        "sprint": 4,
        "estado": 114,
        "flujo": 4
    },
    "model": "user_stories.tarea",
    "pk": 229
},
{
    "fields": {
        "user_story": 17,
        "tipo": "Cambio de Estado",
        "usuario": 2,
        "actividad": 12,
        "fecha": "2015-12-04T20:28:14.253",
        "horas_de_trabajo": 0,
        "descripcion": "Aprobar user story",
        "sprint": 4,
        "estado": 114,
        "flujo": 4
    },
    "model": "user_stories.tarea",
    "pk": 230
},
{
    "fields": {
        "user_story": 21,
        "tipo": "Cambio de Estado",
        "usuario": 8,
        "actividad": 10,
        "fecha": "2015-12-07T21:54:46.487",
        "horas_de_trabajo": 0,
        "descripcion": "Inicio en el kanban",
        "sprint": 5,
        "estado": 106,
        "flujo": 4
    },
    "model": "user_stories.tarea",
    "pk": 231
},
{
    "fields": {
        "user_story": 22,
        "tipo": "Cambio de Estado",
        "usuario": 8,
        "actividad": 13,
        "fecha": "2015-12-07T21:54:46.529",
        "horas_de_trabajo": 0,
        "descripcion": "Inicio en el kanban",
        "sprint": 5,
        "estado": 115,
        "flujo": 5
    },
    "model": "user_stories.tarea",
    "pk": 232
},
{
    "fields": {
        "user_story": 23,
        "tipo": "Cambio de Estado",
        "usuario": 5,
        "actividad": 10,
        "fecha": "2015-12-07T21:54:46.561",
        "horas_de_trabajo": 0,
        "descripcion": "Inicio en el kanban",
        "sprint": 5,
        "estado": 106,
        "flujo": 4
    },
    "model": "user_stories.tarea",
    "pk": 233
},
{
    "fields": {
        "user_story": 24,
        "tipo": "Cambio de Estado",
        "usuario": 5,
        "actividad": 13,
        "fecha": "2015-12-07T21:54:46.597",
        "horas_de_trabajo": 0,
        "descripcion": "Inicio en el kanban",
        "sprint": 5,
        "estado": 115,
        "flujo": 5
    },
    "model": "user_stories.tarea",
    "pk": 234
},
{
    "fields": {
        "user_story": 21,
        "tipo": "Cambio de Estado",
        "usuario": 8,
        "actividad": 10,
        "fecha": "2015-12-07T21:57:20.799",
        "horas_de_trabajo": 0,
        "descripcion": "Cambio de estado: To do -> Doing",
        "sprint": 5,
        "estado": 107,
        "flujo": 4
    },
    "model": "user_stories.tarea",
    "pk": 235
},
{
    "fields": {
        "user_story": 22,
        "tipo": "Cambio de Estado",
        "usuario": 8,
        "actividad": 13,
        "fecha": "2015-12-07T21:57:26.898",
        "horas_de_trabajo": 0,
        "descripcion": "Cambio de estado: To do -> Doing",
        "sprint": 5,
        "estado": 116,
        "flujo": 5
    },
    "model": "user_stories.tarea",
    "pk": 236
},
{
    "fields": {
        "user_story": 21,
        "tipo": "Registro de Tarea",
        "usuario": 8,
        "actividad": 10,
        "fecha": "2015-12-07T21:57:40.804",
        "horas_de_trabajo": 0,
        "descripcion": "Adjuntar archivo",
        "sprint": 5,
        "estado": 107,
        "flujo": 4
    },
    "model": "user_stories.tarea",
    "pk": 237
},
{
    "fields": {
        "user_story": 22,
        "tipo": "Registro de Tarea",
        "usuario": 8,
        "actividad": 13,
        "fecha": "2015-12-07T21:57:50.686",
        "horas_de_trabajo": 0,
        "descripcion": "Adjuntar archivo",
        "sprint": 5,
        "estado": 116,
        "flujo": 5
    },
    "model": "user_stories.tarea",
    "pk": 238
},
{
    "fields": {
        "user_story": 21,
        "tipo": "Registro de Tarea",
        "usuario": 8,
        "actividad": 10,
        "fecha": "2015-12-08T22:58:15.669",
        "horas_de_trabajo": 5,
        "descripcion": "Tarea 1",
        "sprint": 5,
        "estado": 107,
        "flujo": 4
    },
    "model": "user_stories.tarea",
    "pk": 239
},
{
    "fields": {
        "user_story": 22,
        "tipo": "Registro de Tarea",
        "usuario": 8,
        "actividad": 13,
        "fecha": "2015-12-08T22:58:29.540",
        "horas_de_trabajo": 5,
        "descripcion": "Tarea 1",
        "sprint": 5,
        "estado": 116,
        "flujo": 5
    },
    "model": "user_stories.tarea",
    "pk": 240
},
{
    "fields": {
        "user_story": 21,
        "tipo": "Cambio de Estado",
        "usuario": 8,
        "actividad": 10,
        "fecha": "2015-12-08T22:58:41.707",
        "horas_de_trabajo": 0,
        "descripcion": "Cambio de estado: Doing -> Done",
        "sprint": 5,
        "estado": 108,
        "flujo": 4
    },
    "model": "user_stories.tarea",
    "pk": 241
},
{
    "fields": {
        "user_story": 22,
        "tipo": "Cambio de Estado",
        "usuario": 8,
        "actividad": 13,
        "fecha": "2015-12-08T22:58:43.902",
        "horas_de_trabajo": 0,
        "descripcion": "Cambio de estado: Doing -> Done",
        "sprint": 5,
        "estado": 117,
        "flujo": 5
    },
    "model": "user_stories.tarea",
    "pk": 242
},
{
    "fields": {
        "user_story": 21,
        "tipo": "Cambio de Estado",
        "usuario": 8,
        "actividad": 11,
        "fecha": "2015-12-08T22:59:09.093",
        "horas_de_trabajo": 0,
        "descripcion": "Cambio de actividad: Actividad 1 -> Actividad 2",
        "sprint": 5,
        "estado": 109,
        "flujo": 4
    },
    "model": "user_stories.tarea",
    "pk": 243
},
{
    "fields": {
        "user_story": 22,
        "tipo": "Cambio de Estado",
        "usuario": 8,
        "actividad": 14,
        "fecha": "2015-12-08T22:59:11.115",
        "horas_de_trabajo": 0,
        "descripcion": "Cambio de actividad: Actividad 2 -> Actividad 3",
        "sprint": 5,
        "estado": 118,
        "flujo": 5
    },
    "model": "user_stories.tarea",
    "pk": 244
},
{
    "fields": {
        "user_story": 21,
        "tipo": "Cambio de Estado",
        "usuario": 8,
        "actividad": 11,
        "fecha": "2015-12-09T23:59:05.612",
        "horas_de_trabajo": 0,
        "descripcion": "Cambio de estado: To do -> Doing",
        "sprint": 5,
        "estado": 110,
        "flujo": 4
    },
    "model": "user_stories.tarea",
    "pk": 245
},
{
    "fields": {
        "user_story": 22,
        "tipo": "Cambio de Estado",
        "usuario": 8,
        "actividad": 14,
        "fecha": "2015-12-09T23:59:08.608",
        "horas_de_trabajo": 0,
        "descripcion": "Cambio de estado: To do -> Doing",
        "sprint": 5,
        "estado": 119,
        "flujo": 5
    },
    "model": "user_stories.tarea",
    "pk": 246
},
{
    "fields": {
        "user_story": 21,
        "tipo": "Registro de Tarea",
        "usuario": 8,
        "actividad": 11,
        "fecha": "2015-12-09T23:59:18.452",
        "horas_de_trabajo": 5,
        "descripcion": "Tarea 2",
        "sprint": 5,
        "estado": 110,
        "flujo": 4
    },
    "model": "user_stories.tarea",
    "pk": 247
},
{
    "fields": {
        "user_story": 22,
        "tipo": "Registro de Tarea",
        "usuario": 8,
        "actividad": 14,
        "fecha": "2015-12-09T23:59:32.999",
        "horas_de_trabajo": 5,
        "descripcion": "Tarea 2",
        "sprint": 5,
        "estado": 119,
        "flujo": 5
    },
    "model": "user_stories.tarea",
    "pk": 248
},
{
    "fields": {
        "user_story": 21,
        "tipo": "Registro de Tarea",
        "usuario": 8,
        "actividad": 11,
        "fecha": "2015-12-10T00:59:12.258",
        "horas_de_trabajo": 5,
        "descripcion": "Tarea 3",
        "sprint": 5,
        "estado": 110,
        "flujo": 4
    },
    "model": "user_stories.tarea",
    "pk": 249
},
{
    "fields": {
        "user_story": 22,
        "tipo": "Registro de Tarea",
        "usuario": 8,
        "actividad": 14,
        "fecha": "2015-12-10T00:59:22.289",
        "horas_de_trabajo": 5,
        "descripcion": "Tarea 3",
        "sprint": 5,
        "estado": 119,
        "flujo": 5
    },
    "model": "user_stories.tarea",
    "pk": 250
},
{
    "fields": {
        "user_story": 21,
        "tipo": "Cambio de Estado",
        "usuario": 8,
        "actividad": 11,
        "fecha": "2015-12-10T02:00:25.620",
        "horas_de_trabajo": 0,
        "descripcion": "Cambio de estado: Doing -> Done",
        "sprint": 5,
        "estado": 111,
        "flujo": 4
    },
    "model": "user_stories.tarea",
    "pk": 251
},
{
    "fields": {
        "user_story": 22,
        "tipo": "Cambio de Estado",
        "usuario": 8,
        "actividad": 14,
        "fecha": "2015-12-10T02:00:27.719",
        "horas_de_trabajo": 0,
        "descripcion": "Cambio de estado: Doing -> Done",
        "sprint": 5,
        "estado": 120,
        "flujo": 5
    },
    "model": "user_stories.tarea",
    "pk": 252
},
{
    "fields": {
        "user_story": 21,
        "tipo": "Cambio de Estado",
        "usuario": 8,
        "actividad": 12,
        "fecha": "2015-12-10T02:00:31.305",
        "horas_de_trabajo": 0,
        "descripcion": "Cambio de actividad: Actividad 2 -> Actividad 3",
        "sprint": 5,
        "estado": 112,
        "flujo": 4
    },
    "model": "user_stories.tarea",
    "pk": 253
},
{
    "fields": {
        "user_story": 22,
        "tipo": "Cambio de Estado",
        "usuario": 8,
        "actividad": 15,
        "fecha": "2015-12-10T02:00:33.502",
        "horas_de_trabajo": 0,
        "descripcion": "Cambio de actividad: Actividad 3 -> Actividad 4",
        "sprint": 5,
        "estado": 121,
        "flujo": 5
    },
    "model": "user_stories.tarea",
    "pk": 254
},
{
    "fields": {
        "user_story": 22,
        "tipo": "Cambio de Estado",
        "usuario": 8,
        "actividad": 15,
        "fecha": "2015-12-10T02:00:43.847",
        "horas_de_trabajo": 0,
        "descripcion": "Cambio de estado: To do -> Doing",
        "sprint": 5,
        "estado": 122,
        "flujo": 5
    },
    "model": "user_stories.tarea",
    "pk": 255
},
{
    "fields": {
        "user_story": 21,
        "tipo": "Cambio de Estado",
        "usuario": 8,
        "actividad": 12,
        "fecha": "2015-12-10T02:00:45.511",
        "horas_de_trabajo": 0,
        "descripcion": "Cambio de estado: To do -> Doing",
        "sprint": 5,
        "estado": 113,
        "flujo": 4
    },
    "model": "user_stories.tarea",
    "pk": 256
},
{
    "fields": {
        "user_story": 21,
        "tipo": "Registro de Tarea",
        "usuario": 8,
        "actividad": 12,
        "fecha": "2015-12-11T03:00:22.034",
        "horas_de_trabajo": 5,
        "descripcion": "Tarea 4",
        "sprint": 5,
        "estado": 113,
        "flujo": 4
    },
    "model": "user_stories.tarea",
    "pk": 257
},
{
    "fields": {
        "user_story": 22,
        "tipo": "Registro de Tarea",
        "usuario": 8,
        "actividad": 15,
        "fecha": "2015-12-11T03:00:30.237",
        "horas_de_trabajo": 5,
        "descripcion": "Tarea 4",
        "sprint": 5,
        "estado": 122,
        "flujo": 5
    },
    "model": "user_stories.tarea",
    "pk": 258
},
{
    "fields": {
        "user_story": 21,
        "tipo": "Cambio de Estado",
        "usuario": 8,
        "actividad": 12,
        "fecha": "2015-12-11T03:03:43.525",
        "horas_de_trabajo": 0,
        "descripcion": "Cambio de estado: Doing -> Done",
        "sprint": 5,
        "estado": 114,
        "flujo": 4
    },
    "model": "user_stories.tarea",
    "pk": 259
},
{
    "fields": {
        "user_story": 22,
        "tipo": "Cambio de Estado",
        "usuario": 8,
        "actividad": 15,
        "fecha": "2015-12-11T03:03:45.911",
        "horas_de_trabajo": 0,
        "descripcion": "Cambio de estado: Doing -> Done",
        "sprint": 5,
        "estado": 123,
        "flujo": 5
    },
    "model": "user_stories.tarea",
    "pk": 260
},
{
    "fields": {
        "user_story": 21,
        "tipo": "Cambio de Estado",
        "usuario": 8,
        "actividad": 12,
        "fecha": "2015-12-11T03:04:14.198",
        "horas_de_trabajo": 0,
        "descripcion": "Finalizar user story",
        "sprint": 5,
        "estado": 114,
        "flujo": 4
    },
    "model": "user_stories.tarea",
    "pk": 261
},
{
    "fields": {
        "user_story": 22,
        "tipo": "Cambio de Estado",
        "usuario": 8,
        "actividad": 15,
        "fecha": "2015-12-11T03:04:16.230",
        "horas_de_trabajo": 0,
        "descripcion": "Finalizar user story",
        "sprint": 5,
        "estado": 123,
        "flujo": 5
    },
    "model": "user_stories.tarea",
    "pk": 262
},
{
    "fields": {
        "user_story": 21,
        "tipo": "Cambio de Estado",
        "usuario": 2,
        "actividad": 12,
        "fecha": "2015-12-11T03:05:03.375",
        "horas_de_trabajo": 0,
        "descripcion": "Aprobar user story",
        "sprint": 5,
        "estado": 114,
        "flujo": 4
    },
    "model": "user_stories.tarea",
    "pk": 263
},
{
    "fields": {
        "user_story": 22,
        "tipo": "Cambio de Estado",
        "usuario": 2,
        "actividad": 15,
        "fecha": "2015-12-11T03:05:09.451",
        "horas_de_trabajo": 0,
        "descripcion": "Aprobar user story",
        "sprint": 5,
        "estado": 123,
        "flujo": 5
    },
    "model": "user_stories.tarea",
    "pk": 264
},
{
    "fields": {
        "user_story": 23,
        "tipo": "Registro de Tarea",
        "usuario": 5,
        "actividad": 10,
        "fecha": "2015-12-07T05:05:18.545",
        "horas_de_trabajo": 0,
        "descripcion": "Adjuntar archivo",
        "sprint": 5,
        "estado": 106,
        "flujo": 4
    },
    "model": "user_stories.tarea",
    "pk": 265
},
{
    "fields": {
        "user_story": 24,
        "tipo": "Registro de Tarea",
        "usuario": 5,
        "actividad": 13,
        "fecha": "2015-12-07T05:05:49.000",
        "horas_de_trabajo": 0,
        "descripcion": "Adjuntar archivo",
        "sprint": 5,
        "estado": 115,
        "flujo": 5
    },
    "model": "user_stories.tarea",
    "pk": 266
},
{
    "fields": {
        "user_story": 23,
        "tipo": "Cambio de Estado",
        "usuario": 5,
        "actividad": 10,
        "fecha": "2015-12-07T05:06:14.885",
        "horas_de_trabajo": 0,
        "descripcion": "Cambio de estado: To do -> Doing",
        "sprint": 5,
        "estado": 107,
        "flujo": 4
    },
    "model": "user_stories.tarea",
    "pk": 267
},
{
    "fields": {
        "user_story": 24,
        "tipo": "Cambio de Estado",
        "usuario": 5,
        "actividad": 13,
        "fecha": "2015-12-07T05:06:17.021",
        "horas_de_trabajo": 0,
        "descripcion": "Cambio de estado: To do -> Doing",
        "sprint": 5,
        "estado": 116,
        "flujo": 5
    },
    "model": "user_stories.tarea",
    "pk": 268
},
{
    "fields": {
        "user_story": 23,
        "tipo": "Registro de Tarea",
        "usuario": 5,
        "actividad": 10,
        "fecha": "2015-12-08T06:06:14.784",
        "horas_de_trabajo": 5,
        "descripcion": "Tarea 1",
        "sprint": 5,
        "estado": 107,
        "flujo": 4
    },
    "model": "user_stories.tarea",
    "pk": 269
},
{
    "fields": {
        "user_story": 24,
        "tipo": "Registro de Tarea",
        "usuario": 5,
        "actividad": 13,
        "fecha": "2015-12-08T06:06:25.693",
        "horas_de_trabajo": 5,
        "descripcion": "Tarea 1",
        "sprint": 5,
        "estado": 116,
        "flujo": 5
    },
    "model": "user_stories.tarea",
    "pk": 270
},
{
    "fields": {
        "user_story": 23,
        "tipo": "Cambio de Estado",
        "usuario": 5,
        "actividad": 10,
        "fecha": "2015-12-08T06:06:28.379",
        "horas_de_trabajo": 0,
        "descripcion": "Cambio de estado: Doing -> Done",
        "sprint": 5,
        "estado": 108,
        "flujo": 4
    },
    "model": "user_stories.tarea",
    "pk": 271
},
{
    "fields": {
        "user_story": 24,
        "tipo": "Cambio de Estado",
        "usuario": 5,
        "actividad": 13,
        "fecha": "2015-12-08T06:06:30.357",
        "horas_de_trabajo": 0,
        "descripcion": "Cambio de estado: Doing -> Done",
        "sprint": 5,
        "estado": 117,
        "flujo": 5
    },
    "model": "user_stories.tarea",
    "pk": 272
},
{
    "fields": {
        "user_story": 23,
        "tipo": "Cambio de Estado",
        "usuario": 5,
        "actividad": 11,
        "fecha": "2015-12-08T06:06:33.234",
        "horas_de_trabajo": 0,
        "descripcion": "Cambio de actividad: Actividad 1 -> Actividad 2",
        "sprint": 5,
        "estado": 109,
        "flujo": 4
    },
    "model": "user_stories.tarea",
    "pk": 273
},
{
    "fields": {
        "user_story": 24,
        "tipo": "Cambio de Estado",
        "usuario": 5,
        "actividad": 14,
        "fecha": "2015-12-08T06:06:35.149",
        "horas_de_trabajo": 0,
        "descripcion": "Cambio de actividad: Actividad 2 -> Actividad 3",
        "sprint": 5,
        "estado": 118,
        "flujo": 5
    },
    "model": "user_stories.tarea",
    "pk": 274
},
{
    "fields": {
        "user_story": 23,
        "tipo": "Registro de Tarea",
        "usuario": 5,
        "actividad": 11,
        "fecha": "2015-12-09T07:06:12.543",
        "horas_de_trabajo": 5,
        "descripcion": "Tarea 2",
        "sprint": 5,
        "estado": 109,
        "flujo": 4
    },
    "model": "user_stories.tarea",
    "pk": 275
},
{
    "fields": {
        "user_story": 24,
        "tipo": "Registro de Tarea",
        "usuario": 5,
        "actividad": 14,
        "fecha": "2015-12-09T07:06:23.565",
        "horas_de_trabajo": 5,
        "descripcion": "Tarea 2",
        "sprint": 5,
        "estado": 118,
        "flujo": 5
    },
    "model": "user_stories.tarea",
    "pk": 276
},
{
    "fields": {
        "user_story": 23,
        "tipo": "Cambio de Estado",
        "usuario": 5,
        "actividad": 11,
        "fecha": "2015-12-09T07:06:27.258",
        "horas_de_trabajo": 0,
        "descripcion": "Cambio de estado: To do -> Doing",
        "sprint": 5,
        "estado": 110,
        "flujo": 4
    },
    "model": "user_stories.tarea",
    "pk": 277
},
{
    "fields": {
        "user_story": 24,
        "tipo": "Cambio de Estado",
        "usuario": 5,
        "actividad": 14,
        "fecha": "2015-12-09T07:06:29.293",
        "horas_de_trabajo": 0,
        "descripcion": "Cambio de estado: To do -> Doing",
        "sprint": 5,
        "estado": 119,
        "flujo": 5
    },
    "model": "user_stories.tarea",
    "pk": 278
},
{
    "fields": {
        "user_story": 23,
        "tipo": "Cambio de Estado",
        "usuario": 5,
        "actividad": 11,
        "fecha": "2015-12-10T08:07:03.211",
        "horas_de_trabajo": 0,
        "descripcion": "Cambio de estado: Doing -> Done",
        "sprint": 5,
        "estado": 111,
        "flujo": 4
    },
    "model": "user_stories.tarea",
    "pk": 279
},
{
    "fields": {
        "user_story": 24,
        "tipo": "Cambio de Estado",
        "usuario": 5,
        "actividad": 14,
        "fecha": "2015-12-10T08:07:05.684",
        "horas_de_trabajo": 0,
        "descripcion": "Cambio de estado: Doing -> Done",
        "sprint": 5,
        "estado": 120,
        "flujo": 5
    },
    "model": "user_stories.tarea",
    "pk": 280
},
{
    "fields": {
        "user_story": 23,
        "tipo": "Registro de Tarea",
        "usuario": 5,
        "actividad": 11,
        "fecha": "2015-12-10T08:07:44.091",
        "horas_de_trabajo": 5,
        "descripcion": "Tarea 3",
        "sprint": 5,
        "estado": 111,
        "flujo": 4
    },
    "model": "user_stories.tarea",
    "pk": 281
},
{
    "fields": {
        "user_story": 24,
        "tipo": "Registro de Tarea",
        "usuario": 5,
        "actividad": 14,
        "fecha": "2015-12-10T08:07:51.991",
        "horas_de_trabajo": 5,
        "descripcion": "Tarea 3",
        "sprint": 5,
        "estado": 120,
        "flujo": 5
    },
    "model": "user_stories.tarea",
    "pk": 282
},
{
    "fields": {
        "user_story": 23,
        "tipo": "Cambio de Estado",
        "usuario": 5,
        "actividad": 12,
        "fecha": "2015-12-10T08:08:02.049",
        "horas_de_trabajo": 0,
        "descripcion": "Cambio de actividad: Actividad 2 -> Actividad 3",
        "sprint": 5,
        "estado": 112,
        "flujo": 4
    },
    "model": "user_stories.tarea",
    "pk": 283
},
{
    "fields": {
        "user_story": 24,
        "tipo": "Cambio de Estado",
        "usuario": 5,
        "actividad": 15,
        "fecha": "2015-12-10T08:08:04.092",
        "horas_de_trabajo": 0,
        "descripcion": "Cambio de actividad: Actividad 3 -> Actividad 4",
        "sprint": 5,
        "estado": 121,
        "flujo": 5
    },
    "model": "user_stories.tarea",
    "pk": 284
},
{
    "fields": {
        "user_story": 23,
        "tipo": "Cambio de Estado",
        "usuario": 5,
        "actividad": 12,
        "fecha": "2015-12-11T09:08:05.224",
        "horas_de_trabajo": 0,
        "descripcion": "Cambio de estado: To do -> Doing",
        "sprint": 5,
        "estado": 113,
        "flujo": 4
    },
    "model": "user_stories.tarea",
    "pk": 285
},
{
    "fields": {
        "user_story": 24,
        "tipo": "Cambio de Estado",
        "usuario": 5,
        "actividad": 15,
        "fecha": "2015-12-11T09:08:07.268",
        "horas_de_trabajo": 0,
        "descripcion": "Cambio de estado: To do -> Doing",
        "sprint": 5,
        "estado": 122,
        "flujo": 5
    },
    "model": "user_stories.tarea",
    "pk": 286
},
{
    "fields": {
        "user_story": 23,
        "tipo": "Registro de Tarea",
        "usuario": 5,
        "actividad": 12,
        "fecha": "2015-12-11T09:08:16.177",
        "horas_de_trabajo": 5,
        "descripcion": "Tarea 4",
        "sprint": 5,
        "estado": 113,
        "flujo": 4
    },
    "model": "user_stories.tarea",
    "pk": 287
},
{
    "fields": {
        "user_story": 24,
        "tipo": "Registro de Tarea",
        "usuario": 5,
        "actividad": 15,
        "fecha": "2015-12-11T09:08:24.812",
        "horas_de_trabajo": 5,
        "descripcion": "Tarea 4",
        "sprint": 5,
        "estado": 122,
        "flujo": 5
    },
    "model": "user_stories.tarea",
    "pk": 288
},
{
    "fields": {
        "user_story": 23,
        "tipo": "Cambio de Estado",
        "usuario": 5,
        "actividad": 12,
        "fecha": "2015-12-11T09:08:34.882",
        "horas_de_trabajo": 0,
        "descripcion": "Cambio de estado: Doing -> Done",
        "sprint": 5,
        "estado": 114,
        "flujo": 4
    },
    "model": "user_stories.tarea",
    "pk": 289
},
{
    "fields": {
        "user_story": 24,
        "tipo": "Cambio de Estado",
        "usuario": 5,
        "actividad": 15,
        "fecha": "2015-12-11T09:08:37.425",
        "horas_de_trabajo": 0,
        "descripcion": "Cambio de estado: Doing -> Done",
        "sprint": 5,
        "estado": 123,
        "flujo": 5
    },
    "model": "user_stories.tarea",
    "pk": 290
},
{
    "fields": {
        "user_story": 23,
        "tipo": "Cambio de Estado",
        "usuario": 5,
        "actividad": 12,
        "fecha": "2015-12-11T09:08:40.744",
        "horas_de_trabajo": 0,
        "descripcion": "Finalizar user story",
        "sprint": 5,
        "estado": 114,
        "flujo": 4
    },
    "model": "user_stories.tarea",
    "pk": 291
},
{
    "fields": {
        "user_story": 24,
        "tipo": "Cambio de Estado",
        "usuario": 5,
        "actividad": 15,
        "fecha": "2015-12-11T09:08:42.844",
        "horas_de_trabajo": 0,
        "descripcion": "Finalizar user story",
        "sprint": 5,
        "estado": 123,
        "flujo": 5
    },
    "model": "user_stories.tarea",
    "pk": 292
},
{
    "fields": {
        "user_story": 23,
        "tipo": "Cambio de Estado",
        "usuario": 2,
        "actividad": 12,
        "fecha": "2015-12-11T09:10:15.091",
        "horas_de_trabajo": 0,
        "descripcion": "Aprobar user story",
        "sprint": 5,
        "estado": 114,
        "flujo": 4
    },
    "model": "user_stories.tarea",
    "pk": 293
},
{
    "fields": {
        "user_story": 24,
        "tipo": "Cambio de Estado",
        "usuario": 2,
        "actividad": 15,
        "fecha": "2015-12-11T09:10:22.902",
        "horas_de_trabajo": 0,
        "descripcion": "Aprobar user story",
        "sprint": 5,
        "estado": 123,
        "flujo": 5
    },
    "model": "user_stories.tarea",
    "pk": 294
},
{
    "fields": {
        "user_story": 25,
        "tipo": "Cambio de Estado",
        "usuario": 8,
        "actividad": 16,
        "fecha": "2015-12-09T10:45:47.856",
        "horas_de_trabajo": 0,
        "descripcion": "Inicio en el kanban",
        "sprint": 6,
        "estado": 124,
        "flujo": 6
    },
    "model": "user_stories.tarea",
    "pk": 295
},
{
    "fields": {
        "user_story": 26,
        "tipo": "Cambio de Estado",
        "usuario": 8,
        "actividad": 16,
        "fecha": "2015-12-09T10:45:47.888",
        "horas_de_trabajo": 0,
        "descripcion": "Inicio en el kanban",
        "sprint": 6,
        "estado": 124,
        "flujo": 6
    },
    "model": "user_stories.tarea",
    "pk": 296
},
{
    "fields": {
        "user_story": 27,
        "tipo": "Cambio de Estado",
        "usuario": 5,
        "actividad": 16,
        "fecha": "2015-12-09T10:45:47.923",
        "horas_de_trabajo": 0,
        "descripcion": "Inicio en el kanban",
        "sprint": 6,
        "estado": 124,
        "flujo": 6
    },
    "model": "user_stories.tarea",
    "pk": 297
},
{
    "fields": {
        "user_story": 25,
        "tipo": "Registro de Tarea",
        "usuario": 8,
        "actividad": 16,
        "fecha": "2015-12-09T10:47:46.654",
        "horas_de_trabajo": 4,
        "descripcion": "Tarea 1",
        "sprint": 6,
        "estado": 124,
        "flujo": 6
    },
    "model": "user_stories.tarea",
    "pk": 298
},
{
    "fields": {
        "user_story": 25,
        "tipo": "Registro de Tarea",
        "usuario": 8,
        "actividad": 16,
        "fecha": "2015-12-10T11:48:12.709",
        "horas_de_trabajo": 4,
        "descripcion": "Tarea 1",
        "sprint": 6,
        "estado": 124,
        "flujo": 6
    },
    "model": "user_stories.tarea",
    "pk": 299
},
{
    "fields": {
        "user_story": 28,
        "tipo": "Cambio de Estado",
        "usuario": 11,
        "actividad": 22,
        "fecha": "2015-12-08T04:35:05.261",
        "horas_de_trabajo": 0,
        "descripcion": "Inicio en el kanban",
        "sprint": 7,
        "estado": 142,
        "flujo": 8
    },
    "model": "user_stories.tarea",
    "pk": 300
},
{
    "fields": {
        "user_story": 28,
        "tipo": "Registro de Tarea",
        "usuario": 11,
        "actividad": 22,
        "fecha": "2015-11-23T13:36:08.032",
        "horas_de_trabajo": 3,
        "descripcion": "tarea",
        "sprint": 7,
        "estado": 142,
        "flujo": 8
    },
    "model": "user_stories.tarea",
    "pk": 301
},
{
    "fields": {
        "user_story": 28,
        "tipo": "Cambio de Estado",
        "usuario": 11,
        "actividad": 22,
        "fecha": "2015-11-23T13:36:10.159",
        "horas_de_trabajo": 0,
        "descripcion": "Cambio de estado: To do -> Doing",
        "sprint": 7,
        "estado": 143,
        "flujo": 8
    },
    "model": "user_stories.tarea",
    "pk": 302
},
{
    "fields": {
        "user_story": 28,
        "tipo": "Cambio de Estado",
        "usuario": 11,
        "actividad": 22,
        "fecha": "2015-11-23T13:36:31.218",
        "horas_de_trabajo": 0,
        "descripcion": "Cambio de estado: Doing -> Done",
        "sprint": 7,
        "estado": 144,
        "flujo": 8
    },
    "model": "user_stories.tarea",
    "pk": 303
},
{
    "fields": {
        "user_story": 28,
        "tipo": "Cambio de Estado",
        "usuario": 11,
        "actividad": 23,
        "fecha": "2015-11-23T13:36:59.529",
        "horas_de_trabajo": 0,
        "descripcion": "Cambio de actividad: Actividad 1 -> Actividad 2",
        "sprint": 7,
        "estado": 145,
        "flujo": 8
    },
    "model": "user_stories.tarea",
    "pk": 304
},
{
    "fields": {
        "user_story": 28,
        "tipo": "Cambio de Estado",
        "usuario": 11,
        "actividad": 23,
        "fecha": "2015-11-23T13:37:06.214",
        "horas_de_trabajo": 0,
        "descripcion": "Cambio de estado: To do -> Doing",
        "sprint": 7,
        "estado": 146,
        "flujo": 8
    },
    "model": "user_stories.tarea",
    "pk": 305
},
{
    "fields": {
        "user_story": 28,
        "tipo": "Cambio de Estado",
        "usuario": 11,
        "actividad": 23,
        "fecha": "2015-11-23T13:37:07.985",
        "horas_de_trabajo": 0,
        "descripcion": "Cambio de estado: Doing -> Done",
        "sprint": 7,
        "estado": 147,
        "flujo": 8
    },
    "model": "user_stories.tarea",
    "pk": 306
},
{
    "fields": {
        "user_story": 28,
        "tipo": "Cambio de Estado",
        "usuario": 11,
        "actividad": 24,
        "fecha": "2015-11-23T13:37:09.684",
        "horas_de_trabajo": 0,
        "descripcion": "Cambio de actividad: Actividad 2 -> Actividad 3",
        "sprint": 7,
        "estado": 148,
        "flujo": 8
    },
    "model": "user_stories.tarea",
    "pk": 307
},
{
    "fields": {
        "user_story": 28,
        "tipo": "Cambio de Estado",
        "usuario": 11,
        "actividad": 24,
        "fecha": "2015-11-23T13:37:11.162",
        "horas_de_trabajo": 0,
        "descripcion": "Cambio de estado: To do -> Doing",
        "sprint": 7,
        "estado": 149,
        "flujo": 8
    },
    "model": "user_stories.tarea",
    "pk": 308
},
{
    "fields": {
        "user_story": 28,
        "tipo": "Cambio de Estado",
        "usuario": 11,
        "actividad": 24,
        "fecha": "2015-11-23T13:37:13.699",
        "horas_de_trabajo": 0,
        "descripcion": "Cambio de estado: Doing -> Done",
        "sprint": 7,
        "estado": 150,
        "flujo": 8
    },
    "model": "user_stories.tarea",
    "pk": 309
},
{
    "fields": {
        "user_story": 28,
        "tipo": "Cambio de Estado",
        "usuario": 11,
        "actividad": 24,
        "fecha": "2015-11-10T17:54:18.011",
        "horas_de_trabajo": 0,
        "descripcion": "Finalizar user story",
        "sprint": 7,
        "estado": 150,
        "flujo": 8
    },
    "model": "user_stories.tarea",
    "pk": 310
},
{
    "fields": {
        "user_story": 28,
        "tipo": "Cambio de Estado",
        "usuario": 4,
        "actividad": 24,
        "fecha": "2015-11-10T17:54:52.391",
        "horas_de_trabajo": 0,
        "descripcion": "Revertir: - Estado: Done -> To do",
        "sprint": 7,
        "estado": 148,
        "flujo": 8
    },
    "model": "user_stories.tarea",
    "pk": 311
},
{
    "fields": {
        "user_story": 28,
        "tipo": "Cambio de Estado",
        "usuario": 4,
        "actividad": 23,
        "fecha": "2015-11-10T17:54:56.007",
        "horas_de_trabajo": 0,
        "descripcion": "Revertir: - Actividad: Actividad 3 -> Actividad 2",
        "sprint": 7,
        "estado": 145,
        "flujo": 8
    },
    "model": "user_stories.tarea",
    "pk": 312
},
{
    "fields": {
        "user_story": 28,
        "tipo": "Cambio de Estado",
        "usuario": 4,
        "actividad": 22,
        "fecha": "2015-11-10T17:54:59.106",
        "horas_de_trabajo": 0,
        "descripcion": "Revertir: - Actividad: Actividad 2 -> Actividad 1",
        "sprint": 7,
        "estado": 142,
        "flujo": 8
    },
    "model": "user_stories.tarea",
    "pk": 313
},
{
    "fields": {
        "user_story": 28,
        "tipo": "Cambio de Estado",
        "usuario": 11,
        "actividad": 22,
        "fecha": "2015-11-10T17:56:09.153",
        "horas_de_trabajo": 0,
        "descripcion": "Cambio de estado: To do -> Doing",
        "sprint": 7,
        "estado": 143,
        "flujo": 8
    },
    "model": "user_stories.tarea",
    "pk": 314
},
{
    "fields": {
        "user_story": 28,
        "tipo": "Cambio de Estado",
        "usuario": 11,
        "actividad": 22,
        "fecha": "2015-11-10T17:57:14.495",
        "horas_de_trabajo": 0,
        "descripcion": "Cambio de estado: Doing -> Done",
        "sprint": 7,
        "estado": 144,
        "flujo": 8
    },
    "model": "user_stories.tarea",
    "pk": 315
},
{
    "fields": {
        "user_story": 28,
        "tipo": "Cambio de Estado",
        "usuario": 11,
        "actividad": 23,
        "fecha": "2015-11-10T18:19:19.023",
        "horas_de_trabajo": 0,
        "descripcion": "Cambio de actividad: Actividad 1 -> Actividad 2",
        "sprint": 7,
        "estado": 145,
        "flujo": 8
    },
    "model": "user_stories.tarea",
    "pk": 316
},
{
    "fields": {
        "user_story": 28,
        "tipo": "Cambio de Estado",
        "usuario": 11,
        "actividad": 23,
        "fecha": "2015-11-10T18:19:20.917",
        "horas_de_trabajo": 0,
        "descripcion": "Cambio de estado: To do -> Doing",
        "sprint": 7,
        "estado": 146,
        "flujo": 8
    },
    "model": "user_stories.tarea",
    "pk": 317
},
{
    "fields": {
        "user_story": 28,
        "tipo": "Cambio de Estado",
        "usuario": 11,
        "actividad": 23,
        "fecha": "2015-11-10T18:19:22.524",
        "horas_de_trabajo": 0,
        "descripcion": "Cambio de estado: Doing -> Done",
        "sprint": 7,
        "estado": 147,
        "flujo": 8
    },
    "model": "user_stories.tarea",
    "pk": 318
},
{
    "fields": {
        "user_story": 28,
        "tipo": "Cambio de Estado",
        "usuario": 4,
        "actividad": 23,
        "fecha": "2015-11-10T18:19:52.590",
        "horas_de_trabajo": 0,
        "descripcion": "Revertir: - Estado: Done -> To do",
        "sprint": 7,
        "estado": 145,
        "flujo": 8
    },
    "model": "user_stories.tarea",
    "pk": 319
},
{
    "fields": {
        "user_story": 28,
        "tipo": "Cambio de Estado",
        "usuario": 4,
        "actividad": 22,
        "fecha": "2015-12-10T19:33:46.923",
        "horas_de_trabajo": 0,
        "descripcion": "Revertir: - Actividad: Actividad 2 -> Actividad 1",
        "sprint": 7,
        "estado": 142,
        "flujo": 8
    },
    "model": "user_stories.tarea",
    "pk": 320
},
{
    "fields": {
        "user_story": 28,
        "tipo": "Cambio de Estado",
        "usuario": 11,
        "actividad": 22,
        "fecha": "2015-12-10T19:35:46.460",
        "horas_de_trabajo": 0,
        "descripcion": "Cambio de estado: To do -> Doing",
        "sprint": 7,
        "estado": 143,
        "flujo": 8
    },
    "model": "user_stories.tarea",
    "pk": 321
},
{
    "fields": {
        "user_story": 28,
        "tipo": "Cambio de Estado",
        "usuario": 11,
        "actividad": 22,
        "fecha": "2015-12-10T19:35:48.116",
        "horas_de_trabajo": 0,
        "descripcion": "Cambio de estado: Doing -> Done",
        "sprint": 7,
        "estado": 144,
        "flujo": 8
    },
    "model": "user_stories.tarea",
    "pk": 322
},
{
    "fields": {
        "user_story": 28,
        "tipo": "Cambio de Estado",
        "usuario": 11,
        "actividad": 23,
        "fecha": "2015-12-10T19:35:56.031",
        "horas_de_trabajo": 0,
        "descripcion": "Cambio de actividad: Actividad 1 -> Actividad 2",
        "sprint": 7,
        "estado": 145,
        "flujo": 8
    },
    "model": "user_stories.tarea",
    "pk": 323
},
{
    "fields": {
        "user_story": 28,
        "tipo": "Cambio de Estado",
        "usuario": 11,
        "actividad": 23,
        "fecha": "2015-12-10T19:35:57.388",
        "horas_de_trabajo": 0,
        "descripcion": "Cambio de estado: To do -> Doing",
        "sprint": 7,
        "estado": 146,
        "flujo": 8
    },
    "model": "user_stories.tarea",
    "pk": 324
},
{
    "fields": {
        "user_story": 28,
        "tipo": "Cambio de Estado",
        "usuario": 11,
        "actividad": 23,
        "fecha": "2015-12-10T19:35:59.153",
        "horas_de_trabajo": 0,
        "descripcion": "Cambio de estado: Doing -> Done",
        "sprint": 7,
        "estado": 147,
        "flujo": 8
    },
    "model": "user_stories.tarea",
    "pk": 325
},
{
    "fields": {
        "user_story": 28,
        "tipo": "Cambio de Estado",
        "usuario": 11,
        "actividad": 24,
        "fecha": "2015-12-10T19:36:00.991",
        "horas_de_trabajo": 0,
        "descripcion": "Cambio de actividad: Actividad 2 -> Actividad 3",
        "sprint": 7,
        "estado": 148,
        "flujo": 8
    },
    "model": "user_stories.tarea",
    "pk": 326
},
{
    "fields": {
        "user_story": 28,
        "tipo": "Cambio de Estado",
        "usuario": 11,
        "actividad": 24,
        "fecha": "2015-12-10T19:36:02.468",
        "horas_de_trabajo": 0,
        "descripcion": "Cambio de estado: To do -> Doing",
        "sprint": 7,
        "estado": 149,
        "flujo": 8
    },
    "model": "user_stories.tarea",
    "pk": 327
},
{
    "fields": {
        "user_story": 28,
        "tipo": "Cambio de Estado",
        "usuario": 11,
        "actividad": 24,
        "fecha": "2015-12-10T19:36:04.404",
        "horas_de_trabajo": 0,
        "descripcion": "Cambio de estado: Doing -> Done",
        "sprint": 7,
        "estado": 150,
        "flujo": 8
    },
    "model": "user_stories.tarea",
    "pk": 328
},
{
    "fields": {
        "user_story": 28,
        "tipo": "Cambio de Estado",
        "usuario": 4,
        "actividad": 24,
        "fecha": "2015-12-10T19:37:11.921",
        "horas_de_trabajo": 0,
        "descripcion": "Revertir: - Estado: Done -> To do",
        "sprint": 7,
        "estado": 148,
        "flujo": 8
    },
    "model": "user_stories.tarea",
    "pk": 329
},
{
    "fields": {
        "user_story": 28,
        "tipo": "Cambio de Estado",
        "usuario": 4,
        "actividad": 23,
        "fecha": "2015-12-10T19:37:43.911",
        "horas_de_trabajo": 0,
        "descripcion": "Revertir: - Actividad: Actividad 3 -> Actividad 2",
        "sprint": 7,
        "estado": 145,
        "flujo": 8
    },
    "model": "user_stories.tarea",
    "pk": 330
},
{
    "fields": {
        "user_story": 28,
        "tipo": "Cambio de Estado",
        "usuario": 4,
        "actividad": 22,
        "fecha": "2015-12-10T19:37:46.058",
        "horas_de_trabajo": 0,
        "descripcion": "Revertir: - Actividad: Actividad 2 -> Actividad 1",
        "sprint": 7,
        "estado": 142,
        "flujo": 8
    },
    "model": "user_stories.tarea",
    "pk": 331
},
{
    "fields": {
        "user_story": 28,
        "tipo": "Cambio de Estado",
        "usuario": 11,
        "actividad": 22,
        "fecha": "2015-12-10T19:39:12.482",
        "horas_de_trabajo": 0,
        "descripcion": "Cambio de estado: To do -> Doing",
        "sprint": 7,
        "estado": 143,
        "flujo": 8
    },
    "model": "user_stories.tarea",
    "pk": 332
},
{
    "fields": {
        "user_story": 28,
        "tipo": "Cambio de Estado",
        "usuario": 11,
        "actividad": 22,
        "fecha": "2015-12-10T19:39:13.908",
        "horas_de_trabajo": 0,
        "descripcion": "Cambio de estado: Doing -> Done",
        "sprint": 7,
        "estado": 144,
        "flujo": 8
    },
    "model": "user_stories.tarea",
    "pk": 333
},
{
    "fields": {
        "user_story": 28,
        "tipo": "Cambio de Estado",
        "usuario": 11,
        "actividad": 23,
        "fecha": "2015-12-10T19:41:39.019",
        "horas_de_trabajo": 0,
        "descripcion": "Cambio de actividad: Actividad 1 -> Actividad 2",
        "sprint": 7,
        "estado": 145,
        "flujo": 8
    },
    "model": "user_stories.tarea",
    "pk": 334
},
{
    "fields": {
        "user_story": 28,
        "tipo": "Cambio de Estado",
        "usuario": 11,
        "actividad": 23,
        "fecha": "2015-12-10T19:41:40.417",
        "horas_de_trabajo": 0,
        "descripcion": "Cambio de estado: To do -> Doing",
        "sprint": 7,
        "estado": 146,
        "flujo": 8
    },
    "model": "user_stories.tarea",
    "pk": 335
},
{
    "fields": {
        "user_story": 28,
        "tipo": "Cambio de Estado",
        "usuario": 11,
        "actividad": 23,
        "fecha": "2015-12-10T19:41:42.148",
        "horas_de_trabajo": 0,
        "descripcion": "Cambio de estado: Doing -> Done",
        "sprint": 7,
        "estado": 147,
        "flujo": 8
    },
    "model": "user_stories.tarea",
    "pk": 336
},
{
    "fields": {
        "user_story": 28,
        "tipo": "Cambio de Estado",
        "usuario": 4,
        "actividad": 23,
        "fecha": "2015-12-10T19:41:59.509",
        "horas_de_trabajo": 0,
        "descripcion": "Revertir: - Estado: Done -> To do",
        "sprint": 7,
        "estado": 145,
        "flujo": 8
    },
    "model": "user_stories.tarea",
    "pk": 337
},
{
    "fields": {
        "user_story": 28,
        "tipo": "Cambio de Estado",
        "usuario": 4,
        "actividad": 22,
        "fecha": "2015-12-10T19:42:05.818",
        "horas_de_trabajo": 0,
        "descripcion": "Revertir: - Actividad: Actividad 2 -> Actividad 1",
        "sprint": 7,
        "estado": 142,
        "flujo": 8
    },
    "model": "user_stories.tarea",
    "pk": 338
},
{
    "fields": {
        "user_story": 28,
        "tipo": "Cambio de Estado",
        "usuario": 11,
        "actividad": 22,
        "fecha": "2015-12-10T19:42:22.288",
        "horas_de_trabajo": 0,
        "descripcion": "Cambio de estado: To do -> Doing",
        "sprint": 7,
        "estado": 143,
        "flujo": 8
    },
    "model": "user_stories.tarea",
    "pk": 339
},
{
    "fields": {
        "user_story": 28,
        "tipo": "Cambio de Estado",
        "usuario": 11,
        "actividad": 22,
        "fecha": "2015-12-10T19:42:23.881",
        "horas_de_trabajo": 0,
        "descripcion": "Cambio de estado: Doing -> Done",
        "sprint": 7,
        "estado": 144,
        "flujo": 8
    },
    "model": "user_stories.tarea",
    "pk": 340
},
{
    "fields": {
        "user_story": 28,
        "tipo": "Cambio de Estado",
        "usuario": 4,
        "actividad": 22,
        "fecha": "2015-12-10T19:42:47.494",
        "horas_de_trabajo": 0,
        "descripcion": "Revertir: - Estado: Done -> To do",
        "sprint": 7,
        "estado": 142,
        "flujo": 8
    },
    "model": "user_stories.tarea",
    "pk": 341
},
{
    "fields": {
        "user_story": 28,
        "tipo": "Cambio de Estado",
        "usuario": 11,
        "actividad": 22,
        "fecha": "2015-12-10T19:46:27.276",
        "horas_de_trabajo": 0,
        "descripcion": "Cambio de estado: To do -> Doing",
        "sprint": 7,
        "estado": 143,
        "flujo": 8
    },
    "model": "user_stories.tarea",
    "pk": 342
},
{
    "fields": {
        "user_story": 28,
        "tipo": "Cambio de Estado",
        "usuario": 11,
        "actividad": 22,
        "fecha": "2015-12-10T19:46:28.632",
        "horas_de_trabajo": 0,
        "descripcion": "Cambio de estado: Doing -> Done",
        "sprint": 7,
        "estado": 144,
        "flujo": 8
    },
    "model": "user_stories.tarea",
    "pk": 343
},
{
    "fields": {
        "user_story": 28,
        "tipo": "Cambio de Estado",
        "usuario": 11,
        "actividad": 23,
        "fecha": "2015-12-10T19:46:30.109",
        "horas_de_trabajo": 0,
        "descripcion": "Cambio de actividad: Actividad 1 -> Actividad 2",
        "sprint": 7,
        "estado": 145,
        "flujo": 8
    },
    "model": "user_stories.tarea",
    "pk": 344
},
{
    "fields": {
        "user_story": 28,
        "tipo": "Cambio de Estado",
        "usuario": 11,
        "actividad": 23,
        "fecha": "2015-12-10T19:46:31.521",
        "horas_de_trabajo": 0,
        "descripcion": "Cambio de estado: To do -> Doing",
        "sprint": 7,
        "estado": 146,
        "flujo": 8
    },
    "model": "user_stories.tarea",
    "pk": 345
},
{
    "fields": {
        "user_story": 28,
        "tipo": "Cambio de Estado",
        "usuario": 11,
        "actividad": 23,
        "fecha": "2015-12-10T19:46:33.236",
        "horas_de_trabajo": 0,
        "descripcion": "Cambio de estado: Doing -> Done",
        "sprint": 7,
        "estado": 147,
        "flujo": 8
    },
    "model": "user_stories.tarea",
    "pk": 346
},
{
    "fields": {
        "user_story": 28,
        "tipo": "Cambio de Estado",
        "usuario": 11,
        "actividad": 24,
        "fecha": "2015-12-10T19:46:34.544",
        "horas_de_trabajo": 0,
        "descripcion": "Cambio de actividad: Actividad 2 -> Actividad 3",
        "sprint": 7,
        "estado": 148,
        "flujo": 8
    },
    "model": "user_stories.tarea",
    "pk": 347
},
{
    "fields": {
        "user_story": 28,
        "tipo": "Cambio de Estado",
        "usuario": 11,
        "actividad": 24,
        "fecha": "2015-12-10T19:46:35.929",
        "horas_de_trabajo": 0,
        "descripcion": "Cambio de estado: To do -> Doing",
        "sprint": 7,
        "estado": 149,
        "flujo": 8
    },
    "model": "user_stories.tarea",
    "pk": 348
},
{
    "fields": {
        "user_story": 28,
        "tipo": "Cambio de Estado",
        "usuario": 11,
        "actividad": 24,
        "fecha": "2015-12-10T19:46:37.355",
        "horas_de_trabajo": 0,
        "descripcion": "Cambio de estado: Doing -> Done",
        "sprint": 7,
        "estado": 150,
        "flujo": 8
    },
    "model": "user_stories.tarea",
    "pk": 349
},
{
    "fields": {
        "user_story": 28,
        "tipo": "Cambio de Estado",
        "usuario": 4,
        "actividad": 24,
        "fecha": "2015-12-10T19:47:44.400",
        "horas_de_trabajo": 0,
        "descripcion": "Revertir: - Estado: Done -> To do",
        "sprint": 7,
        "estado": 148,
        "flujo": 8
    },
    "model": "user_stories.tarea",
    "pk": 350
},
{
    "fields": {
        "user_story": 28,
        "tipo": "Cambio de Estado",
        "usuario": 4,
        "actividad": 23,
        "fecha": "2015-12-10T19:47:45.939",
        "horas_de_trabajo": 0,
        "descripcion": "Revertir: - Actividad: Actividad 3 -> Actividad 2",
        "sprint": 7,
        "estado": 145,
        "flujo": 8
    },
    "model": "user_stories.tarea",
    "pk": 351
},
{
    "fields": {
        "user_story": 28,
        "tipo": "Cambio de Estado",
        "usuario": 4,
        "actividad": 22,
        "fecha": "2015-12-10T19:47:47.412",
        "horas_de_trabajo": 0,
        "descripcion": "Revertir: - Actividad: Actividad 2 -> Actividad 1",
        "sprint": 7,
        "estado": 142,
        "flujo": 8
    },
    "model": "user_stories.tarea",
    "pk": 352
},
{
    "fields": {
        "user_story": 28,
        "tipo": "Cambio de Estado",
        "usuario": 11,
        "actividad": 22,
        "fecha": "2015-12-10T19:48:51.560",
        "horas_de_trabajo": 0,
        "descripcion": "Cambio de estado: To do -> Doing",
        "sprint": 7,
        "estado": 143,
        "flujo": 8
    },
    "model": "user_stories.tarea",
    "pk": 353
},
{
    "fields": {
        "user_story": 28,
        "tipo": "Cambio de Estado",
        "usuario": 11,
        "actividad": 22,
        "fecha": "2015-12-10T19:48:53.143",
        "horas_de_trabajo": 0,
        "descripcion": "Cambio de estado: Doing -> Done",
        "sprint": 7,
        "estado": 144,
        "flujo": 8
    },
    "model": "user_stories.tarea",
    "pk": 354
},
{
    "fields": {
        "user_story": 28,
        "tipo": "Cambio de Estado",
        "usuario": 11,
        "actividad": 23,
        "fecha": "2015-12-10T19:48:54.497",
        "horas_de_trabajo": 0,
        "descripcion": "Cambio de actividad: Actividad 1 -> Actividad 2",
        "sprint": 7,
        "estado": 145,
        "flujo": 8
    },
    "model": "user_stories.tarea",
    "pk": 355
},
{
    "fields": {
        "user_story": 28,
        "tipo": "Cambio de Estado",
        "usuario": 11,
        "actividad": 23,
        "fecha": "2015-12-10T19:48:56.094",
        "horas_de_trabajo": 0,
        "descripcion": "Cambio de estado: To do -> Doing",
        "sprint": 7,
        "estado": 146,
        "flujo": 8
    },
    "model": "user_stories.tarea",
    "pk": 356
},
{
    "fields": {
        "user_story": 28,
        "tipo": "Cambio de Estado",
        "usuario": 11,
        "actividad": 23,
        "fecha": "2015-12-10T19:48:57.439",
        "horas_de_trabajo": 0,
        "descripcion": "Cambio de estado: Doing -> Done",
        "sprint": 7,
        "estado": 147,
        "flujo": 8
    },
    "model": "user_stories.tarea",
    "pk": 357
},
{
    "fields": {
        "user_story": 28,
        "tipo": "Cambio de Estado",
        "usuario": 11,
        "actividad": 23,
        "fecha": "2015-12-10T19:48:58.741",
        "horas_de_trabajo": 0,
        "descripcion": "Cambio de estado: Doing -> Done",
        "sprint": 7,
        "estado": 147,
        "flujo": 8
    },
    "model": "user_stories.tarea",
    "pk": 358
},
{
    "fields": {
        "user_story": 28,
        "tipo": "Cambio de Estado",
        "usuario": 11,
        "actividad": 24,
        "fecha": "2015-12-10T19:49:00.747",
        "horas_de_trabajo": 0,
        "descripcion": "Cambio de actividad: Actividad 2 -> Actividad 3",
        "sprint": 7,
        "estado": 148,
        "flujo": 8
    },
    "model": "user_stories.tarea",
    "pk": 359
},
{
    "fields": {
        "user_story": 28,
        "tipo": "Cambio de Estado",
        "usuario": 11,
        "actividad": 24,
        "fecha": "2015-12-10T19:49:02.155",
        "horas_de_trabajo": 0,
        "descripcion": "Cambio de estado: To do -> Doing",
        "sprint": 7,
        "estado": 149,
        "flujo": 8
    },
    "model": "user_stories.tarea",
    "pk": 360
},
{
    "fields": {
        "user_story": 28,
        "tipo": "Cambio de Estado",
        "usuario": 11,
        "actividad": 24,
        "fecha": "2015-12-10T19:49:03.513",
        "horas_de_trabajo": 0,
        "descripcion": "Cambio de estado: Doing -> Done",
        "sprint": 7,
        "estado": 150,
        "flujo": 8
    },
    "model": "user_stories.tarea",
    "pk": 361
},
{
    "fields": {
        "user_story": 28,
        "tipo": "Cambio de Estado",
        "usuario": 11,
        "actividad": 24,
        "fecha": "2015-12-10T19:49:05.376",
        "horas_de_trabajo": 0,
        "descripcion": "Finalizar user story",
        "sprint": 7,
        "estado": 150,
        "flujo": 8
    },
    "model": "user_stories.tarea",
    "pk": 362
},
{
    "fields": {
        "user_story": 28,
        "tipo": "Cambio de Estado",
        "usuario": 4,
        "actividad": 24,
        "fecha": "2015-12-10T19:50:47.462",
        "horas_de_trabajo": 0,
        "descripcion": "Revertir: - Estado: Done -> To do",
        "sprint": 7,
        "estado": 148,
        "flujo": 8
    },
    "model": "user_stories.tarea",
    "pk": 363
},
{
    "fields": {
        "user_story": 28,
        "tipo": "Cambio de Estado",
        "usuario": 4,
        "actividad": 23,
        "fecha": "2015-12-10T19:50:50.914",
        "horas_de_trabajo": 0,
        "descripcion": "Revertir: - Actividad: Actividad 3 -> Actividad 2",
        "sprint": 7,
        "estado": 145,
        "flujo": 8
    },
    "model": "user_stories.tarea",
    "pk": 364
},
{
    "fields": {
        "user_story": 28,
        "tipo": "Cambio de Estado",
        "usuario": 4,
        "actividad": 22,
        "fecha": "2015-12-10T19:50:54.208",
        "horas_de_trabajo": 0,
        "descripcion": "Revertir: - Actividad: Actividad 2 -> Actividad 1",
        "sprint": 7,
        "estado": 142,
        "flujo": 8
    },
    "model": "user_stories.tarea",
    "pk": 365
},
{
    "fields": {
        "user_story": 28,
        "tipo": "Cambio de Estado",
        "usuario": 11,
        "actividad": 22,
        "fecha": "2015-12-10T19:51:45.609",
        "horas_de_trabajo": 0,
        "descripcion": "Cambio de estado: To do -> Doing",
        "sprint": 7,
        "estado": 143,
        "flujo": 8
    },
    "model": "user_stories.tarea",
    "pk": 366
},
{
    "fields": {
        "user_story": 28,
        "tipo": "Cambio de Estado",
        "usuario": 11,
        "actividad": 22,
        "fecha": "2015-12-10T19:51:46.784",
        "horas_de_trabajo": 0,
        "descripcion": "Cambio de estado: Doing -> Done",
        "sprint": 7,
        "estado": 144,
        "flujo": 8
    },
    "model": "user_stories.tarea",
    "pk": 367
},
{
    "fields": {
        "user_story": 28,
        "tipo": "Cambio de Estado",
        "usuario": 11,
        "actividad": 23,
        "fecha": "2015-12-10T19:51:47.978",
        "horas_de_trabajo": 0,
        "descripcion": "Cambio de actividad: Actividad 1 -> Actividad 2",
        "sprint": 7,
        "estado": 145,
        "flujo": 8
    },
    "model": "user_stories.tarea",
    "pk": 368
},
{
    "fields": {
        "user_story": 28,
        "tipo": "Cambio de Estado",
        "usuario": 11,
        "actividad": 23,
        "fecha": "2015-12-10T19:51:49.157",
        "horas_de_trabajo": 0,
        "descripcion": "Cambio de estado: To do -> Doing",
        "sprint": 7,
        "estado": 146,
        "flujo": 8
    },
    "model": "user_stories.tarea",
    "pk": 369
},
{
    "fields": {
        "user_story": 28,
        "tipo": "Cambio de Estado",
        "usuario": 11,
        "actividad": 23,
        "fecha": "2015-12-10T19:51:50.395",
        "horas_de_trabajo": 0,
        "descripcion": "Cambio de estado: Doing -> Done",
        "sprint": 7,
        "estado": 147,
        "flujo": 8
    },
    "model": "user_stories.tarea",
    "pk": 370
},
{
    "fields": {
        "user_story": 28,
        "tipo": "Cambio de Estado",
        "usuario": 11,
        "actividad": 24,
        "fecha": "2015-12-10T19:51:51.549",
        "horas_de_trabajo": 0,
        "descripcion": "Cambio de actividad: Actividad 2 -> Actividad 3",
        "sprint": 7,
        "estado": 148,
        "flujo": 8
    },
    "model": "user_stories.tarea",
    "pk": 371
},
{
    "fields": {
        "user_story": 28,
        "tipo": "Cambio de Estado",
        "usuario": 11,
        "actividad": 24,
        "fecha": "2015-12-10T19:51:52.542",
        "horas_de_trabajo": 0,
        "descripcion": "Cambio de estado: To do -> Doing",
        "sprint": 7,
        "estado": 149,
        "flujo": 8
    },
    "model": "user_stories.tarea",
    "pk": 372
},
{
    "fields": {
        "user_story": 28,
        "tipo": "Cambio de Estado",
        "usuario": 11,
        "actividad": 24,
        "fecha": "2015-12-10T19:51:53.682",
        "horas_de_trabajo": 0,
        "descripcion": "Cambio de estado: Doing -> Done",
        "sprint": 7,
        "estado": 150,
        "flujo": 8
    },
    "model": "user_stories.tarea",
    "pk": 373
},
{
    "fields": {
        "user_story": 28,
        "tipo": "Cambio de Estado",
        "usuario": 11,
        "actividad": 24,
        "fecha": "2015-12-10T19:51:55.131",
        "horas_de_trabajo": 0,
        "descripcion": "Finalizar user story",
        "sprint": 7,
        "estado": 150,
        "flujo": 8
    },
    "model": "user_stories.tarea",
    "pk": 374
},
{
    "fields": {
        "user_story": 28,
        "tipo": "Cambio de Estado",
        "usuario": 4,
        "actividad": 24,
        "fecha": "2015-12-10T19:52:15.512",
        "horas_de_trabajo": 0,
        "descripcion": "Aprobar user story",
        "sprint": 7,
        "estado": 150,
        "flujo": 8
    },
    "model": "user_stories.tarea",
    "pk": 375
},
{
    "fields": {
        "user_story": 29,
        "tipo": "Cambio de Estado",
        "usuario": 11,
        "actividad": 28,
        "fecha": "2015-12-10T20:14:24.674",
        "horas_de_trabajo": 0,
        "descripcion": "Inicio en el kanban",
        "sprint": 8,
        "estado": 160,
        "flujo": 10
    },
    "model": "user_stories.tarea",
    "pk": 376
},
{
    "fields": {
        "user_story": 29,
        "tipo": "Registro de Tarea",
        "usuario": 4,
        "actividad": 28,
        "fecha": "2015-12-10T20:15:22.461",
        "horas_de_trabajo": 0,
        "descripcion": "Adjuntar archivo",
        "sprint": 8,
        "estado": 160,
        "flujo": 10
    },
    "model": "user_stories.tarea",
    "pk": 377
},
{
    "fields": {
        "user_story": 30,
        "tipo": "Cambio de Estado",
        "usuario": 11,
        "actividad": 31,
        "fecha": "2015-12-10T20:29:21.733",
        "horas_de_trabajo": 0,
        "descripcion": "Inicio en el kanban",
        "sprint": 9,
        "estado": 169,
        "flujo": 11
    },
    "model": "user_stories.tarea",
    "pk": 378
},
{
    "fields": {
        "user_story": 30,
        "tipo": "Cambio de Estado",
        "usuario": 11,
        "actividad": 31,
        "fecha": "2015-12-10T20:29:36.739",
        "horas_de_trabajo": 0,
        "descripcion": "Cambio de estado: To do -> Doing",
        "sprint": 9,
        "estado": 170,
        "flujo": 11
    },
    "model": "user_stories.tarea",
    "pk": 379
},
{
    "fields": {
        "user_story": 30,
        "tipo": "Cambio de Estado",
        "usuario": 11,
        "actividad": 31,
        "fecha": "2015-12-10T20:29:38.112",
        "horas_de_trabajo": 0,
        "descripcion": "Cambio de estado: Doing -> Done",
        "sprint": 9,
        "estado": 171,
        "flujo": 11
    },
    "model": "user_stories.tarea",
    "pk": 380
},
{
    "fields": {
        "user_story": 30,
        "tipo": "Cambio de Estado",
        "usuario": 11,
        "actividad": 32,
        "fecha": "2015-12-10T20:29:39.385",
        "horas_de_trabajo": 0,
        "descripcion": "Cambio de actividad: Actividad 1 -> Actividad 2",
        "sprint": 9,
        "estado": 172,
        "flujo": 11
    },
    "model": "user_stories.tarea",
    "pk": 381
},
{
    "fields": {
        "user_story": 30,
        "tipo": "Cambio de Estado",
        "usuario": 11,
        "actividad": 32,
        "fecha": "2015-12-10T20:29:40.637",
        "horas_de_trabajo": 0,
        "descripcion": "Cambio de estado: To do -> Doing",
        "sprint": 9,
        "estado": 173,
        "flujo": 11
    },
    "model": "user_stories.tarea",
    "pk": 382
},
{
    "fields": {
        "user_story": 30,
        "tipo": "Cambio de Estado",
        "usuario": 11,
        "actividad": 32,
        "fecha": "2015-12-10T20:29:41.793",
        "horas_de_trabajo": 0,
        "descripcion": "Cambio de estado: Doing -> Done",
        "sprint": 9,
        "estado": 174,
        "flujo": 11
    },
    "model": "user_stories.tarea",
    "pk": 383
},
{
    "fields": {
        "user_story": 30,
        "tipo": "Cambio de Estado",
        "usuario": 11,
        "actividad": 33,
        "fecha": "2015-12-10T20:29:42.941",
        "horas_de_trabajo": 0,
        "descripcion": "Cambio de actividad: Actividad 2 -> Actividad 3",
        "sprint": 9,
        "estado": 175,
        "flujo": 11
    },
    "model": "user_stories.tarea",
    "pk": 384
},
{
    "fields": {
        "user_story": 30,
        "tipo": "Cambio de Estado",
        "usuario": 11,
        "actividad": 33,
        "fecha": "2015-12-10T20:29:44.150",
        "horas_de_trabajo": 0,
        "descripcion": "Cambio de estado: To do -> Doing",
        "sprint": 9,
        "estado": 176,
        "flujo": 11
    },
    "model": "user_stories.tarea",
    "pk": 385
},
{
    "fields": {
        "user_story": 30,
        "tipo": "Cambio de Estado",
        "usuario": 11,
        "actividad": 33,
        "fecha": "2015-12-10T20:29:45.446",
        "horas_de_trabajo": 0,
        "descripcion": "Cambio de estado: Doing -> Done",
        "sprint": 9,
        "estado": 177,
        "flujo": 11
    },
    "model": "user_stories.tarea",
    "pk": 386
},
{
    "fields": {
        "user_story": 30,
        "tipo": "Cambio de Estado",
        "usuario": 11,
        "actividad": 33,
        "fecha": "2015-12-10T20:29:46.625",
        "horas_de_trabajo": 0,
        "descripcion": "Finalizar user story",
        "sprint": 9,
        "estado": 177,
        "flujo": 11
    },
    "model": "user_stories.tarea",
    "pk": 387
},
{
    "fields": {
        "user_story": 32,
        "tipo": "Cambio de Estado",
        "usuario": 11,
        "actividad": 31,
        "fecha": "2015-12-10T20:32:15.961",
        "horas_de_trabajo": 0,
        "descripcion": "Inicio en el kanban",
        "sprint": 10,
        "estado": 169,
        "flujo": 11
    },
    "model": "user_stories.tarea",
    "pk": 388
},
{
    "fields": {
        "user_story": 31,
        "tipo": "Cambio de Estado",
        "usuario": 11,
        "actividad": 31,
        "fecha": "2015-12-10T20:32:15.999",
        "horas_de_trabajo": 0,
        "descripcion": "Inicio en el kanban",
        "sprint": 10,
        "estado": 169,
        "flujo": 11
    },
    "model": "user_stories.tarea",
    "pk": 389
},
{
    "fields": {
        "user_story": 19,
        "fecha": "2015-12-11T19:22:35.371",
        "texto": "Nota 1",
        "usuario": 5
    },
    "model": "user_stories.nota",
    "pk": 35
},
{
    "fields": {
        "user_story": 19,
        "fecha": "2015-12-11T19:24:30.539",
        "texto": "Nota 2",
        "usuario": 5
    },
    "model": "user_stories.nota",
    "pk": 36
},
{
    "fields": {
        "user_story": 20,
        "fecha": "2015-12-11T19:27:50.521",
        "texto": "Nota 1",
        "usuario": 5
    },
    "model": "user_stories.nota",
    "pk": 37
},
{
    "fields": {
        "user_story": 20,
        "fecha": "2015-12-11T19:28:45.644",
        "texto": "Nota 2",
        "usuario": 5
    },
    "model": "user_stories.nota",
    "pk": 38
},
{
    "fields": {
        "user_story": 17,
        "fecha": "2015-12-11T19:33:08.749",
        "texto": "Nota 1",
        "usuario": 8
    },
    "model": "user_stories.nota",
    "pk": 39
},
{
    "fields": {
        "user_story": 18,
        "fecha": "2015-12-11T19:33:19.183",
        "texto": "Nota 1",
        "usuario": 8
    },
    "model": "user_stories.nota",
    "pk": 40
},
{
    "fields": {
        "user_story": 19,
        "fecha": "2015-12-11T20:25:06.437",
        "texto": "Aprobado",
        "usuario": 2
    },
    "model": "user_stories.nota",
    "pk": 41
},
{
    "fields": {
        "user_story": 20,
        "fecha": "2015-12-11T20:25:33.715",
        "texto": "Aprobado",
        "usuario": 2
    },
    "model": "user_stories.nota",
    "pk": 42
},
{
    "fields": {
        "user_story": 18,
        "fecha": "2015-12-11T20:25:40.260",
        "texto": "Aprobado",
        "usuario": 2
    },
    "model": "user_stories.nota",
    "pk": 43
},
{
    "fields": {
        "user_story": 17,
        "fecha": "2015-12-11T20:28:14.274",
        "texto": "Aprobado",
        "usuario": 2
    },
    "model": "user_stories.nota",
    "pk": 44
},
{
    "fields": {
        "user_story": 21,
        "fecha": "2015-12-07T21:56:43.472",
        "texto": "Nota 1",
        "usuario": 8
    },
    "model": "user_stories.nota",
    "pk": 45
},
{
    "fields": {
        "user_story": 22,
        "fecha": "2015-12-07T21:56:49.894",
        "texto": "Nota 1",
        "usuario": 8
    },
    "model": "user_stories.nota",
    "pk": 46
},
{
    "fields": {
        "user_story": 21,
        "fecha": "2015-12-08T22:58:58.685",
        "texto": "Nota 2",
        "usuario": 8
    },
    "model": "user_stories.nota",
    "pk": 47
},
{
    "fields": {
        "user_story": 22,
        "fecha": "2015-12-08T22:59:06.674",
        "texto": "Nota 2",
        "usuario": 8
    },
    "model": "user_stories.nota",
    "pk": 48
},
{
    "fields": {
        "user_story": 21,
        "fecha": "2015-12-11T03:05:03.396",
        "texto": "Aprobado",
        "usuario": 2
    },
    "model": "user_stories.nota",
    "pk": 49
},
{
    "fields": {
        "user_story": 22,
        "fecha": "2015-12-11T03:05:09.474",
        "texto": "Aprobado",
        "usuario": 2
    },
    "model": "user_stories.nota",
    "pk": 50
},
{
    "fields": {
        "user_story": 23,
        "fecha": "2015-12-11T09:10:15.112",
        "texto": "Aprobado",
        "usuario": 2
    },
    "model": "user_stories.nota",
    "pk": 51
},
{
    "fields": {
        "user_story": 24,
        "fecha": "2015-12-11T09:10:22.923",
        "texto": "Aprobado",
        "usuario": 2
    },
    "model": "user_stories.nota",
    "pk": 52
},
{
    "fields": {
        "user_story": 28,
        "fecha": "2015-11-10T17:41:28.948",
        "texto": "Nota",
        "usuario": 4
    },
    "model": "user_stories.nota",
    "pk": 53
},
{
    "fields": {
        "user_story": 28,
        "fecha": "2015-12-10T19:52:15.534",
        "texto": "Nota de aprobacion",
        "usuario": 4
    },
    "model": "user_stories.nota",
    "pk": 54
},
{
    "fields": {
        "user_story": 29,
        "fecha": "2015-12-10T20:15:09.768",
        "texto": "nta",
        "usuario": 4
    },
    "model": "user_stories.nota",
    "pk": 55
},
{
    "fields": {
        "action_flag": 2,
        "action_time": "2015-11-27T19:04:22.755",
        "object_repr": "P3",
        "object_id": "3",
        "change_message": "Modificado/a estado.",
        "user": 1,
        "content_type": 9
    },
    "model": "admin.logentry",
    "pk": 1
},
{
    "fields": {
        "action_flag": 3,
        "action_time": "2015-11-27T19:04:58.061",
        "object_repr": "Sprint 3",
        "object_id": "3",
        "change_message": "",
        "user": 1,
        "content_type": 26
    },
    "model": "admin.logentry",
    "pk": 2
},
{
    "fields": {
        "action_flag": 3,
        "action_time": "2015-11-27T19:04:58.084",
        "object_repr": "Sprint 2",
        "object_id": "2",
        "change_message": "",
        "user": 1,
        "content_type": 26
    },
    "model": "admin.logentry",
    "pk": 3
},
{
    "fields": {
        "action_flag": 3,
        "action_time": "2015-11-27T19:04:58.095",
        "object_repr": "Sprint 1",
        "object_id": "1",
        "change_message": "",
        "user": 1,
        "content_type": 26
    },
    "model": "admin.logentry",
    "pk": 4
},
{
    "fields": {
        "action_flag": 2,
        "action_time": "2015-11-27T19:18:27.353",
        "object_repr": "Sprint 1",
        "object_id": "4",
        "change_message": "Modificado/a fecha_inicio y fecha_fin.",
        "user": 1,
        "content_type": 26
    },
    "model": "admin.logentry",
    "pk": 5
},
{
    "fields": {
        "action_flag": 2,
        "action_time": "2015-11-27T20:39:46.649",
        "object_repr": "Sprint 1",
        "object_id": "4",
        "change_message": "Modificado/a fecha_fin.",
        "user": 1,
        "content_type": 26
    },
    "model": "admin.logentry",
    "pk": 6
},
{
    "fields": {
        "action_flag": 2,
        "action_time": "2015-11-27T20:46:48.486",
        "object_repr": "Sprint 1",
        "object_id": "4",
        "change_message": "Modificado/a fecha_fin.",
        "user": 1,
        "content_type": 26
    },
    "model": "admin.logentry",
    "pk": 7
},
{
    "fields": {
        "action_flag": 2,
        "action_time": "2015-11-23T21:50:16.980",
        "object_repr": "Sprint 2",
        "object_id": "5",
        "change_message": "Modificado/a fecha_inicio.",
        "user": 1,
        "content_type": 26
    },
    "model": "admin.logentry",
    "pk": 8
},
{
    "fields": {
        "action_flag": 2,
        "action_time": "2015-11-25T10:31:27.651",
        "object_repr": "Sprint 1 - I",
        "object_id": "6",
        "change_message": "No ha cambiado ning\u00fan campo.",
        "user": 1,
        "content_type": 26
    },
    "model": "admin.logentry",
    "pk": 9
},
{
    "fields": {
        "action_flag": 2,
        "action_time": "2015-11-25T10:38:23.484",
        "object_repr": "us1",
        "object_id": "17",
        "change_message": "Modificado/a valor_negocio.",
        "user": 1,
        "content_type": 18
    },
    "model": "admin.logentry",
    "pk": 10
},
{
    "fields": {
        "action_flag": 2,
        "action_time": "2015-11-25T10:38:31.724",
        "object_repr": "us2",
        "object_id": "18",
        "change_message": "Modificado/a valor_negocio.",
        "user": 1,
        "content_type": 18
    },
    "model": "admin.logentry",
    "pk": 11
},
{
    "fields": {
        "action_flag": 2,
        "action_time": "2015-11-25T10:38:39.944",
        "object_repr": "us3",
        "object_id": "19",
        "change_message": "Modificado/a valor_negocio.",
        "user": 1,
        "content_type": 18
    },
    "model": "admin.logentry",
    "pk": 12
},
{
    "fields": {
        "action_flag": 2,
        "action_time": "2015-11-25T10:38:47.018",
        "object_repr": "us5",
        "object_id": "21",
        "change_message": "Modificado/a valor_negocio.",
        "user": 1,
        "content_type": 18
    },
    "model": "admin.logentry",
    "pk": 13
},
{
    "fields": {
        "action_flag": 2,
        "action_time": "2015-11-25T10:38:56.956",
        "object_repr": "us4",
        "object_id": "20",
        "change_message": "Modificado/a valor_negocio.",
        "user": 1,
        "content_type": 18
    },
    "model": "admin.logentry",
    "pk": 14
},
{
    "fields": {
        "action_flag": 2,
        "action_time": "2015-11-25T10:39:04.824",
        "object_repr": "us6",
        "object_id": "22",
        "change_message": "Modificado/a valor_negocio.",
        "user": 1,
        "content_type": 18
    },
    "model": "admin.logentry",
    "pk": 15
},
{
    "fields": {
        "action_flag": 2,
        "action_time": "2015-11-25T10:39:11.741",
        "object_repr": "us7",
        "object_id": "23",
        "change_message": "Modificado/a valor_negocio.",
        "user": 1,
        "content_type": 18
    },
    "model": "admin.logentry",
    "pk": 16
},
{
    "fields": {
        "action_flag": 2,
        "action_time": "2015-11-25T10:39:18.251",
        "object_repr": "us8",
        "object_id": "24",
        "change_message": "Modificado/a valor_negocio.",
        "user": 1,
        "content_type": 18
    },
    "model": "admin.logentry",
    "pk": 17
},
{
    "fields": {
        "action_flag": 2,
        "action_time": "2015-11-27T12:31:49.822",
        "object_repr": "Sprint 1 - P",
        "object_id": "7",
        "change_message": "Modificado/a fecha_inicio y fecha_fin.",
        "user": 1,
        "content_type": 26
    },
    "model": "admin.logentry",
    "pk": 18
},
{
    "fields": {
        "action_flag": 2,
        "action_time": "2015-11-27T12:31:58.018",
        "object_repr": "Sprint 1 - P",
        "object_id": "7",
        "change_message": "Modificado/a duracion.",
        "user": 1,
        "content_type": 26
    },
    "model": "admin.logentry",
    "pk": 19
},
{
    "fields": {
        "action_flag": 2,
        "action_time": "2015-11-23T13:32:48.312",
        "object_repr": "RFil",
        "object_id": "4",
        "change_message": "Modificado/a email.",
        "user": 1,
        "content_type": 4
    },
    "model": "admin.logentry",
    "pk": 20
},
{
    "fields": {
        "action_flag": 2,
        "action_time": "2015-11-23T13:34:18.014",
        "object_repr": "CEst",
        "object_id": "5",
        "change_message": "Modificado/a email.",
        "user": 1,
        "content_type": 4
    },
    "model": "admin.logentry",
    "pk": 21
},
{
    "fields": {
        "action_flag": 2,
        "action_time": "2015-11-23T13:34:37.309",
        "object_repr": "PQui",
        "object_id": "11",
        "change_message": "Modificado/a email.",
        "user": 1,
        "content_type": 4
    },
    "model": "admin.logentry",
    "pk": 22
},
{
    "fields": {
        "action_flag": 2,
        "action_time": "2015-11-23T13:35:54.928",
        "object_repr": "Sprint 1 - P",
        "object_id": "7",
        "change_message": "Modificado/a estado.",
        "user": 1,
        "content_type": 26
    },
    "model": "admin.logentry",
    "pk": 23
}
]
